"","subject","time","outcome","y","cluster"
"1",1,0,1,-6.95330868485991,1
"2",1,0,2,1.10742532981366,1
"3",1,0,3,-12.5353122280937,1
"4",1,0,4,1.41780148006433,1
"5",1,0,5,0.322582072506694,1
"6",1,1.75160611502361,1,16.6234675259217,1
"7",1,1.75160611502361,2,6.79657232788546,1
"8",1,1.75160611502361,3,-1.25730196111904,1
"9",1,1.75160611502361,4,7.18627296128912,1
"10",1,1.75160611502361,5,-3.57577946348172,1
"11",1,4.1816586725181,1,22.8557167567709,1
"12",1,4.1816586725181,2,5.37304891467484,1
"13",1,4.1816586725181,3,3.27718598039924,1
"14",1,4.1816586725181,4,0.558230565356787,1
"15",1,4.1816586725181,5,-5.8998674732658,1
"16",1,4.67604057188146,1,24.5150537722788,1
"17",1,4.67604057188146,2,9.25901749205279,1
"18",1,4.67604057188146,3,7.15474552064616,1
"19",1,4.67604057188146,4,8.88854394836563,1
"20",1,4.67604057188146,5,1.80868454765478,1
"21",1,4.86244168272242,1,25.8101248741027,1
"22",1,4.86244168272242,2,15.1391795099577,1
"23",1,4.86244168272242,3,11.9401788849912,1
"24",1,4.86244168272242,4,11.9865609877665,1
"25",1,4.86244168272242,5,3.18474038088357,1
"26",1,4.96451987850014,1,33.3343982022343,1
"27",1,4.96451987850014,2,10.6528289787246,1
"28",1,4.96451987850014,3,8.40020686352621,1
"29",1,4.96451987850014,4,5.35395000031833,1
"30",1,4.96451987850014,5,-5.65296888508395,1
"31",1,7.28935216402169,1,26.5348974392158,1
"32",1,7.28935216402169,2,7.33544022473385,1
"33",1,7.28935216402169,3,13.2572329127537,1
"34",1,7.28935216402169,4,10.327338920452,1
"35",1,7.28935216402169,5,0.157541398408424,1
"36",1,7.5110793649219,1,22.1425693544587,1
"37",1,7.5110793649219,2,5.16298440446116,1
"38",1,7.5110793649219,3,0.107771478954797,1
"39",1,7.5110793649219,4,4.71044350064312,1
"40",1,7.5110793649219,5,-7.04888352485432,1
"41",1,9.24551559227984,1,15.5729930771169,1
"42",1,9.24551559227984,2,9.25635884735181,1
"43",1,9.24551559227984,3,1.31129502357203,1
"44",1,9.24551559227984,4,-3.41960169575851,1
"45",1,9.24551559227984,5,-10.3355633144637,1
"46",1,9.47755783703178,1,17.3953279699963,1
"47",1,9.47755783703178,2,4.17949642382751,1
"48",1,9.47755783703178,3,1.98916506476354,1
"49",1,9.47755783703178,4,3.84939391807502,1
"50",1,9.47755783703178,5,-12.1583906481621,1
"51",1,9.71676256647334,1,22.452217458242,1
"52",1,9.71676256647334,2,14.88399903831,1
"53",1,9.71676256647334,3,11.5736005194601,1
"54",1,9.71676256647334,4,9.1820108639466,1
"55",1,9.71676256647334,5,-4.45146030098506,1
"56",2,0,1,-9.05346309757712,1
"57",2,0,2,-7.45214868730415,1
"58",2,0,3,-12.6996582359409,1
"59",2,0,4,-1.28666721688063,1
"60",2,0,5,-1.39999338212452,1
"61",2,6.49519102135673,1,17.4830337922904,1
"62",2,6.49519102135673,2,-5.31481627181826,1
"63",2,6.49519102135673,3,4.70128052865751,1
"64",2,6.49519102135673,4,-0.581838090094946,1
"65",2,6.49519102135673,5,-11.9290870907733,1
"66",2,9.4195288188057,1,24.08695150696,1
"67",2,9.4195288188057,2,12.9639721415626,1
"68",2,9.4195288188057,3,12.6776491837276,1
"69",2,9.4195288188057,4,8.52113874996065,1
"70",2,9.4195288188057,5,-6.46669461138109,1
"71",2,10.4039349621162,1,21.4150965163668,1
"72",2,10.4039349621162,2,8.29394168905398,1
"73",2,10.4039349621162,3,14.1895786004945,1
"74",2,10.4039349621162,4,11.0666819438381,1
"75",2,10.4039349621162,5,1.18355124277652,1
"76",3,0,1,-3.47340940354861,1
"77",3,0,2,-9.02116978881835,1
"78",3,0,3,-14.7275824588389,1
"79",3,0,4,-4.550173975881,1
"80",3,0,5,-7.55320406081754,1
"81",3,1.26265969267115,1,11.1864133944408,1
"82",3,1.26265969267115,2,-2.91087165730242,1
"83",3,1.26265969267115,3,-0.486841318442614,1
"84",3,1.26265969267115,4,-1.39879035856267,1
"85",3,1.26265969267115,5,-1.73616417744236,1
"86",3,3.07348287466448,1,20.007793452186,1
"87",3,3.07348287466448,2,-4.22723165770486,1
"88",3,3.07348287466448,3,0.194433844789035,1
"89",3,3.07348287466448,4,-3.89628017535209,1
"90",3,3.07348287466448,5,-5.08469969223086,1
"91",3,5.975276166806,1,23.1334490483693,1
"92",3,5.975276166806,2,-0.742569299064239,1
"93",3,5.975276166806,3,14.4184709226874,1
"94",3,5.975276166806,4,7.9698135970988,1
"95",3,5.975276166806,5,-2.64679612360206,1
"96",3,6.37060329690576,1,13.8738958128804,1
"97",3,6.37060329690576,2,-7.57398313746325,1
"98",3,6.37060329690576,3,2.51139722064937,1
"99",3,6.37060329690576,4,-0.189561111556519,1
"100",3,6.37060329690576,5,-14.6278780521099,1
"101",3,7.84700080507901,1,26.7827401356419,1
"102",3,7.84700080507901,2,1.53552850484066,1
"103",3,7.84700080507901,3,9.87243327695344,1
"104",3,7.84700080507901,4,6.88384160772669,1
"105",3,7.84700080507901,5,-14.3873959807992,1
"106",3,8.20087071519811,1,24.1293841176846,1
"107",3,8.20087071519811,2,0.0795968306359363,1
"108",3,8.20087071519811,3,8.03658347455817,1
"109",3,8.20087071519811,4,7.18226293521869,1
"110",3,8.20087071519811,5,-8.01157329823539,1
"111",3,9.68343438615557,1,21.3230125384851,1
"112",3,9.68343438615557,2,7.15576237625317,1
"113",3,9.68343438615557,3,13.6284784049861,1
"114",3,9.68343438615557,4,12.2667613219999,1
"115",3,9.68343438615557,5,-7.10702454633843,1
"116",4,0,1,0.221241638748078,1
"117",4,0,2,-10.6097754309272,1
"118",4,0,3,-11.6295301019984,1
"119",4,0,4,-5.01199860018137,1
"120",4,0,5,-6.92982024142895,1
"121",4,0.567034830455668,1,6.35470558367514,1
"122",4,0.567034830455668,2,1.90707587901919,1
"123",4,0.567034830455668,3,-5.91621671801558,1
"124",4,0.567034830455668,4,2.38264542412735,1
"125",4,0.567034830455668,5,-1.21367011976294,1
"126",4,0.779322325019166,1,6.11284172859195,1
"127",4,0.779322325019166,2,-1.35778514804807,1
"128",4,0.779322325019166,3,-1.9852365482652,1
"129",4,0.779322325019166,4,4.71155857905781,1
"130",4,0.779322325019166,5,1.99469647898368,1
"131",4,7.97314271982759,1,23.5310875664701,1
"132",4,7.97314271982759,2,11.6132669788388,1
"133",4,7.97314271982759,3,11.5010690185647,1
"134",4,7.97314271982759,4,4.6216997778809,1
"135",4,7.97314271982759,5,-9.20321162554536,1
"136",4,9.37892232532613,1,19.3884836377673,1
"137",4,9.37892232532613,2,7.98142727175188,1
"138",4,9.37892232532613,3,11.3511944395703,1
"139",4,9.37892232532613,4,5.07559910036895,1
"140",4,9.37892232532613,5,-8.97905721079057,1
"141",5,0,1,4.26745679273201,1
"142",5,0,2,-0.33675643953903,1
"143",5,0,3,-12.7712445190592,1
"144",5,0,4,-1.06886698416525,1
"145",5,0,5,-2.1065324904745,1
"146",5,1.34891934075858,1,13.502457948032,1
"147",5,1.34891934075858,2,2.70055623000271,1
"148",5,1.34891934075858,3,-6.40916694745458,1
"149",5,1.34891934075858,4,-5.24774610970399,1
"150",5,1.34891934075858,5,-6.54397844906567,1
"151",5,1.64850909123197,1,16.0861287530613,1
"152",5,1.64850909123197,2,4.43194493069915,1
"153",5,1.64850909123197,3,3.99517325712296,1
"154",5,1.64850909123197,4,-2.03715657402335,1
"155",5,1.64850909123197,5,-3.18308791250276,1
"156",5,1.73569938866422,1,16.7573828250078,1
"157",5,1.73569938866422,2,0.758984037210901,1
"158",5,1.73569938866422,3,-2.68015941366428,1
"159",5,1.73569938866422,4,-6.68311824601333,1
"160",5,1.73569938866422,5,-5.07674929162346,1
"161",5,3.85420844506007,1,23.0205038954173,1
"162",5,3.85420844506007,2,5.75958335950757,1
"163",5,3.85420844506007,3,7.84666234687667,1
"164",5,3.85420844506007,4,-4.04763353629374,1
"165",5,3.85420844506007,5,-4.11162269346967,1
"166",5,4.47243559465278,1,22.4121751074292,1
"167",5,4.47243559465278,2,6.13943406691328,1
"168",5,4.47243559465278,3,11.4826489696964,1
"169",5,4.47243559465278,4,-6.10754014733957,1
"170",5,4.47243559465278,5,-7.24375731988567,1
"171",5,7.59954625205137,1,30.3854756722091,1
"172",5,7.59954625205137,2,11.6011326026161,1
"173",5,7.59954625205137,3,23.3598804388963,1
"174",5,7.59954625205137,4,4.08445446388339,1
"175",5,7.59954625205137,5,-4.09411411155377,1
"176",5,10.6076346063055,1,20.6452654105452,1
"177",5,10.6076346063055,2,9.53953636101797,1
"178",5,10.6076346063055,3,10.5869411999404,1
"179",5,10.6076346063055,4,4.64305719278614,1
"180",5,10.6076346063055,5,-6.42048400297166,1
"181",6,0,1,-6.41948509876904,1
"182",6,0,2,-15.4239903832793,1
"183",6,0,3,-19.0998426424016,1
"184",6,0,4,-5.57820513350519,1
"185",6,0,5,-0.40874267207805,1
"186",6,1.71958611754235,1,5.89522692591653,1
"187",6,1.71958611754235,2,-4.19197063848577,1
"188",6,1.71958611754235,3,-5.7068691775973,1
"189",6,1.71958611754235,4,-7.25870815554673,1
"190",6,1.71958611754235,5,-5.89899410424828,1
"191",6,2.21284655213822,1,14.5851244502331,1
"192",6,2.21284655213822,2,-6.02689558482977,1
"193",6,2.21284655213822,3,4.02100763778616,1
"194",6,2.21284655213822,4,-2.82448778360888,1
"195",6,2.21284655213822,5,0.732727771575648,1
"196",6,4.14100278099068,1,20.1484156677,1
"197",6,4.14100278099068,2,-2.41654819226705,1
"198",6,4.14100278099068,3,6.42054396963066,1
"199",6,4.14100278099068,4,3.69465323475091,1
"200",6,4.14100278099068,5,-4.83984494627931,1
"201",6,5.26127504988108,1,25.2310499410008,1
"202",6,5.26127504988108,2,-1.58938116785466,1
"203",6,5.26127504988108,3,8.14879956134243,1
"204",6,5.26127504988108,4,2.54445847868273,1
"205",6,5.26127504988108,5,-3.80162942728726,1
"206",6,6.64366936380975,1,26.3038638935446,1
"207",6,6.64366936380975,2,2.3647044528943,1
"208",6,6.64366936380975,3,12.9676386152876,1
"209",6,6.64366936380975,4,7.57071664300269,1
"210",6,6.64366936380975,5,-8.82356274957098,1
"211",6,7.89706630841829,1,23.6964482856024,1
"212",6,7.89706630841829,2,3.52322871862965,1
"213",6,7.89706630841829,3,20.6049187614264,1
"214",6,7.89706630841829,4,9.2096699386077,1
"215",6,7.89706630841829,5,-9.18174768161577,1
"216",6,8.57251768116839,1,21.8733443922748,1
"217",6,8.57251768116839,2,5.91601478194836,1
"218",6,8.57251768116839,3,14.5497676718415,1
"219",6,8.57251768116839,4,4.12910881364747,1
"220",6,8.57251768116839,5,-8.45890748739784,1
"221",6,10.2215295729693,1,21.8610545316955,1
"222",6,10.2215295729693,2,7.59899002253765,1
"223",6,10.2215295729693,3,10.2498706956196,1
"224",6,10.2215295729693,4,16.1967219720447,1
"225",6,10.2215295729693,5,-5.64829917903435,1
"226",6,10.4325330996653,1,20.4777396801345,1
"227",6,10.4325330996653,2,6.41291060219164,1
"228",6,10.4325330996653,3,8.01776355592222,1
"229",6,10.4325330996653,4,11.5450889341596,1
"230",6,10.4325330996653,5,-3.34080208301613,1
"231",7,0,1,-0.602522048098405,1
"232",7,0,2,-2.47366548847939,1
"233",7,0,3,-5.99876115681818,1
"234",7,0,4,-4.51446478470968,1
"235",7,0,5,-7.67993580295184,1
"236",7,3.99627969006542,1,17.6849739729664,1
"237",7,3.99627969006542,2,-1.38475066935689,1
"238",7,3.99627969006542,3,10.2891868753652,1
"239",7,3.99627969006542,4,2.9513909679075,1
"240",7,3.99627969006542,5,-11.7962808483585,1
"241",7,5.42441273608711,1,16.7925903229353,1
"242",7,5.42441273608711,2,0.593549667228336,1
"243",7,5.42441273608711,3,10.7568669109245,1
"244",7,5.42441273608711,4,4.29020818521855,1
"245",7,5.42441273608711,5,-12.3191370418666,1
"246",7,10.6371519616805,1,7.31447052474993,1
"247",7,10.6371519616805,2,2.45244386727854,1
"248",7,10.6371519616805,3,1.94931060183678,1
"249",7,10.6371519616805,4,3.28690678806434,1
"250",7,10.6371519616805,5,-25.4236939938947,1
"251",8,0,1,-7.05277423182812,1
"252",8,0,2,-7.27167774251637,1
"253",8,0,3,-9.46651578984987,1
"254",8,0,4,-2.91057134587821,1
"255",8,0,5,-7.11740661510268,1
"256",8,1.50562521093525,1,-0.366589362295684,1
"257",8,1.50562521093525,2,0.582751510111035,1
"258",8,1.50562521093525,3,-0.681837419815277,1
"259",8,1.50562521093525,4,3.37776685051143,1
"260",8,1.50562521093525,5,0.0203144515637144,1
"261",8,4.04533167043701,1,12.1943376775508,1
"262",8,4.04533167043701,2,5.78763303498612,1
"263",8,4.04533167043701,3,2.67849375555741,1
"264",8,4.04533167043701,4,5.16571869925277,1
"265",8,4.04533167043701,5,-8.16335755758828,1
"266",8,7.87054768542293,1,12.7884975590852,1
"267",8,7.87054768542293,2,0.656367399289408,1
"268",8,7.87054768542293,3,7.70348958152165,1
"269",8,7.87054768542293,4,5.49802438811281,1
"270",8,7.87054768542293,5,-15.0073337597316,1
"271",8,8.04592614236753,1,17.5348984136398,1
"272",8,8.04592614236753,2,-3.49365210808633,1
"273",8,8.04592614236753,3,2.41946674195059,1
"274",8,8.04592614236753,4,0.707374966614031,1
"275",8,8.04592614236753,5,-16.5019411063194,1
"276",9,0,1,-8.654964403793,1
"277",9,0,2,-5.23465218722959,1
"278",9,0,3,-11.248422196629,1
"279",9,0,4,0.822520712478875,1
"280",9,0,5,1.99672284873847,1
"281",9,1.0227967487881,1,7.39877749925902,1
"282",9,1.0227967487881,2,-5.24012788493397,1
"283",9,1.0227967487881,3,-1.5737353602736,1
"284",9,1.0227967487881,4,4.41103530329808,1
"285",9,1.0227967487881,5,5.98811758080283,1
"286",9,2.96152648970019,1,15.9259519406147,1
"287",9,2.96152648970019,2,4.26768811685591,1
"288",9,2.96152648970019,3,8.0287063698334,1
"289",9,2.96152648970019,4,3.08933033252116,1
"290",9,2.96152648970019,5,3.77765050554528,1
"291",9,3.80620974861085,1,28.4571754038466,1
"292",9,3.80620974861085,2,0.130267243132956,1
"293",9,3.80620974861085,3,4.96435944517585,1
"294",9,3.80620974861085,4,9.00632618507275,1
"295",9,3.80620974861085,5,1.24440398495997,1
"296",9,3.95834005798679,1,19.7951508469787,1
"297",9,3.95834005798679,2,-1.00069394804875,1
"298",9,3.95834005798679,3,3.32807540015581,1
"299",9,3.95834005798679,4,2.66193164115377,1
"300",9,3.95834005798679,5,-2.91903569675444,1
"301",9,5.14245722570922,1,20.6553364432255,1
"302",9,5.14245722570922,2,-3.52850876965956,1
"303",9,5.14245722570922,3,8.93624527003201,1
"304",9,5.14245722570922,4,-2.23876877151132,1
"305",9,5.14245722570922,5,-4.46093168338564,1
"306",9,5.71613369730767,1,17.8275583502269,1
"307",9,5.71613369730767,2,-4.26301255410461,1
"308",9,5.71613369730767,3,9.75629947008753,1
"309",9,5.71613369730767,4,1.97187481691343,1
"310",9,5.71613369730767,5,-14.9216450289053,1
"311",9,6.32334566896316,1,39.0534322939453,1
"312",9,6.32334566896316,2,10.4411945432492,1
"313",9,6.32334566896316,3,22.877853535513,1
"314",9,6.32334566896316,4,15.9004453765311,1
"315",9,6.32334566896316,5,3.70114252891427,1
"316",9,9.66853293427266,1,21.2921700974666,1
"317",9,9.66853293427266,2,5.10941816485457,1
"318",9,9.66853293427266,3,9.71942844538691,1
"319",9,9.66853293427266,4,16.6719265192651,1
"320",9,9.66853293427266,5,-6.85150421918468,1
"321",9,10.9049568431219,1,3.9785857132908,1
"322",9,10.9049568431219,2,-10.2290655038391,1
"323",9,10.9049568431219,3,-0.21730064212823,1
"324",9,10.9049568431219,4,-1.15009052380483,1
"325",9,10.9049568431219,5,-19.2886299033593,1
"326",10,0,1,5.44810345844751,1
"327",10,0,2,11.0622202659869,1
"328",10,0,3,-8.72334424287866,1
"329",10,0,4,-1.38622525113221,1
"330",10,0,5,6.099040784766,1
"331",10,0.573006148915738,1,5.59042841390792,1
"332",10,0.573006148915738,2,-0.774502241278913,1
"333",10,0.573006148915738,3,-7.00545936231391,1
"334",10,0.573006148915738,4,-4.18267357106453,1
"335",10,0.573006148915738,5,0.496013096364998,1
"336",10,1.49974630295765,1,7.70170326652696,1
"337",10,1.49974630295765,2,1.29774074029865,1
"338",10,1.49974630295765,3,-6.41046790276472,1
"339",10,1.49974630295765,4,-12.7079162217134,1
"340",10,1.49974630295765,5,-8.08226550356609,1
"341",10,5.75315607222728,1,23.3598243781895,1
"342",10,5.75315607222728,2,10.8473672302545,1
"343",10,5.75315607222728,3,8.75918062049161,1
"344",10,5.75315607222728,4,1.33110475391975,1
"345",10,5.75315607222728,5,-4.77093624522449,1
"346",10,7.63236972934101,1,30.3492807255214,1
"347",10,7.63236972934101,2,11.6073853289556,1
"348",10,7.63236972934101,3,15.9172720924371,1
"349",10,7.63236972934101,4,1.63561164378924,1
"350",10,7.63236972934101,5,-5.04572762667335,1
"351",10,8.69793928065337,1,29.4717973830291,1
"352",10,8.69793928065337,2,12.394071346131,1
"353",10,8.69793928065337,3,15.4528766392218,1
"354",10,8.69793928065337,4,3.37227225096455,1
"355",10,8.69793928065337,5,-3.67439049898924,1
"356",11,0,1,0.922843260627278,1
"357",11,0,2,3.16816310647161,1
"358",11,0,3,-11.5983909950699,1
"359",11,0,4,-0.483867077392113,1
"360",11,0,5,0.707878704407382,1
"361",11,1.73257727362216,1,12.1217909617515,1
"362",11,1.73257727362216,2,3.46540225715192,1
"363",11,1.73257727362216,3,5.40320107841893,1
"364",11,1.73257727362216,4,6.70842293710883,1
"365",11,1.73257727362216,5,-1.2278986478038,1
"366",11,3.16866027854849,1,22.0810294412274,1
"367",11,3.16866027854849,2,1.56662585966457,1
"368",11,3.16866027854849,3,6.17485953656553,1
"369",11,3.16866027854849,4,6.50175552403603,1
"370",11,3.16866027854849,5,-4.03555420764054,1
"371",11,4.86328879592475,1,19.61292516679,1
"372",11,4.86328879592475,2,0.832436560717707,1
"373",11,4.86328879592475,3,2.45483955304151,1
"374",11,4.86328879592475,4,3.84097223015852,1
"375",11,4.86328879592475,5,-8.39097399341724,1
"376",11,4.94574303901754,1,25.1152477596379,1
"377",11,4.94574303901754,2,2.11678410333391,1
"378",11,4.94574303901754,3,6.4666567426697,1
"379",11,4.94574303901754,4,1.2682632213369,1
"380",11,4.94574303901754,5,-11.5720614271285,1
"381",11,8.01126899663359,1,24.0036231487142,1
"382",11,8.01126899663359,2,10.274769609547,1
"383",11,8.01126899663359,3,10.9407313997546,1
"384",11,8.01126899663359,4,13.0070218645637,1
"385",11,8.01126899663359,5,-2.20086709464433,1
"386",11,8.54558187373914,1,22.0054888060859,1
"387",11,8.54558187373914,2,6.69039959202097,1
"388",11,8.54558187373914,3,11.7205072604161,1
"389",11,8.54558187373914,4,3.03127646231823,1
"390",11,8.54558187373914,5,-12.6577773317615,1
"391",12,0,1,1.87341713645751,1
"392",12,0,2,1.18817191773612,1
"393",12,0,3,-6.18325318884431,1
"394",12,0,4,-1.33251705057357,1
"395",12,0,5,4.69117776702431,1
"396",12,1.29351249930914,1,8.6545232829177,1
"397",12,1.29351249930914,2,-2.1281881271227,1
"398",12,1.29351249930914,3,4.02537837228595,1
"399",12,1.29351249930914,4,-0.603846288517793,1
"400",12,1.29351249930914,5,-1.82433335509224,1
"401",12,2.91419068688992,1,22.2280718090008,1
"402",12,2.91419068688992,2,8.10945056298506,1
"403",12,2.91419068688992,3,9.76813091345945,1
"404",12,2.91419068688992,4,5.95768117068059,1
"405",12,2.91419068688992,5,6.28579209462774,1
"406",12,6.9405712087173,1,33.1537641870126,1
"407",12,6.9405712087173,2,6.17139151880993,1
"408",12,6.9405712087173,3,23.5151468562293,1
"409",12,6.9405712087173,4,5.25702887480027,1
"410",12,6.9405712087173,5,0.648370276804962,1
"411",12,7.71858072013129,1,23.693561647248,1
"412",12,7.71858072013129,2,7.37322923436536,1
"413",12,7.71858072013129,3,21.0869046915225,1
"414",12,7.71858072013129,4,10.6072529372612,1
"415",12,7.71858072013129,5,-2.95542186142128,1
"416",12,9.26526602264494,1,23.6033026402382,1
"417",12,9.26526602264494,2,10.219503181892,1
"418",12,9.26526602264494,3,18.8463059978196,1
"419",12,9.26526602264494,4,7.05490551914823,1
"420",12,9.26526602264494,5,-3.84656895954957,1
"421",12,9.48795589874499,1,12.7030869954997,1
"422",12,9.48795589874499,2,-4.6536587301964,1
"423",12,9.48795589874499,3,1.21039199267195,1
"424",12,9.48795589874499,4,-7.47077154221874,1
"425",12,9.48795589874499,5,-21.8385440900719,1
"426",12,9.54996273352299,1,27.06466047869,1
"427",12,9.54996273352299,2,11.3223027963553,1
"428",12,9.54996273352299,3,18.0629839755614,1
"429",12,9.54996273352299,4,9.97667247081553,1
"430",12,9.54996273352299,5,-7.7088342980819,1
"431",12,10.9324761249591,1,7.92033682377736,1
"432",12,10.9324761249591,2,7.38978104771696,1
"433",12,10.9324761249591,3,5.77441007291765,1
"434",12,10.9324761249591,4,4.37028625259059,1
"435",12,10.9324761249591,5,-16.906389672558,1
"436",13,0,1,1.44214241701642,1
"437",13,0,2,0.0754952015116133,1
"438",13,0,3,-13.2448091448516,1
"439",13,0,4,-5.11047627137508,1
"440",13,0,5,3.33928944731753,1
"441",13,4.5952374645276,1,27.9518021951665,1
"442",13,4.5952374645276,2,8.84281513422073,1
"443",13,4.5952374645276,3,9.19587368238448,1
"444",13,4.5952374645276,4,5.99401656427496,1
"445",13,4.5952374645276,5,-2.63077498947065,1
"446",13,4.99927222169936,1,22.938836463679,1
"447",13,4.99927222169936,2,5.32736963868496,1
"448",13,4.99927222169936,3,5.00946743057805,1
"449",13,4.99927222169936,4,3.10148681126608,1
"450",13,4.99927222169936,5,-11.5596063610047,1
"451",13,7.7598026136402,1,21.6479405451622,1
"452",13,7.7598026136402,2,-0.0723041073338117,1
"453",13,7.7598026136402,3,2.99393272529201,1
"454",13,7.7598026136402,4,-1.58923308969479,1
"455",13,7.7598026136402,5,-11.032236484971,1
"456",13,10.5052537564188,1,12.3257046450558,1
"457",13,10.5052537564188,2,-2.73891068659983,1
"458",13,10.5052537564188,3,-3.26849659815583,1
"459",13,10.5052537564188,4,-1.29350948504323,1
"460",13,10.5052537564188,5,-22.5557371180103,1
"461",13,10.9023867315846,1,2.70479310531315,1
"462",13,10.9023867315846,2,-7.19365622950654,1
"463",13,10.9023867315846,3,-11.6241503269644,1
"464",13,10.9023867315846,4,-8.77898417128135,1
"465",13,10.9023867315846,5,-25.5794579202507,1
"466",14,0,1,-10.1350896060551,1
"467",14,0,2,-18.0211704255784,1
"468",14,0,3,-22.7750736735768,1
"469",14,0,4,-1.98359432657346,1
"470",14,0,5,4.48671561541258,1
"471",14,5.11458906496409,1,19.3260412414216,1
"472",14,5.11458906496409,2,-4.09948655996048,1
"473",14,5.11458906496409,3,5.41007815890198,1
"474",14,5.11458906496409,4,3.66557243812884,1
"475",14,5.11458906496409,5,-1.2115236051482,1
"476",14,5.84033634874504,1,15.2255551087076,1
"477",14,5.84033634874504,2,-4.10503305449589,1
"478",14,5.84033634874504,3,10.3237531574315,1
"479",14,5.84033634874504,4,3.06007906319551,1
"480",14,5.84033634874504,5,-8.20890497298335,1
"481",14,6.37421342730522,1,24.6892198064533,1
"482",14,6.37421342730522,2,-3.241532068756,1
"483",14,6.37421342730522,3,11.5309933645142,1
"484",14,6.37421342730522,4,3.45030035464127,1
"485",14,6.37421342730522,5,-8.65565949717945,1
"486",14,7.22728393983562,1,19.9052920319656,1
"487",14,7.22728393983562,2,-4.43248539699109,1
"488",14,7.22728393983562,3,16.9025084346646,1
"489",14,7.22728393983562,4,7.11846573209448,1
"490",14,7.22728393983562,5,-6.1105346585031,1
"491",15,0,1,6.74388532098603,1
"492",15,0,2,0.291459879392594,1
"493",15,0,3,-4.8168436733951,1
"494",15,0,4,-2.85653229149872,1
"495",15,0,5,5.51461989555357,1
"496",15,1.21250051492825,1,0.835410245196133,1
"497",15,1.21250051492825,2,-3.35966003844191,1
"498",15,1.21250051492825,3,-5.33866039470476,1
"499",15,1.21250051492825,4,-3.11547015321645,1
"500",15,1.21250051492825,5,3.93370610457034,1
"501",15,1.31444201653358,1,5.54499864460212,1
"502",15,1.31444201653358,2,2.49805527842121,1
"503",15,1.31444201653358,3,-3.58462329475576,1
"504",15,1.31444201653358,4,-0.99541056973282,1
"505",15,1.31444201653358,5,5.80279775037726,1
"506",15,5.17254401545506,1,28.0795757959998,1
"507",15,5.17254401545506,2,-1.00048536881487,1
"508",15,5.17254401545506,3,7.48322130679104,1
"509",15,5.17254401545506,4,-1.50712536059866,1
"510",15,5.17254401545506,5,2.57115052749521,1
"511",15,5.9076223205775,1,37.3755936661241,1
"512",15,5.9076223205775,2,8.77615470427495,1
"513",15,5.9076223205775,3,19.0235698163905,1
"514",15,5.9076223205775,4,3.341008559055,1
"515",15,5.9076223205775,5,2.63384630846226,1
"516",15,7.62062715867069,1,39.137685331789,1
"517",15,7.62062715867069,2,20.5115266380567,1
"518",15,7.62062715867069,3,28.5267336533495,1
"519",15,7.62062715867069,4,12.3210535176512,1
"520",15,7.62062715867069,5,8.93367010622568,1
"521",15,7.80203782720491,1,23.7392886146224,1
"522",15,7.80203782720491,2,2.05980577194486,1
"523",15,7.80203782720491,3,19.9572632725116,1
"524",15,7.80203782720491,4,4.67327555152688,1
"525",15,7.80203782720491,5,-1.55072822583262,1
"526",15,8.18829107424244,1,31.1640263664906,1
"527",15,8.18829107424244,2,7.98840603088845,1
"528",15,8.18829107424244,3,12.8310500392418,1
"529",15,8.18829107424244,4,2.84998442666257,1
"530",15,8.18829107424244,5,-3.87929244904725,1
"531",16,0,1,1.52398452081116,1
"532",16,0,2,5.64179561336345,1
"533",16,0,3,-7.16719845287521,1
"534",16,0,4,4.53384918472978,1
"535",16,0,5,-3.97535716928068,1
"536",16,0.878402397152968,1,4.44316718970205,1
"537",16,0.878402397152968,2,5.99106237809198,1
"538",16,0.878402397152968,3,3.31369873446156,1
"539",16,0.878402397152968,4,3.34844187274858,1
"540",16,0.878402397152968,5,-3.67940451284528,1
"541",16,6.19709088630043,1,22.9019485171481,1
"542",16,6.19709088630043,2,5.34899073558575,1
"543",16,6.19709088630043,3,12.6202534231424,1
"544",16,6.19709088630043,4,0.403321811233035,1
"545",16,6.19709088630043,5,-14.8797811989291,1
"546",16,7.78176572744269,1,32.767593298867,1
"547",16,7.78176572744269,2,20.7819122115526,1
"548",16,7.78176572744269,3,26.2506399514726,1
"549",16,7.78176572744269,4,13.0539010386553,1
"550",16,7.78176572744269,5,-2.62788107684313,1
"551",17,0,1,-8.55586675484898,1
"552",17,0,2,4.43097557362185,1
"553",17,0,3,-6.16490076024854,1
"554",17,0,4,5.06779400450845,1
"555",17,0,5,9.06665833783231,1
"556",17,1.41000257676933,1,6.65976893980929,1
"557",17,1.41000257676933,2,-0.244037887098023,1
"558",17,1.41000257676933,3,-3.50779330984974,1
"559",17,1.41000257676933,4,6.76805580264339,1
"560",17,1.41000257676933,5,3.35039715058427,1
"561",17,5.32336644513998,1,22.8644442294059,1
"562",17,5.32336644513998,2,9.6514318571826,1
"563",17,5.32336644513998,3,16.6189407719005,1
"564",17,5.32336644513998,4,4.904153217416,1
"565",17,5.32336644513998,5,-3.76309370644759,1
"566",17,9.27750202128664,1,11.7958023302953,1
"567",17,9.27750202128664,2,8.83046208062623,1
"568",17,9.27750202128664,3,5.77345022705161,1
"569",17,9.27750202128664,4,7.75663866847652,1
"570",17,9.27750202128664,5,-6.21860661672196,1
"571",17,9.85511822800618,1,13.3127445599192,1
"572",17,9.85511822800618,2,14.5653484936357,1
"573",17,9.85511822800618,3,16.3014381509117,1
"574",17,9.85511822800618,4,8.94277390673109,1
"575",17,9.85511822800618,5,-4.30934637164688,1
"576",17,10.887915990781,1,12.4252246272708,1
"577",17,10.887915990781,2,15.7725834313415,1
"578",17,10.887915990781,3,18.6169332119214,1
"579",17,10.887915990781,4,15.7824103225582,1
"580",17,10.887915990781,5,-1.92072243578806,1
"581",18,0,1,4.78910728051139,1
"582",18,0,2,5.32839380775595,1
"583",18,0,3,-5.48071754327266,1
"584",18,0,4,5.07175258758813,1
"585",18,0,5,1.69666235556436,1
"586",18,2.742316711694,1,21.7664009654214,1
"587",18,2.742316711694,2,13.81992310161,1
"588",18,2.742316711694,3,3.77325283208706,1
"589",18,2.742316711694,4,8.82563712070256,1
"590",18,2.742316711694,5,3.86234901707358,1
"591",18,3.5959756980883,1,17.2095413571333,1
"592",18,3.5959756980883,2,8.08308540457008,1
"593",18,3.5959756980883,3,1.70532670794859,1
"594",18,3.5959756980883,4,4.05508251650603,1
"595",18,3.5959756980883,5,-4.93736727528176,1
"596",18,6.93787246325519,1,21.7860550218539,1
"597",18,6.93787246325519,2,6.81194999332079,1
"598",18,6.93787246325519,3,6.67202725205222,1
"599",18,6.93787246325519,4,1.29394151142692,1
"600",18,6.93787246325519,5,-11.141392808379,1
"601",18,8.18066657870077,1,26.3097021222941,1
"602",18,8.18066657870077,2,11.4936736148838,1
"603",18,8.18066657870077,3,10.2018822904787,1
"604",18,8.18066657870077,4,6.02495222963112,1
"605",18,8.18066657870077,5,-9.53194524182742,1
"606",18,8.76286992931273,1,18.0804990699677,1
"607",18,8.76286992931273,2,2.83379580186173,1
"608",18,8.76286992931273,3,5.89048766992634,1
"609",18,8.76286992931273,4,1.61183213590735,1
"610",18,8.76286992931273,5,-7.1156586491788,1
"611",18,9.90525796287693,1,25.1326433009239,1
"612",18,9.90525796287693,2,22.4019081467953,1
"613",18,9.90525796287693,3,21.2313401919293,1
"614",18,9.90525796287693,4,19.4215347812717,1
"615",18,9.90525796287693,5,0.161667812849228,1
"616",18,10.0686787331942,1,26.986276073357,1
"617",18,10.0686787331942,2,18.5767835562351,1
"618",18,10.0686787331942,3,25.6058280672022,1
"619",18,10.0686787331942,4,22.4570298721144,1
"620",18,10.0686787331942,5,2.75064180445699,1
"621",19,0,1,-2.11216281132306,1
"622",19,0,2,-4.0021182052905,1
"623",19,0,3,-10.5756696042354,1
"624",19,0,4,-1.93096536578188,1
"625",19,0,5,-5.68453087023706,1
"626",19,0.62468784803059,1,3.39386866199447,1
"627",19,0.62468784803059,2,-5.68750745636689,1
"628",19,0.62468784803059,3,0.739199341111008,1
"629",19,0.62468784803059,4,1.42896922874026,1
"630",19,0.62468784803059,5,-4.83474927034562,1
"631",19,1.68942265643273,1,14.9507035904419,1
"632",19,1.68942265643273,2,-2.66346693372223,1
"633",19,1.68942265643273,3,2.6895459534894,1
"634",19,1.68942265643273,4,-1.56059997703625,1
"635",19,1.68942265643273,5,-6.96850826668173,1
"636",19,1.85171346901916,1,16.1390777880922,1
"637",19,1.85171346901916,2,3.36760585851175,1
"638",19,1.85171346901916,3,4.95803067921256,1
"639",19,1.85171346901916,4,-0.419485964543546,1
"640",19,1.85171346901916,5,-2.37039888534124,1
"641",19,3.06621627416462,1,20.1960642450597,1
"642",19,3.06621627416462,2,4.7472667688066,1
"643",19,3.06621627416462,3,8.37475427235315,1
"644",19,3.06621627416462,4,2.89218926306151,1
"645",19,3.06621627416462,5,-9.27795146671339,1
"646",19,3.1933419033885,1,22.3988062804961,1
"647",19,3.1933419033885,2,1.00539345164057,1
"648",19,3.1933419033885,3,4.47778970880164,1
"649",19,3.1933419033885,4,9.34080384412874,1
"650",19,3.1933419033885,5,-10.102767390165,1
"651",19,3.63755118637346,1,29.575917471886,1
"652",19,3.63755118637346,2,9.05118820249136,1
"653",19,3.63755118637346,3,8.30957526128476,1
"654",19,3.63755118637346,4,3.78863441180926,1
"655",19,3.63755118637346,5,-2.52733967232343,1
"656",19,5.52328712155577,1,30.0906999773471,1
"657",19,5.52328712155577,2,0.668335339593698,1
"658",19,5.52328712155577,3,14.529438649427,1
"659",19,5.52328712155577,4,4.73622992637489,1
"660",19,5.52328712155577,5,-6.29755488068092,1
"661",19,6.2255000321893,1,26.9176916366263,1
"662",19,6.2255000321893,2,2.01242756773597,1
"663",19,6.2255000321893,3,8.89411695949128,1
"664",19,6.2255000321893,4,-1.50817918044416,1
"665",19,6.2255000321893,5,-10.4007036316004,1
"666",19,8.59994020336308,1,29.6611896903528,1
"667",19,8.59994020336308,2,3.84368515877738,1
"668",19,8.59994020336308,3,15.3201217130414,1
"669",19,8.59994020336308,4,7.67465920825647,1
"670",19,8.59994020336308,5,-9.76630888608401,1
"671",19,10.2493740688078,1,25.1207807672184,1
"672",19,10.2493740688078,2,8.73058063926013,1
"673",19,10.2493740688078,3,11.4000488572996,1
"674",19,10.2493740688078,4,9.07552363727895,1
"675",19,10.2493740688078,5,-12.2168678145658,1
"676",20,0,1,4.44006100675355,1
"677",20,0,2,1.6130527591359,1
"678",20,0,3,-13.7146519651009,1
"679",20,0,4,2.35359167091265,1
"680",20,0,5,-3.99768861165397,1
"681",20,0.998623780091293,1,0.587353659870097,1
"682",20,0.998623780091293,2,-0.730321356083333,1
"683",20,0.998623780091293,3,-10.4724090261097,1
"684",20,0.998623780091293,4,0.270151190558792,1
"685",20,0.998623780091293,5,-7.26529099607016,1
"686",20,2.1263977070339,1,13.3654089723153,1
"687",20,2.1263977070339,2,7.87686805759085,1
"688",20,2.1263977070339,3,-0.660681977772191,1
"689",20,2.1263977070339,4,2.49511705228536,1
"690",20,2.1263977070339,5,-5.30399140669337,1
"691",20,5.02466961462051,1,26.094378313296,1
"692",20,5.02466961462051,2,5.68596066327715,1
"693",20,5.02466961462051,3,12.5764380015576,1
"694",20,5.02466961462051,4,6.78006384788095,1
"695",20,5.02466961462051,5,-7.55485837650285,1
"696",20,5.88008285267279,1,32.0540141160322,1
"697",20,5.88008285267279,2,6.65367959485258,1
"698",20,5.88008285267279,3,11.030664110674,1
"699",20,5.88008285267279,4,6.66556039335732,1
"700",20,5.88008285267279,5,-10.1486955744362,1
"701",20,6.15115626598708,1,27.5551577952675,1
"702",20,6.15115626598708,2,10.3462744271711,1
"703",20,6.15115626598708,3,9.2693400218293,1
"704",20,6.15115626598708,4,6.14541856714606,1
"705",20,6.15115626598708,5,-10.4914834745539,1
"706",20,6.91091459954623,1,34.7852118660554,1
"707",20,6.91091459954623,2,8.81503789187321,1
"708",20,6.91091459954623,3,11.0022922376722,1
"709",20,6.91091459954623,4,12.6013876217358,1
"710",20,6.91091459954623,5,-8.01073576372253,1
"711",20,7.52998680633027,1,25.5291266777188,1
"712",20,7.52998680633027,2,11.0261557470202,1
"713",20,7.52998680633027,3,7.55475880058635,1
"714",20,7.52998680633027,4,5.20679728878851,1
"715",20,7.52998680633027,5,-11.4288061238536,1
"716",20,7.98049675335642,1,19.5832606000114,1
"717",20,7.98049675335642,2,12.0569401993017,1
"718",20,7.98049675335642,3,2.99507759703267,1
"719",20,7.98049675335642,4,5.39670643886993,1
"720",20,7.98049675335642,5,-15.8818485985731,1
"721",20,8.32338904135395,1,40.9158116652678,1
"722",20,8.32338904135395,2,18.5467710411013,1
"723",20,8.32338904135395,3,23.0093620309468,1
"724",20,8.32338904135395,4,17.1520440971446,1
"725",20,8.32338904135395,5,-6.25187717978438,1
"726",20,8.99165475834161,1,30.0239396755941,1
"727",20,8.99165475834161,2,15.9518077566999,1
"728",20,8.99165475834161,3,16.9336156249489,1
"729",20,8.99165475834161,4,19.7322681992746,1
"730",20,8.99165475834161,5,-4.84364240391395,1
"731",21,0,1,-2.72945186024189,1
"732",21,0,2,9.89248629194198,1
"733",21,0,3,-17.7544502615804,1
"734",21,0,4,-0.98427884876148,1
"735",21,0,5,-0.016084077358766,1
"736",21,0.509184873430058,1,-0.912182450529646,1
"737",21,0.509184873430058,2,2.73079875854029,1
"738",21,0.509184873430058,3,-13.9036220364412,1
"739",21,0.509184873430058,4,-6.09674568639859,1
"740",21,0.509184873430058,5,-6.55079891226218,1
"741",21,1.50886055815499,1,9.10207844314483,1
"742",21,1.50886055815499,2,11.3920256330066,1
"743",21,1.50886055815499,3,0.428449574245029,1
"744",21,1.50886055815499,4,6.6365515260359,1
"745",21,1.50886055815499,5,3.84590041007479,1
"746",21,3.50633096357342,1,20.8217816340332,1
"747",21,3.50633096357342,2,1.78856498331449,1
"748",21,3.50633096357342,3,-0.930557614889656,1
"749",21,3.50633096357342,4,-0.876285971469145,1
"750",21,3.50633096357342,5,-7.08741689271097,1
"751",21,4.26108159509022,1,16.8788981870142,1
"752",21,4.26108159509022,2,12.041298583958,1
"753",21,4.26108159509022,3,3.32875223749081,1
"754",21,4.26108159509022,4,1.4647619967154,1
"755",21,4.26108159509022,5,-9.30413485486474,1
"756",21,5.40833407244645,1,24.7566106281029,1
"757",21,5.40833407244645,2,5.62832281843287,1
"758",21,5.40833407244645,3,18.1813667104725,1
"759",21,5.40833407244645,4,4.35747909716549,1
"760",21,5.40833407244645,5,-1.12076155412511,1
"761",21,5.43722668651026,1,16.1227754339967,1
"762",21,5.43722668651026,2,0.58278259277931,1
"763",21,5.43722668651026,3,0.907315843887452,1
"764",21,5.43722668651026,4,-1.61241258770464,1
"765",21,5.43722668651026,5,-13.7971803738819,1
"766",21,7.59268082305789,1,29.7408566811885,1
"767",21,7.59268082305789,2,5.05159594338932,1
"768",21,7.59268082305789,3,5.5574492832914,1
"769",21,7.59268082305789,4,1.92924453423472,1
"770",21,7.59268082305789,5,-5.47265846324786,1
"771",21,8.54510816000402,1,22.571597100808,1
"772",21,8.54510816000402,2,7.01200626182832,1
"773",21,8.54510816000402,3,5.24105160802568,1
"774",21,8.54510816000402,4,7.59541820952969,1
"775",21,8.54510816000402,5,-13.8237432754098,1
"776",21,8.90812797425315,1,21.1130396745044,1
"777",21,8.90812797425315,2,13.054168985644,1
"778",21,8.90812797425315,3,11.1291280734655,1
"779",21,8.90812797425315,4,8.95818440573934,1
"780",21,8.90812797425315,5,-9.32280119570305,1
"781",21,9.50165947852656,1,21.4534294342889,1
"782",21,9.50165947852656,2,7.06217814380914,1
"783",21,9.50165947852656,3,3.83714913505798,1
"784",21,9.50165947852656,4,-0.0266300665097385,1
"785",21,9.50165947852656,5,-15.7618965907425,1
"786",22,0,1,-3.75880818386459,1
"787",22,0,2,2.97533967566701,1
"788",22,0,3,-12.4645743354302,1
"789",22,0,4,-1.76406867452397,1
"790",22,0,5,1.81407392485159,1
"791",22,2.11401171982288,1,6.28852593179713,1
"792",22,2.11401171982288,2,0.560058033650578,1
"793",22,2.11401171982288,3,-2.76173290820796,1
"794",22,2.11401171982288,4,-0.528204802117197,1
"795",22,2.11401171982288,5,-5.32335722386413,1
"796",22,3.97849842684809,1,20.2316180571719,1
"797",22,3.97849842684809,2,5.11701448429164,1
"798",22,3.97849842684809,3,8.82237708727455,1
"799",22,3.97849842684809,4,4.21084496860444,1
"800",22,3.97849842684809,5,-7.73911032024971,1
"801",22,6.19734969676938,1,17.845721066456,1
"802",22,6.19734969676938,2,-1.19444168640093,1
"803",22,6.19734969676938,3,11.0429142518084,1
"804",22,6.19734969676938,4,9.05754386635472,1
"805",22,6.19734969676938,5,-11.3977542926965,1
"806",22,9.26211749727372,1,22.5880178638986,1
"807",22,9.26211749727372,2,10.3111645151915,1
"808",22,9.26211749727372,3,16.4607570529156,1
"809",22,9.26211749727372,4,12.6253691709264,1
"810",22,9.26211749727372,5,-12.4316461658366,1
"811",23,0,1,-2.5620659419353,1
"812",23,0,2,-4.2103102435033,1
"813",23,0,3,-12.7720372193539,1
"814",23,0,4,1.04173890665273,1
"815",23,0,5,0.733516880162749,1
"816",23,0.604005658417009,1,1.23791996251864,1
"817",23,0.604005658417009,2,2.43267185524746,1
"818",23,0.604005658417009,3,-9.16494153418315,1
"819",23,0.604005658417009,4,2.82024951809176,1
"820",23,0.604005658417009,5,-1.57306459338769,1
"821",23,2.71350877545774,1,19.7641621195291,1
"822",23,2.71350877545774,2,8.31470510192498,1
"823",23,2.71350877545774,3,1.70926340906832,1
"824",23,2.71350877545774,4,9.34169564294276,1
"825",23,2.71350877545774,5,-3.07218897096708,1
"826",23,3.16051061765756,1,30.4309172927749,1
"827",23,3.16051061765756,2,7.21877794118729,1
"828",23,3.16051061765756,3,2.81844670543169,1
"829",23,3.16051061765756,4,9.16479154207675,1
"830",23,3.16051061765756,5,0.15317983134317,1
"831",23,5.54967159044463,1,24.2754400223605,1
"832",23,5.54967159044463,2,2.28722465206495,1
"833",23,5.54967159044463,3,4.35163492403318,1
"834",23,5.54967159044463,4,1.02242269324317,1
"835",23,5.54967159044463,5,-14.783884108367,1
"836",23,5.89665142388549,1,32.2661629550993,1
"837",23,5.89665142388549,2,12.3133123861812,1
"838",23,5.89665142388549,3,9.63305230591331,1
"839",23,5.89665142388549,4,5.88186480184868,1
"840",23,5.89665142388549,5,-8.66270855452781,1
"841",23,6.54702128376812,1,21.4496851009542,1
"842",23,6.54702128376812,2,16.4649330176907,1
"843",23,6.54702128376812,3,9.4238104053006,1
"844",23,6.54702128376812,4,10.0179787182693,1
"845",23,6.54702128376812,5,-8.44430047178725,1
"846",23,6.85835474904161,1,23.8741149862302,1
"847",23,6.85835474904161,2,4.38077903286954,1
"848",23,6.85835474904161,3,6.32753981369053,1
"849",23,6.85835474904161,4,4.83867396433043,1
"850",23,6.85835474904161,5,-9.86736819352998,1
"851",23,9.02788161102217,1,20.0936511522321,1
"852",23,9.02788161102217,2,7.48869285058733,1
"853",23,9.02788161102217,3,6.22839148738165,1
"854",23,9.02788161102217,4,8.50667869214513,1
"855",23,9.02788161102217,5,-13.6654765253747,1
"856",24,0,1,-9.54711585268324,1
"857",24,0,2,-10.245821261732,1
"858",24,0,3,-8.8482132824667,1
"859",24,0,4,-0.558114697438123,1
"860",24,0,5,-1.31319611166239,1
"861",24,2.16135376645252,1,21.1899520957764,1
"862",24,2.16135376645252,2,4.00949470717639,1
"863",24,2.16135376645252,3,1.56700585665636,1
"864",24,2.16135376645252,4,-3.49874045074528,1
"865",24,2.16135376645252,5,-9.64752293264021,1
"866",24,3.19458560668863,1,21.4485675426972,1
"867",24,3.19458560668863,2,1.06032344375321,1
"868",24,3.19458560668863,3,4.46347588440559,1
"869",24,3.19458560668863,4,4.57649997621654,1
"870",24,3.19458560668863,5,-7.71269036241213,1
"871",24,3.50006954465061,1,18.4433214815514,1
"872",24,3.50006954465061,2,5.69807689913784,1
"873",24,3.50006954465061,3,7.87905773292503,1
"874",24,3.50006954465061,4,-1.01609187808379,1
"875",24,3.50006954465061,5,-14.4652116017086,1
"876",24,4.23300999682397,1,24.9464388021751,1
"877",24,4.23300999682397,2,5.23838628994733,1
"878",24,4.23300999682397,3,11.5187332241234,1
"879",24,4.23300999682397,4,6.41778187546051,1
"880",24,4.23300999682397,5,-9.01264436975196,1
"881",24,5.42121442151256,1,29.4759483896775,1
"882",24,5.42121442151256,2,7.71620017587907,1
"883",24,5.42121442151256,3,10.0183890740028,1
"884",24,5.42121442151256,4,7.50190875217093,1
"885",24,5.42121442151256,5,-14.4234138200345,1
"886",24,6.0541606687475,1,26.2601620731216,1
"887",24,6.0541606687475,2,4.17246372917664,1
"888",24,6.0541606687475,3,16.6885355171286,1
"889",24,6.0541606687475,4,-4.90956674659399,1
"890",24,6.0541606687475,5,-17.5883411458152,1
"891",24,9.93083952891175,1,16.5995833127313,1
"892",24,9.93083952891175,2,6.6185148851908,1
"893",24,9.93083952891175,3,9.49481543051061,1
"894",24,9.93083952891175,4,3.69003199402902,1
"895",24,9.93083952891175,5,-14.8402707681584,1
"896",24,10.0412230483489,1,19.9627126098184,1
"897",24,10.0412230483489,2,6.9200435342364,1
"898",24,10.0412230483489,3,8.83226802376804,1
"899",24,10.0412230483489,4,4.83514244238263,1
"900",24,10.0412230483489,5,-12.4123416357273,1
"901",24,10.083614496747,1,25.8786626318708,1
"902",24,10.083614496747,2,18.5014433413028,1
"903",24,10.083614496747,3,18.856579627198,1
"904",24,10.083614496747,4,15.3208967985899,1
"905",24,10.083614496747,5,-8.30511117113929,1
"906",25,0,1,4.13222306666686,1
"907",25,0,2,6.41741061042847,1
"908",25,0,3,-8.66432366632402,1
"909",25,0,4,2.0432024779206,1
"910",25,0,5,-2.35441032792691,1
"911",25,0.644483422627673,1,8.48337056971365,1
"912",25,0.644483422627673,2,8.41165456993032,1
"913",25,0.644483422627673,3,-10.9031558994712,1
"914",25,0.644483422627673,4,6.67711992422297,1
"915",25,0.644483422627673,5,0.557577988523655,1
"916",25,0.77845414809417,1,7.94238767526707,1
"917",25,0.77845414809417,2,2.88258523731583,1
"918",25,0.77845414809417,3,-5.56799689119771,1
"919",25,0.77845414809417,4,-0.968614517004528,1
"920",25,0.77845414809417,5,-3.13030011075978,1
"921",25,2.70049771934282,1,7.52608460485727,1
"922",25,2.70049771934282,2,4.50377659182591,1
"923",25,2.70049771934282,3,-1.98836734253573,1
"924",25,2.70049771934282,4,0.581088818836383,1
"925",25,2.70049771934282,5,-11.740806444088,1
"926",25,2.82876076025423,1,17.857952547271,1
"927",25,2.82876076025423,2,9.22111867718668,1
"928",25,2.82876076025423,3,0.86040916676812,1
"929",25,2.82876076025423,4,5.28029707762031,1
"930",25,2.82876076025423,5,-7.99083293100319,1
"931",25,5.74275921576191,1,30.606365359223,1
"932",25,5.74275921576191,2,9.77924237871627,1
"933",25,5.74275921576191,3,8.31314403934168,1
"934",25,5.74275921576191,4,9.27481730917131,1
"935",25,5.74275921576191,5,-9.84201003391172,1
"936",25,7.52820408099797,1,24.625385208626,1
"937",25,7.52820408099797,2,10.7280135865016,1
"938",25,7.52820408099797,3,12.4189228630871,1
"939",25,7.52820408099797,4,7.51647840068886,1
"940",25,7.52820408099797,5,-3.84496230924198,1
"941",25,7.76454451086465,1,22.6241070575738,1
"942",25,7.76454451086465,2,8.56707778919983,1
"943",25,7.76454451086465,3,7.98188495590127,1
"944",25,7.76454451086465,4,11.5614979913231,1
"945",25,7.76454451086465,5,-12.8992415739849,1
"946",26,0,1,8.17114853237641,1
"947",26,0,2,-0.367858092938623,1
"948",26,0,3,-10.9173616487099,1
"949",26,0,4,-2.75484427284063,1
"950",26,0,5,1.41137256588415,1
"951",26,0.851625909795985,1,7.71032136878733,1
"952",26,0.851625909795985,2,4.38774179440262,1
"953",26,0.851625909795985,3,-13.0908779319636,1
"954",26,0.851625909795985,4,-4.5515966882025,1
"955",26,0.851625909795985,5,-0.0072193672094194,1
"956",26,4.96800344320945,1,25.9501313005584,1
"957",26,4.96800344320945,2,8.88975647131971,1
"958",26,4.96800344320945,3,12.2573467770372,1
"959",26,4.96800344320945,4,6.95638210988919,1
"960",26,4.96800344320945,5,-2.50901816689839,1
"961",26,7.39782961457968,1,28.4797260641104,1
"962",26,7.39782961457968,2,9.38589647063885,1
"963",26,7.39782961457968,3,7.47281482410603,1
"964",26,7.39782961457968,4,8.6821086027893,1
"965",26,7.39782961457968,5,-3.87996783491029,1
"966",27,0,1,3.30938448611641,1
"967",27,0,2,6.59494883938753,1
"968",27,0,3,-15.9242115817628,1
"969",27,0,4,1.03191512624503,1
"970",27,0,5,-5.614654912592,1
"971",27,1.87901675724424,1,16.5392679888771,1
"972",27,1.87901675724424,2,7.11227904828442,1
"973",27,1.87901675724424,3,0.0615752788845159,1
"974",27,1.87901675724424,4,5.93793325490124,1
"975",27,1.87901675724424,5,5.65646092265843,1
"976",27,2.55495149793569,1,27.139276330405,1
"977",27,2.55495149793569,2,8.40380487531871,1
"978",27,2.55495149793569,3,4.87303984027296,1
"979",27,2.55495149793569,4,8.952823298847,1
"980",27,2.55495149793569,5,-5.19687607232442,1
"981",27,4.15988060459495,1,30.3047972563492,1
"982",27,4.15988060459495,2,2.65376602400977,1
"983",27,4.15988060459495,3,9.53326015207676,1
"984",27,4.15988060459495,4,6.85880113545452,1
"985",27,4.15988060459495,5,-6.54721516184705,1
"986",27,4.67845925001893,1,29.458839104445,1
"987",27,4.67845925001893,2,10.5885835349049,1
"988",27,4.67845925001893,3,7.60026308725641,1
"989",27,4.67845925001893,4,12.0134466919628,1
"990",27,4.67845925001893,5,2.74069262636797,1
"991",27,4.71211846277583,1,29.5336277640706,1
"992",27,4.71211846277583,2,12.0210919884248,1
"993",27,4.71211846277583,3,3.86574083338677,1
"994",27,4.71211846277583,4,6.59568311669068,1
"995",27,4.71211846277583,5,-5.08003283893182,1
"996",27,6.08894775388762,1,38.0225557637724,1
"997",27,6.08894775388762,2,14.8383440643663,1
"998",27,6.08894775388762,3,12.4669840816447,1
"999",27,6.08894775388762,4,22.7563930583844,1
"1000",27,6.08894775388762,5,-2.79025169417999,1
"1001",27,6.52123415574897,1,29.3306579341817,1
"1002",27,6.52123415574897,2,14.4289585839768,1
"1003",27,6.52123415574897,3,8.86726503486225,1
"1004",27,6.52123415574897,4,3.94011240229291,1
"1005",27,6.52123415574897,5,-4.29495692022527,1
"1006",27,8.82166465639602,1,35.8274035499928,1
"1007",27,8.82166465639602,2,16.1754383207712,1
"1008",27,8.82166465639602,3,9.85444407395227,1
"1009",27,8.82166465639602,4,13.6614957737969,1
"1010",27,8.82166465639602,5,-8.63283106594345,1
"1011",27,9.81225831224583,1,14.1777705228341,1
"1012",27,9.81225831224583,2,10.7092891574332,1
"1013",27,9.81225831224583,3,5.08485932941574,1
"1014",27,9.81225831224583,4,5.97978844367268,1
"1015",27,9.81225831224583,5,-13.3500882120069,1
"1016",27,10.3653647385072,1,16.0353758753016,1
"1017",27,10.3653647385072,2,12.0659285781624,1
"1018",27,10.3653647385072,3,4.33324570648192,1
"1019",27,10.3653647385072,4,4.63310361010426,1
"1020",27,10.3653647385072,5,-10.9755152088833,1
"1021",28,0,1,5.45924532187985,1
"1022",28,0,2,8.59677330946418,1
"1023",28,0,3,-11.1570792874454,1
"1024",28,0,4,0.803052591811422,1
"1025",28,0,5,7.64440956330407,1
"1026",28,5.37946778314654,1,31.3468109118905,1
"1027",28,5.37946778314654,2,13.3021813093594,1
"1028",28,5.37946778314654,3,13.5294347139388,1
"1029",28,5.37946778314654,4,2.83238409164584,1
"1030",28,5.37946778314654,5,-11.4582424158664,1
"1031",28,5.85084629314952,1,32.900132461877,1
"1032",28,5.85084629314952,2,14.4162075974978,1
"1033",28,5.85084629314952,3,13.1660543297118,1
"1034",28,5.85084629314952,4,5.35465283099631,1
"1035",28,5.85084629314952,5,-5.63531539504687,1
"1036",28,7.29312192008365,1,31.8330879089046,1
"1037",28,7.29312192008365,2,20.3797998038263,1
"1038",28,7.29312192008365,3,17.2623949914522,1
"1039",28,7.29312192008365,4,8.79871598345027,1
"1040",28,7.29312192008365,5,-8.58183166470819,1
"1041",29,0,1,6.42505691931668,1
"1042",29,0,2,-2.29811436590716,1
"1043",29,0,3,-4.36321737782283,1
"1044",29,0,4,4.0119538642295,1
"1045",29,0,5,-2.13771240181601,1
"1046",29,0.660635501262732,1,11.3228459694187,1
"1047",29,0.660635501262732,2,6.11012327158169,1
"1048",29,0.660635501262732,3,-6.78203235847114,1
"1049",29,0.660635501262732,4,2.31506751762868,1
"1050",29,0.660635501262732,5,-1.71894747500556,1
"1051",29,1.5411132540321,1,2.47163131622598,1
"1052",29,1.5411132540321,2,-6.31202505061973,1
"1053",29,1.5411132540321,3,-4.63925801318104,1
"1054",29,1.5411132540321,4,-1.50604980276832,1
"1055",29,1.5411132540321,5,-10.5903318461381,1
"1056",29,2.19011484959628,1,9.63036970672768,1
"1057",29,2.19011484959628,2,0.685841856081517,1
"1058",29,2.19011484959628,3,2.29911498445439,1
"1059",29,2.19011484959628,4,5.41501049124192,1
"1060",29,2.19011484959628,5,-10.6979503037188,1
"1061",29,2.54051066096872,1,5.66715883998168,1
"1062",29,2.54051066096872,2,0.216977555038122,1
"1063",29,2.54051066096872,3,2.93099812508626,1
"1064",29,2.54051066096872,4,0.209289931480934,1
"1065",29,2.54051066096872,5,-4.01177295810978,1
"1066",29,3.10768023668788,1,29.3685383010794,1
"1067",29,3.10768023668788,2,1.74143101581206,1
"1068",29,3.10768023668788,3,6.79274586982996,1
"1069",29,3.10768023668788,4,5.31094865611231,1
"1070",29,3.10768023668788,5,-9.03156904913565,1
"1071",29,3.46211414656136,1,15.8147839385062,1
"1072",29,3.46211414656136,2,8.59048566535795,1
"1073",29,3.46211414656136,3,4.65946197271787,1
"1074",29,3.46211414656136,4,5.40403071962623,1
"1075",29,3.46211414656136,5,-9.04146895880556,1
"1076",29,7.73694792937022,1,19.8600829646047,1
"1077",29,7.73694792937022,2,10.1742940449296,1
"1078",29,7.73694792937022,3,14.6586006916369,1
"1079",29,7.73694792937022,4,10.2768657157084,1
"1080",29,7.73694792937022,5,-8.94966435207939,1
"1081",30,0,1,1.31536897263166,1
"1082",30,0,2,2.51357932943362,1
"1083",30,0,3,-8.58675179888332,1
"1084",30,0,4,-7.97465686220282,1
"1085",30,0,5,2.80352519402253,1
"1086",30,0.863813610514626,1,8.78128931549148,1
"1087",30,0.863813610514626,2,5.11423418917419,1
"1088",30,0.863813610514626,3,-0.191318983884873,1
"1089",30,0.863813610514626,4,-3.02057609511712,1
"1090",30,0.863813610514626,5,2.21493379097164,1
"1091",30,1.21914841013495,1,8.96182631031181,1
"1092",30,1.21914841013495,2,3.51031199426508,1
"1093",30,1.21914841013495,3,-9.94673718181682,1
"1094",30,1.21914841013495,4,-9.75104083536857,1
"1095",30,1.21914841013495,5,-2.12351842265342,1
"1096",30,1.28668522264343,1,11.3930233412255,1
"1097",30,1.28668522264343,2,2.91509290194797,1
"1098",30,1.28668522264343,3,2.52332977157503,1
"1099",30,1.28668522264343,4,-4.79474054737109,1
"1100",30,1.28668522264343,5,0.52314703130072,1
"1101",30,3.91692074341699,1,16.3951413630111,1
"1102",30,3.91692074341699,2,-1.63576401643664,1
"1103",30,3.91692074341699,3,10.4215354075876,1
"1104",30,3.91692074341699,4,-1.92893345678793,1
"1105",30,3.91692074341699,5,-3.15731579042421,1
"1106",30,6.32346361211967,1,33.2041593099952,1
"1107",30,6.32346361211967,2,7.56088877560086,1
"1108",30,6.32346361211967,3,18.5087329260377,1
"1109",30,6.32346361211967,4,5.06790851848526,1
"1110",30,6.32346361211967,5,-7.3115644075222,1
"1111",30,7.33170002058614,1,16.7539436182456,1
"1112",30,7.33170002058614,2,4.91944606019506,1
"1113",30,7.33170002058614,3,11.2747492442339,1
"1114",30,7.33170002058614,4,-5.09053937794569,1
"1115",30,7.33170002058614,5,-13.9817053610595,1
"1116",30,7.61159078008495,1,34.5450632555948,1
"1117",30,7.61159078008495,2,6.65034522351145,1
"1118",30,7.61159078008495,3,22.0925805380643,1
"1119",30,7.61159078008495,4,-1.18004918348705,1
"1120",30,7.61159078008495,5,-0.526905526551871,1
"1121",30,7.64316239359323,1,23.0317555537023,1
"1122",30,7.64316239359323,2,6.57974804382453,1
"1123",30,7.64316239359323,3,14.2153684258032,1
"1124",30,7.64316239359323,4,0.459330518916954,1
"1125",30,7.64316239359323,5,-6.03850687846363,1
"1126",30,8.24020195379853,1,35.7928260884621,1
"1127",30,8.24020195379853,2,17.1910188589364,1
"1128",30,8.24020195379853,3,26.1706320731578,1
"1129",30,8.24020195379853,4,7.6106082808435,1
"1130",30,8.24020195379853,5,-1.69115042777702,1
"1131",30,8.6310373917222,1,33.8676423417634,1
"1132",30,8.6310373917222,2,17.1153513672016,1
"1133",30,8.6310373917222,3,26.5005952612767,1
"1134",30,8.6310373917222,4,6.79178260872207,1
"1135",30,8.6310373917222,5,4.62635790264578,1
"1136",30,8.67570295452606,1,33.2614906949051,1
"1137",30,8.67570295452606,2,16.4021716391953,1
"1138",30,8.67570295452606,3,23.7775535073587,1
"1139",30,8.67570295452606,4,11.0272932313984,1
"1140",30,8.67570295452606,5,-1.14454918079813,1
"1141",31,0,1,-7.21924569484803,1
"1142",31,0,2,3.89626203607722,1
"1143",31,0,3,-11.0925073661697,1
"1144",31,0,4,6.48439223272179,1
"1145",31,0,5,6.59868584794635,1
"1146",31,1.86339141835924,1,11.4502486113638,1
"1147",31,1.86339141835924,2,3.00617532524425,1
"1148",31,1.86339141835924,3,0.0635880172138007,1
"1149",31,1.86339141835924,4,-0.0752593613573713,1
"1150",31,1.86339141835924,5,-2.22561874929744,1
"1151",31,2.29461720213294,1,11.608455457126,1
"1152",31,2.29461720213294,2,2.25147986580062,1
"1153",31,2.29461720213294,3,5.51863695661518,1
"1154",31,2.29461720213294,4,5.66421465146385,1
"1155",31,2.29461720213294,5,-1.98842224637517,1
"1156",31,2.4607724059606,1,17.6815481136646,1
"1157",31,2.4607724059606,2,-2.81618514089851,1
"1158",31,2.4607724059606,3,4.72199829007089,1
"1159",31,2.4607724059606,4,2.76739068693244,1
"1160",31,2.4607724059606,5,-2.39177004545416,1
"1161",31,2.55115871748421,1,6.04076561034653,1
"1162",31,2.55115871748421,2,4.08264787099099,1
"1163",31,2.55115871748421,3,2.45140365200336,1
"1164",31,2.55115871748421,4,3.63711395218774,1
"1165",31,2.55115871748421,5,-4.73408264424332,1
"1166",31,2.57466000621207,1,7.38065336348214,1
"1167",31,2.57466000621207,2,-0.858518638385834,1
"1168",31,2.57466000621207,3,0.652238501616867,1
"1169",31,2.57466000621207,4,1.46571572232786,1
"1170",31,2.57466000621207,5,-3.38298256815147,1
"1171",31,3.43994672002736,1,16.7815591413608,1
"1172",31,3.43994672002736,2,0.103652854753016,1
"1173",31,3.43994672002736,3,10.0322641684391,1
"1174",31,3.43994672002736,4,7.89858544455749,1
"1175",31,3.43994672002736,5,-5.09849701178729,1
"1176",31,3.82873245677911,1,18.126961416765,1
"1177",31,3.82873245677911,2,8.4877671179879,1
"1178",31,3.82873245677911,3,9.33383695191859,1
"1179",31,3.82873245677911,4,2.20103482772975,1
"1180",31,3.82873245677911,5,-13.0204883876534,1
"1181",31,3.97365282697137,1,7.59882268635869,1
"1182",31,3.97365282697137,2,0.470770261702166,1
"1183",31,3.97365282697137,3,13.9706173226378,1
"1184",31,3.97365282697137,4,5.56932830103458,1
"1185",31,3.97365282697137,5,-4.35989103169374,1
"1186",31,4.56372350733727,1,21.689881974561,1
"1187",31,4.56372350733727,2,1.00620816614779,1
"1188",31,4.56372350733727,3,9.06431310555332,1
"1189",31,4.56372350733727,4,3.04134612090517,1
"1190",31,4.56372350733727,5,-2.30881718513659,1
"1191",31,6.15664232184645,1,25.8898545663134,1
"1192",31,6.15664232184645,2,7.56615992669265,1
"1193",31,6.15664232184645,3,17.1364374111024,1
"1194",31,6.15664232184645,4,8.60827545206301,1
"1195",31,6.15664232184645,5,-5.03375933906339,1
"1196",31,7.72791987261735,1,17.2426465124988,1
"1197",31,7.72791987261735,2,4.74128220210515,1
"1198",31,7.72791987261735,3,7.97550941960584,1
"1199",31,7.72791987261735,4,7.78940105148173,1
"1200",31,7.72791987261735,5,-13.0941753908558,1
"1201",32,0,1,-3.7476336852358,1
"1202",32,0,2,-3.74027200353341,1
"1203",32,0,3,-11.7294060520286,1
"1204",32,0,4,2.79577998200625,1
"1205",32,0,5,-4.72381679830589,1
"1206",32,5.98343114741147,1,34.9066706297168,1
"1207",32,5.98343114741147,2,8.95409972624685,1
"1208",32,5.98343114741147,3,17.2578498732272,1
"1209",32,5.98343114741147,4,14.5619546130551,1
"1210",32,5.98343114741147,5,-6.54196730853546,1
"1211",32,6.87948206870351,1,30.3554494809421,1
"1212",32,6.87948206870351,2,-3.78257142738074,1
"1213",32,6.87948206870351,3,10.9829520740937,1
"1214",32,6.87948206870351,4,7.90758575581646,1
"1215",32,6.87948206870351,5,-6.17192655698974,1
"1216",32,7.24209118925501,1,24.1862451329262,1
"1217",32,7.24209118925501,2,9.75248456500453,1
"1218",32,7.24209118925501,3,17.5385351409371,1
"1219",32,7.24209118925501,4,11.5257868389353,1
"1220",32,7.24209118925501,5,-6.37442237781838,1
"1221",32,8.74197146005463,1,17.7488587675535,1
"1222",32,8.74197146005463,2,-0.87895284414293,1
"1223",32,8.74197146005463,3,8.33541041570144,1
"1224",32,8.74197146005463,4,6.65351623736028,1
"1225",32,8.74197146005463,5,-17.8862790971323,1
"1226",32,9.89120949152857,1,8.53266339931602,1
"1227",32,9.89120949152857,2,0.708550670660345,1
"1228",32,9.89120949152857,3,-4.46170228244008,1
"1229",32,9.89120949152857,4,-0.475817500876518,1
"1230",32,9.89120949152857,5,-20.2458147712101,1
"1231",33,0,1,-3.91565123695042,1
"1232",33,0,2,-4.87058413482648,1
"1233",33,0,3,-6.78591007404429,1
"1234",33,0,4,0.554922547954874,1
"1235",33,0,5,4.6223299816856,1
"1236",33,0.796193408546969,1,5.27177526735805,1
"1237",33,0.796193408546969,2,1.14223804827782,1
"1238",33,0.796193408546969,3,-9.41926197579074,1
"1239",33,0.796193408546969,4,1.22424684956785,1
"1240",33,0.796193408546969,5,0.567144316513352,1
"1241",33,1.14684127317742,1,10.1666852197506,1
"1242",33,1.14684127317742,2,-2.52506241607967,1
"1243",33,1.14684127317742,3,1.98000877148938,1
"1244",33,1.14684127317742,4,0.322620766929647,1
"1245",33,1.14684127317742,5,6.2496700343992,1
"1246",33,1.78725662210491,1,20.6750121432373,1
"1247",33,1.78725662210491,2,10.0394193645055,1
"1248",33,1.78725662210491,3,10.1306698840832,1
"1249",33,1.78725662210491,4,6.76580569773449,1
"1250",33,1.78725662210491,5,6.18937014360813,1
"1251",33,1.82962340814993,1,18.9101709783483,1
"1252",33,1.82962340814993,2,0.330239965423316,1
"1253",33,1.82962340814993,3,-2.6987953877044,1
"1254",33,1.82962340814993,4,-1.42269683865842,1
"1255",33,1.82962340814993,5,3.98124574238678,1
"1256",33,3.7312867960427,1,24.9516252776015,1
"1257",33,3.7312867960427,2,6.90931519156566,1
"1258",33,3.7312867960427,3,4.55154777014115,1
"1259",33,3.7312867960427,4,11.5603175829651,1
"1260",33,3.7312867960427,5,-1.81869468164579,1
"1261",33,3.97014575137291,1,27.8811820604311,1
"1262",33,3.97014575137291,2,6.81886840028776,1
"1263",33,3.97014575137291,3,8.35261098554394,1
"1264",33,3.97014575137291,4,6.79298944225936,1
"1265",33,3.97014575137291,5,-1.75509701707435,1
"1266",33,6.1484112101607,1,31.0846441941997,1
"1267",33,6.1484112101607,2,17.398657719797,1
"1268",33,6.1484112101607,3,13.811613389758,1
"1269",33,6.1484112101607,4,7.26085499353231,1
"1270",33,6.1484112101607,5,1.01453795350666,1
"1271",33,6.98953904421069,1,24.5921058944198,1
"1272",33,6.98953904421069,2,6.62551651540566,1
"1273",33,6.98953904421069,3,10.5973212376853,1
"1274",33,6.98953904421069,4,9.10888099361216,1
"1275",33,6.98953904421069,5,-2.05387958786341,1
"1276",34,0,1,-1.79483446445963,1
"1277",34,0,2,1.25973854819987,1
"1278",34,0,3,-13.4925844015253,1
"1279",34,0,4,-7.92389709510366,1
"1280",34,0,5,0.783346931940689,1
"1281",34,1.21526325098239,1,5.01308600055546,1
"1282",34,1.21526325098239,2,-1.13848611159845,1
"1283",34,1.21526325098239,3,-3.49890262632897,1
"1284",34,1.21526325098239,4,-6.81158001320197,1
"1285",34,1.21526325098239,5,-2.6478468163321,1
"1286",34,7.69141147600021,1,12.9146675936011,1
"1287",34,7.69141147600021,2,1.54751044373376,1
"1288",34,7.69141147600021,3,9.64015217377957,1
"1289",34,7.69141147600021,4,-8.27644372303433,1
"1290",34,7.69141147600021,5,-17.0163114898806,1
"1291",34,10.701468990068,1,20.9136901983434,1
"1292",34,10.701468990068,2,9.38494805518994,1
"1293",34,10.701468990068,3,9.16260875580658,1
"1294",34,10.701468990068,4,2.34950906256871,1
"1295",34,10.701468990068,5,-12.8232703821802,1
"1296",35,0,1,-5.99065782784498,1
"1297",35,0,2,-3.75200459766236,1
"1298",35,0,3,-11.9337811650311,1
"1299",35,0,4,-4.5883239016618,1
"1300",35,0,5,-1.19398917247757,1
"1301",35,6.16362864966504,1,20.4554405282905,1
"1302",35,6.16362864966504,2,-2.56071165895999,1
"1303",35,6.16362864966504,3,11.1101533641464,1
"1304",35,6.16362864966504,4,-0.112982653767449,1
"1305",35,6.16362864966504,5,-11.2538393993066,1
"1306",35,8.12262762757018,1,18.5561976183445,1
"1307",35,8.12262762757018,2,9.22441314437717,1
"1308",35,8.12262762757018,3,8.2469553138274,1
"1309",35,8.12262762757018,4,4.98231860761134,1
"1310",35,8.12262762757018,5,-13.3679539646171,1
"1311",35,9.13247710012365,1,8.15161137074337,1
"1312",35,9.13247710012365,2,-0.447053887689726,1
"1313",35,9.13247710012365,3,-2.43290831890857,1
"1314",35,9.13247710012365,4,1.73184968822944,1
"1315",35,9.13247710012365,5,-18.102469322095,1
"1316",36,0,1,-0.327650652433879,1
"1317",36,0,2,1.90958169652161,1
"1318",36,0,3,-14.0874472579662,1
"1319",36,0,4,0.732226032806798,1
"1320",36,0,5,3.9820036094559,1
"1321",36,7.49199480586685,1,26.2996881734485,1
"1322",36,7.49199480586685,2,5.44329289942913,1
"1323",36,7.49199480586685,3,7.69499211342266,1
"1324",36,7.49199480586685,4,-1.19234890608883,1
"1325",36,7.49199480586685,5,-12.0269980889003,1
"1326",36,8.61900220252573,1,18.2315866911274,1
"1327",36,8.61900220252573,2,6.88716754630051,1
"1328",36,8.61900220252573,3,0.450811491478076,1
"1329",36,8.61900220252573,4,7.22289931794625,1
"1330",36,8.61900220252573,5,-8.6112120177084,1
"1331",36,10.5360288746888,1,23.996359531435,1
"1332",36,10.5360288746888,2,20.2990466918619,1
"1333",36,10.5360288746888,3,17.2270663617189,1
"1334",36,10.5360288746888,4,14.0365715453108,1
"1335",36,10.5360288746888,5,-3.47079770378826,1
"1336",37,0,1,2.44070583985467,1
"1337",37,0,2,5.41287634621263,1
"1338",37,0,3,-12.0220669226448,1
"1339",37,0,4,-5.54667627585873,1
"1340",37,0,5,6.49047462901255,1
"1341",37,0.621351472684182,1,4.98662613682146,1
"1342",37,0.621351472684182,2,2.23388981439239,1
"1343",37,0.621351472684182,3,-14.457983097308,1
"1344",37,0.621351472684182,4,-4.72206276943284,1
"1345",37,0.621351472684182,5,3.6014621220464,1
"1346",37,0.809874531114474,1,6.26807585609183,1
"1347",37,0.809874531114474,2,0.979489163795432,1
"1348",37,0.809874531114474,3,-9.22897743128711,1
"1349",37,0.809874531114474,4,-6.15369604350966,1
"1350",37,0.809874531114474,5,-9.23005541294978,1
"1351",37,1.1103583725635,1,17.3323228875662,1
"1352",37,1.1103583725635,2,1.99012692275248,1
"1353",37,1.1103583725635,3,-3.64690193363768,1
"1354",37,1.1103583725635,4,-5.23633139118019,1
"1355",37,1.1103583725635,5,0.247247696251722,1
"1356",37,5.56046180264093,1,24.533813684037,1
"1357",37,5.56046180264093,2,0.892526850429575,1
"1358",37,5.56046180264093,3,11.8514539516437,1
"1359",37,5.56046180264093,4,0.304389435004708,1
"1360",37,5.56046180264093,5,-10.2287063850894,1
"1361",37,9.15180133236572,1,25.1930250808051,1
"1362",37,9.15180133236572,2,9.38088080357502,1
"1363",37,9.15180133236572,3,15.6502136939533,1
"1364",37,9.15180133236572,4,9.82290053838895,1
"1365",37,9.15180133236572,5,-5.47834258417289,1
"1366",37,9.41748210997321,1,27.9713711633025,1
"1367",37,9.41748210997321,2,10.7101749715646,1
"1368",37,9.41748210997321,3,14.3840961907238,1
"1369",37,9.41748210997321,4,7.85889951641521,1
"1370",37,9.41748210997321,5,-3.20030513013341,1
"1371",37,9.68493369733915,1,13.5951842698206,1
"1372",37,9.68493369733915,2,5.65673357470003,1
"1373",37,9.68493369733915,3,5.53208959694699,1
"1374",37,9.68493369733915,4,-4.4052435584968,1
"1375",37,9.68493369733915,5,-17.0734805120767,1
"1376",37,10.9071111734957,1,16.0392569848484,1
"1377",37,10.9071111734957,2,12.6437994714129,1
"1378",37,10.9071111734957,3,11.1673068033105,1
"1379",37,10.9071111734957,4,1.11017132381835,1
"1380",37,10.9071111734957,5,-2.54717805098889,1
"1381",38,0,1,-4.87347517509027,1
"1382",38,0,2,-4.95336519366839,1
"1383",38,0,3,-8.52722004071131,1
"1384",38,0,4,-0.78080095672761,1
"1385",38,0,5,1.88980523099549,1
"1386",38,5.61973148293328,1,23.0101739996857,1
"1387",38,5.61973148293328,2,3.30823576039871,1
"1388",38,5.61973148293328,3,9.33720940817734,1
"1389",38,5.61973148293328,4,1.37486973325546,1
"1390",38,5.61973148293328,5,-13.4007814843805,1
"1391",38,8.86318568850402,1,16.9419737747982,1
"1392",38,8.86318568850402,2,7.62254411079164,1
"1393",38,8.86318568850402,3,12.6762206102889,1
"1394",38,8.86318568850402,4,5.10563521491409,1
"1395",38,8.86318568850402,5,-15.9430168347561,1
"1396",38,9.43436652212404,1,18.7804210818924,1
"1397",38,9.43436652212404,2,10.6171847202208,1
"1398",38,9.43436652212404,3,10.9412585978218,1
"1399",38,9.43436652212404,4,13.2923479377136,1
"1400",38,9.43436652212404,5,-14.0049161025086,1
"1401",39,0,1,5.17087694892043,1
"1402",39,0,2,5.27710073630929,1
"1403",39,0,3,-8.60632872894292,1
"1404",39,0,4,9.00993877190107,1
"1405",39,0,5,0.588133643377681,1
"1406",39,0.510453026392497,1,2.60908811774248,1
"1407",39,0.510453026392497,2,7.11111128071455,1
"1408",39,0.510453026392497,3,-9.58149967996532,1
"1409",39,0.510453026392497,4,0.113646107632694,1
"1410",39,0.510453026392497,5,-6.95129478696954,1
"1411",39,3.3582388847135,1,27.5368084272643,1
"1412",39,3.3582388847135,2,10.4291685104434,1
"1413",39,3.3582388847135,3,15.912053687677,1
"1414",39,3.3582388847135,4,1.87355910302076,1
"1415",39,3.3582388847135,5,1.87277527224349,1
"1416",39,5.43612715089694,1,32.4200701480353,1
"1417",39,5.43612715089694,2,10.357317721986,1
"1418",39,5.43612715089694,3,16.8051885068883,1
"1419",39,5.43612715089694,4,1.51319119474915,1
"1420",39,5.43612715089694,5,-11.9381267968437,1
"1421",39,6.77397693530656,1,33.5312297770138,1
"1422",39,6.77397693530656,2,17.2008642973221,1
"1423",39,6.77397693530656,3,19.0738503411285,1
"1424",39,6.77397693530656,4,10.7634305743035,1
"1425",39,6.77397693530656,5,-5.192648647779,1
"1426",39,8.85872200550511,1,25.7598453801661,1
"1427",39,8.85872200550511,2,13.6333691878869,1
"1428",39,8.85872200550511,3,20.5042751299591,1
"1429",39,8.85872200550511,4,11.7145027416833,1
"1430",39,8.85872200550511,5,-4.21288343580866,1
"1431",39,9.40119929250795,1,18.5625817835189,1
"1432",39,9.40119929250795,2,6.66547164566538,1
"1433",39,9.40119929250795,3,11.9710056346676,1
"1434",39,9.40119929250795,4,5.9669864386629,1
"1435",39,9.40119929250795,5,-11.760823073469,1
"1436",40,0,1,3.99402714167303,1
"1437",40,0,2,-8.99038652186122,1
"1438",40,0,3,-9.93385292571233,1
"1439",40,0,4,-5.15770022305814,1
"1440",40,0,5,3.78532171116079,1
"1441",40,0.719206005800515,1,5.9841826175718,1
"1442",40,0.719206005800515,2,-8.206703951971,1
"1443",40,0.719206005800515,3,-10.3616741309164,1
"1444",40,0.719206005800515,4,-4.31728809939469,1
"1445",40,0.719206005800515,5,-5.34042704840861,1
"1446",40,2.09682378324214,1,16.0618054315942,1
"1447",40,2.09682378324214,2,-4.927705698393,1
"1448",40,2.09682378324214,3,-3.02240676491575,1
"1449",40,2.09682378324214,4,3.49890098006448,1
"1450",40,2.09682378324214,5,-5.66241133168027,1
"1451",40,4.16520313546062,1,24.4128451422462,1
"1452",40,4.16520313546062,2,3.67929829209122,1
"1453",40,4.16520313546062,3,3.86898007060573,1
"1454",40,4.16520313546062,4,3.10039466485558,1
"1455",40,4.16520313546062,5,-6.93685984757691,1
"1456",40,4.20755792770069,1,28.4153560689198,1
"1457",40,4.20755792770069,2,-0.813478269381508,1
"1458",40,4.20755792770069,3,11.5091072288501,1
"1459",40,4.20755792770069,4,1.85646147526008,1
"1460",40,4.20755792770069,5,-4.66756567739366,1
"1461",40,4.56916993914638,1,27.1692061830233,1
"1462",40,4.56916993914638,2,-2.57745912265715,1
"1463",40,4.56916993914638,3,3.78707307738123,1
"1464",40,4.56916993914638,4,-4.8360010842018,1
"1465",40,4.56916993914638,5,-11.797833653066,1
"1466",40,6.07433438068256,1,23.4840233236751,1
"1467",40,6.07433438068256,2,-5.0901961762814,1
"1468",40,6.07433438068256,3,1.95055048549674,1
"1469",40,6.07433438068256,4,-2.09609492138817,1
"1470",40,6.07433438068256,5,-17.6369835764643,1
"1471",40,7.14960049302317,1,24.5313885763172,1
"1472",40,7.14960049302317,2,-3.99243880085823,1
"1473",40,7.14960049302317,3,4.26501203610647,1
"1474",40,7.14960049302317,4,-3.04289533939904,1
"1475",40,7.14960049302317,5,-15.8788690676583,1
"1476",40,7.99803644383792,1,31.1998278206386,1
"1477",40,7.99803644383792,2,5.46120058147378,1
"1478",40,7.99803644383792,3,12.4334046204217,1
"1479",40,7.99803644383792,4,2.84138449832214,1
"1480",40,7.99803644383792,5,-7.28634161868332,1
"1481",40,8.26404129865114,1,27.6599855365597,1
"1482",40,8.26404129865114,2,6.17916381530071,1
"1483",40,8.26404129865114,3,14.2068893654878,1
"1484",40,8.26404129865114,4,12.1175929655877,1
"1485",40,8.26404129865114,5,-3.44502801817886,1
"1486",41,0,1,-3.42330112510082,1
"1487",41,0,2,3.21215749885265,1
"1488",41,0,3,-13.7635509330345,1
"1489",41,0,4,4.57048933911801,1
"1490",41,0,5,3.38895796412042,1
"1491",41,3.05924200371373,1,20.8442599820583,1
"1492",41,3.05924200371373,2,7.83545494284247,1
"1493",41,3.05924200371373,3,8.23206953916326,1
"1494",41,3.05924200371373,4,3.89678413031318,1
"1495",41,3.05924200371373,5,-5.68462489462143,1
"1496",41,3.26904586388264,1,10.9747303927018,1
"1497",41,3.26904586388264,2,-0.836822514008636,1
"1498",41,3.26904586388264,3,-3.08702193227778,1
"1499",41,3.26904586388264,4,1.48530875075313,1
"1500",41,3.26904586388264,5,-5.22210351967931,1
"1501",41,4.44305141060613,1,27.890523614484,1
"1502",41,4.44305141060613,2,1.10226799906635,1
"1503",41,4.44305141060613,3,5.52497863862822,1
"1504",41,4.44305141060613,4,5.31312442998347,1
"1505",41,4.44305141060613,5,1.31708221366212,1
"1506",41,4.5007172531914,1,17.5136137065979,1
"1507",41,4.5007172531914,2,1.25693009965525,1
"1508",41,4.5007172531914,3,5.9162594328829,1
"1509",41,4.5007172531914,4,6.05008723412107,1
"1510",41,4.5007172531914,5,-6.62910354936259,1
"1511",41,5.45394823129755,1,27.1328653457029,1
"1512",41,5.45394823129755,2,10.9462976937537,1
"1513",41,5.45394823129755,3,15.5381548992315,1
"1514",41,5.45394823129755,4,10.8800136213212,1
"1515",41,5.45394823129755,5,-9.42353103422256,1
"1516",41,6.72082140878774,1,28.9926569063773,1
"1517",41,6.72082140878774,2,8.88559838724822,1
"1518",41,6.72082140878774,3,10.0007155370884,1
"1519",41,6.72082140878774,4,7.8436484407378,1
"1520",41,6.72082140878774,5,-9.4009522481763,1
"1521",42,0,1,-5.24828186406384,1
"1522",42,0,2,-2.83329513433375,1
"1523",42,0,3,-10.0553671448164,1
"1524",42,0,4,1.02328028161696,1
"1525",42,0,5,4.0635737167275,1
"1526",42,0.682805401855148,1,-4.32374261524636,1
"1527",42,0.682805401855148,2,-3.67056313137855,1
"1528",42,0.682805401855148,3,-9.09191446136731,1
"1529",42,0.682805401855148,4,2.77032729610062,1
"1530",42,0.682805401855148,5,0.560990773319314,1
"1531",42,3.40457617270295,1,19.0593919953378,1
"1532",42,3.40457617270295,2,6.54671459542256,1
"1533",42,3.40457617270295,3,9.20287778562827,1
"1534",42,3.40457617270295,4,5.90918921034461,1
"1535",42,3.40457617270295,5,0.648573920042039,1
"1536",42,5.57648121111561,1,20.7945803380249,1
"1537",42,5.57648121111561,2,11.2393125340304,1
"1538",42,5.57648121111561,3,14.4176923662278,1
"1539",42,5.57648121111561,4,6.53665699501972,1
"1540",42,5.57648121111561,5,-7.10596989416915,1
"1541",42,5.71009984286502,1,28.3319929867831,1
"1542",42,5.71009984286502,2,4.80280169514471,1
"1543",42,5.71009984286502,3,14.0858874128689,1
"1544",42,5.71009984286502,4,4.07590087245262,1
"1545",42,5.71009984286502,5,0.781670606582624,1
"1546",42,7.00616535241716,1,27.0531507600172,1
"1547",42,7.00616535241716,2,11.3720662095928,1
"1548",42,7.00616535241716,3,16.2696926887231,1
"1549",42,7.00616535241716,4,15.5219403670604,1
"1550",42,7.00616535241716,5,-7.10759372033892,1
"1551",42,8.57795778359286,1,26.3533687884572,1
"1552",42,8.57795778359286,2,9.96411783316734,1
"1553",42,8.57795778359286,3,17.7252230630589,1
"1554",42,8.57795778359286,4,10.3324207280531,1
"1555",42,8.57795778359286,5,-6.50122762749796,1
"1556",43,0,1,-6.72168777798142,1
"1557",43,0,2,-8.77169878339082,1
"1558",43,0,3,-10.4468692838619,1
"1559",43,0,4,6.11089053770028,1
"1560",43,0,5,-4.87155391768221,1
"1561",43,2.91009512031451,1,14.0610878314721,1
"1562",43,2.91009512031451,2,7.6351508725878,1
"1563",43,2.91009512031451,3,-4.49656323812482,1
"1564",43,2.91009512031451,4,11.1013854780757,1
"1565",43,2.91009512031451,5,-8.26604457941424,1
"1566",43,3.00913557084277,1,15.4712014723894,1
"1567",43,3.00913557084277,2,7.16557130803484,1
"1568",43,3.00913557084277,3,8.94570456661097,1
"1569",43,3.00913557084277,4,3.23238282544056,1
"1570",43,3.00913557084277,5,-7.31066152397615,1
"1571",43,3.35084448149428,1,16.6321736270361,1
"1572",43,3.35084448149428,2,5.67290335614864,1
"1573",43,3.35084448149428,3,6.18212858330069,1
"1574",43,3.35084448149428,4,11.1576499807341,1
"1575",43,3.35084448149428,5,-10.2237812572996,1
"1576",43,4.44561451801565,1,30.6325958705443,1
"1577",43,4.44561451801565,2,17.4275256590056,1
"1578",43,4.44561451801565,3,19.8341098483435,1
"1579",43,4.44561451801565,4,16.1400710901226,1
"1580",43,4.44561451801565,5,-1.63340001854178,1
"1581",43,5.52615312265698,1,26.2227539031138,1
"1582",43,5.52615312265698,2,6.01849359842814,1
"1583",43,5.52615312265698,3,22.4385012197917,1
"1584",43,5.52615312265698,4,7.9111040424803,1
"1585",43,5.52615312265698,5,-7.35061194239755,1
"1586",43,5.77379544498399,1,21.4564386701165,1
"1587",43,5.77379544498399,2,7.78923304946874,1
"1588",43,5.77379544498399,3,13.9265654473629,1
"1589",43,5.77379544498399,4,13.6953685324834,1
"1590",43,5.77379544498399,5,-1.06830475323374,1
"1591",43,6.48930051806383,1,31.5020354500787,1
"1592",43,6.48930051806383,2,14.3984515535837,1
"1593",43,6.48930051806383,3,17.5825557277422,1
"1594",43,6.48930051806383,4,25.2503070595603,1
"1595",43,6.48930051806383,5,-2.20768254500795,1
"1596",43,6.58505325543229,1,18.2535945560602,1
"1597",43,6.58505325543229,2,4.10310573609054,1
"1598",43,6.58505325543229,3,9.11116538796826,1
"1599",43,6.58505325543229,4,7.44798934327307,1
"1600",43,6.58505325543229,5,-17.2528160205385,1
"1601",43,7.99101051152684,1,21.5101610458478,1
"1602",43,7.99101051152684,2,6.20033573732266,1
"1603",43,7.99101051152684,3,9.31711843122518,1
"1604",43,7.99101051152684,4,19.826778833065,1
"1605",43,7.99101051152684,5,-5.81939266342599,1
"1606",43,10.0145474522142,1,15.7537081238164,1
"1607",43,10.0145474522142,2,11.0009213389171,1
"1608",43,10.0145474522142,3,9.43452624918953,1
"1609",43,10.0145474522142,4,16.8014507562475,1
"1610",43,10.0145474522142,5,-11.5063548696425,1
"1611",43,10.6127395471558,1,10.5301398241469,1
"1612",43,10.6127395471558,2,14.8454919939216,1
"1613",43,10.6127395471558,3,10.0958107481092,1
"1614",43,10.6127395471558,4,18.4959635811332,1
"1615",43,10.6127395471558,5,-10.6154269381404,1
"1616",44,0,1,1.88364655048388,1
"1617",44,0,2,-6.03609410998872,1
"1618",44,0,3,-15.3891500159685,1
"1619",44,0,4,6.45767317581029,1
"1620",44,0,5,-2.70568553322462,1
"1621",44,1.33748466323595,1,8.83021094659434,1
"1622",44,1.33748466323595,2,5.74859892277217,1
"1623",44,1.33748466323595,3,1.27613893206053,1
"1624",44,1.33748466323595,4,2.75586248081361,1
"1625",44,1.33748466323595,5,5.17889498698474,1
"1626",44,2.71434938814491,1,18.7183392155364,1
"1627",44,2.71434938814491,2,1.63642388223152,1
"1628",44,2.71434938814491,3,1.31610598624751,1
"1629",44,2.71434938814491,4,-4.83581595451237,1
"1630",44,2.71434938814491,5,-3.43602392474168,1
"1631",44,4.74317961838096,1,19.4080963385629,1
"1632",44,4.74317961838096,2,2.39535738657811,1
"1633",44,4.74317961838096,3,7.8115686869774,1
"1634",44,4.74317961838096,4,0.658306453243998,1
"1635",44,4.74317961838096,5,-2.2922892211735,1
"1636",44,5.30149389849976,1,29.4028095670406,1
"1637",44,5.30149389849976,2,9.01962195927523,1
"1638",44,5.30149389849976,3,9.21666693023135,1
"1639",44,5.30149389849976,4,5.29087325697844,1
"1640",44,5.30149389849976,5,0.672835692803347,1
"1641",44,5.80536251864396,1,26.7226929503956,1
"1642",44,5.80536251864396,2,4.7757846360413,1
"1643",44,5.80536251864396,3,3.3106519553819,1
"1644",44,5.80536251864396,4,3.65851639784251,1
"1645",44,5.80536251864396,5,-7.76634934073101,1
"1646",44,7.58450031955726,1,23.9172443766699,1
"1647",44,7.58450031955726,2,5.33639774755091,1
"1648",44,7.58450031955726,3,5.55687170867688,1
"1649",44,7.58450031955726,4,2.79956526222515,1
"1650",44,7.58450031955726,5,-6.90605217859973,1
"1651",44,8.97999490483198,1,26.1102237432395,1
"1652",44,8.97999490483198,2,4.62246278315637,1
"1653",44,8.97999490483198,3,10.4014938252718,1
"1654",44,8.97999490483198,4,10.3130761259393,1
"1655",44,8.97999490483198,5,-1.3830833810944,1
"1656",44,9.8373911496019,1,26.4735851057152,1
"1657",44,9.8373911496019,2,13.4349398405512,1
"1658",44,9.8373911496019,3,21.5010964694538,1
"1659",44,9.8373911496019,4,20.0345323854147,1
"1660",44,9.8373911496019,5,0.450795829873073,1
"1661",45,0,1,3.09743494779791,1
"1662",45,0,2,1.19987708713365,1
"1663",45,0,3,-6.97212819966725,1
"1664",45,0,4,3.72030611265561,1
"1665",45,0,5,-1.05921485322997,1
"1666",45,1.60836990142707,1,4.94695806392388,1
"1667",45,1.60836990142707,2,-4.18601381710904,1
"1668",45,1.60836990142707,3,0.611865685251013,1
"1669",45,1.60836990142707,4,-2.31791514228308,1
"1670",45,1.60836990142707,5,-10.1192953634536,1
"1671",45,5.05795908276923,1,25.1770856893979,1
"1672",45,5.05795908276923,2,4.1070327703479,1
"1673",45,5.05795908276923,3,11.7122587147844,1
"1674",45,5.05795908276923,4,0.958696886454248,1
"1675",45,5.05795908276923,5,-10.459008684077,1
"1676",45,6.2167415744625,1,29.8373360337261,1
"1677",45,6.2167415744625,2,4.17795842468932,1
"1678",45,6.2167415744625,3,18.9970414437223,1
"1679",45,6.2167415744625,4,11.2332488380809,1
"1680",45,6.2167415744625,5,-8.70320610073359,1
"1681",45,6.32788711367175,1,22.5032453119094,1
"1682",45,6.32788711367175,2,3.07515790953233,1
"1683",45,6.32788711367175,3,9.94274555270696,1
"1684",45,6.32788711367175,4,1.40582420872997,1
"1685",45,6.32788711367175,5,-15.4398285652813,1
"1686",45,7.56463024695404,1,30.9121752158524,1
"1687",45,7.56463024695404,2,1.23059676645032,1
"1688",45,7.56463024695404,3,10.8998829804166,1
"1689",45,7.56463024695404,4,7.65507066494051,1
"1690",45,7.56463024695404,5,-14.4741869108835,1
"1691",45,8.67955487035215,1,23.6091290319872,1
"1692",45,8.67955487035215,2,5.53012013788918,1
"1693",45,8.67955487035215,3,10.6250601606351,1
"1694",45,8.67955487035215,4,7.65550071227396,1
"1695",45,8.67955487035215,5,-20.260164138102,1
"1696",45,10.3505669086007,1,6.92993897673313,1
"1697",45,10.3505669086007,2,-5.38540153847309,1
"1698",45,10.3505669086007,3,-5.56509508791217,1
"1699",45,10.3505669086007,4,-3.44365641562163,1
"1700",45,10.3505669086007,5,-26.1869946885813,1
"1701",46,0,1,8.31865169488605,1
"1702",46,0,2,2.86492055424454,1
"1703",46,0,3,-8.88719035691975,1
"1704",46,0,4,-2.46945337147497,1
"1705",46,0,5,8.4328188553153,1
"1706",46,2.47458186908625,1,8.52297048507981,1
"1707",46,2.47458186908625,2,-2.46326886629469,1
"1708",46,2.47458186908625,3,-8.21033588441848,1
"1709",46,2.47458186908625,4,1.45491657032766,1
"1710",46,2.47458186908625,5,-6.0694269420494,1
"1711",46,2.6488464839058,1,21.2548558310682,1
"1712",46,2.6488464839058,2,7.22294877440593,1
"1713",46,2.6488464839058,3,4.27968053167962,1
"1714",46,2.6488464839058,4,0.543597575069722,1
"1715",46,2.6488464839058,5,0.614928727930087,1
"1716",46,3.45210366614629,1,22.8341585267281,1
"1717",46,3.45210366614629,2,0.731519641372485,1
"1718",46,3.45210366614629,3,9.60903974628851,1
"1719",46,3.45210366614629,4,-0.335673213561374,1
"1720",46,3.45210366614629,5,-2.4741507392891,1
"1721",46,3.66145340702496,1,27.5461786920309,1
"1722",46,3.66145340702496,2,7.25653064215716,1
"1723",46,3.66145340702496,3,9.68386821161912,1
"1724",46,3.66145340702496,4,-1.58500298692648,1
"1725",46,3.66145340702496,5,-1.28000115781168,1
"1726",46,3.88399200374261,1,27.2203918170819,1
"1727",46,3.88399200374261,2,6.91927174615388,1
"1728",46,3.88399200374261,3,14.6715199709959,1
"1729",46,3.88399200374261,4,2.48465230497667,1
"1730",46,3.88399200374261,5,-6.53828975427505,1
"1731",46,4.3560425164178,1,24.3242545744174,1
"1732",46,4.3560425164178,2,-2.53557275612186,1
"1733",46,4.3560425164178,3,3.39073116255888,1
"1734",46,4.3560425164178,4,2.30656933686566,1
"1735",46,4.3560425164178,5,-5.53544967306391,1
"1736",46,5.50552572659217,1,34.0085768901964,1
"1737",46,5.50552572659217,2,13.9415279777924,1
"1738",46,5.50552572659217,3,17.1204442742079,1
"1739",46,5.50552572659217,4,7.79953307174059,1
"1740",46,5.50552572659217,5,-0.17403520045528,1
"1741",47,0,1,-3.11837759185666,1
"1742",47,0,2,-0.317882052660887,1
"1743",47,0,3,-12.7941769784399,1
"1744",47,0,4,-0.388828433462344,1
"1745",47,0,5,-7.81143974764312,1
"1746",47,1.13138345885091,1,7.90466912542376,1
"1747",47,1.13138345885091,2,8.02889953984278,1
"1748",47,1.13138345885091,3,-5.04530612099085,1
"1749",47,1.13138345885091,4,1.5347404939558,1
"1750",47,1.13138345885091,5,-2.83177149164978,1
"1751",47,1.4192559219664,1,21.2972758307767,1
"1752",47,1.4192559219664,2,2.07531007094004,1
"1753",47,1.4192559219664,3,0.394819725957111,1
"1754",47,1.4192559219664,4,7.8950653915639,1
"1755",47,1.4192559219664,5,-8.02554103197525,1
"1756",47,3.36787224723957,1,24.7894254893961,1
"1757",47,3.36787224723957,2,8.23493753129608,1
"1758",47,3.36787224723957,3,5.16148259497031,1
"1759",47,3.36787224723957,4,1.94801523679698,1
"1760",47,3.36787224723957,5,-7.24814441962954,1
"1761",47,3.95885131775867,1,34.8811842159156,1
"1762",47,3.95885131775867,2,9.81611046354909,1
"1763",47,3.95885131775867,3,11.214302154374,1
"1764",47,3.95885131775867,4,13.5927364306988,1
"1765",47,3.95885131775867,5,-8.21470742286145,1
"1766",47,6.96350251790136,1,25.1822802031794,1
"1767",47,6.96350251790136,2,2.61005350370582,1
"1768",47,6.96350251790136,3,-0.0189006845098421,1
"1769",47,6.96350251790136,4,9.58661015210068,1
"1770",47,6.96350251790136,5,-18.4792784792578,1
"1771",47,8.05257906881161,1,27.611505394736,1
"1772",47,8.05257906881161,2,19.5860309725737,1
"1773",47,8.05257906881161,3,15.8925513249038,1
"1774",47,8.05257906881161,4,8.78661000315351,1
"1775",47,8.05257906881161,5,-11.8380605519102,1
"1776",47,8.09675120119937,1,34.2583592168537,1
"1777",47,8.09675120119937,2,16.4229738282759,1
"1778",47,8.09675120119937,3,13.7772364750052,1
"1779",47,8.09675120119937,4,14.4017366650667,1
"1780",47,8.09675120119937,5,-12.6200819538646,1
"1781",47,8.9836542645935,1,30.9641450756913,1
"1782",47,8.9836542645935,2,13.9643058832547,1
"1783",47,8.9836542645935,3,16.5640313166201,1
"1784",47,8.9836542645935,4,19.1218576457194,1
"1785",47,8.9836542645935,5,-9.2063247312005,1
"1786",47,9.27360619581304,1,18.9579676884043,1
"1787",47,9.27360619581304,2,8.49931267341793,1
"1788",47,9.27360619581304,3,7.81924409848103,1
"1789",47,9.27360619581304,4,5.44128427003984,1
"1790",47,9.27360619581304,5,-13.9889994905097,1
"1791",47,9.45264917088207,1,22.660868478106,1
"1792",47,9.45264917088207,2,13.6694304313795,1
"1793",47,9.45264917088207,3,12.6620952509613,1
"1794",47,9.45264917088207,4,9.61572261675482,1
"1795",47,9.45264917088207,5,-13.2678965240069,1
"1796",48,0,1,5.68229031811214,1
"1797",48,0,2,0.398549216415491,1
"1798",48,0,3,-10.782058881782,1
"1799",48,0,4,-3.14411740812295,1
"1800",48,0,5,6.61030562766119,1
"1801",48,8.36723770527169,1,31.2621381890132,1
"1802",48,8.36723770527169,2,12.0129579959884,1
"1803",48,8.36723770527169,3,12.3499557889601,1
"1804",48,8.36723770527169,4,6.52043679334181,1
"1805",48,8.36723770527169,5,-10.869517364747,1
"1806",48,8.53373238560744,1,20.45609946759,1
"1807",48,8.53373238560744,2,0.530600948937364,1
"1808",48,8.53373238560744,3,5.69958729959619,1
"1809",48,8.53373238560744,4,1.20089190022476,1
"1810",48,8.53373238560744,5,-8.77695189860601,1
"1811",48,8.59983604110312,1,33.576194131609,1
"1812",48,8.59983604110312,2,3.21006430892053,1
"1813",48,8.59983604110312,3,11.8455900806992,1
"1814",48,8.59983604110312,4,12.562518156237,1
"1815",48,8.59983604110312,5,-7.66733732377932,1
"1816",48,8.92045294609852,1,28.7330185563635,1
"1817",48,8.92045294609852,2,2.48250370402071,1
"1818",48,8.92045294609852,3,4.78674640066903,1
"1819",48,8.92045294609852,4,6.10416114191536,1
"1820",48,8.92045294609852,5,-18.1265054165443,1
"1821",48,8.92980020528194,1,29.5345050367234,1
"1822",48,8.92980020528194,2,7.85515098561316,1
"1823",48,8.92980020528194,3,13.453886110197,1
"1824",48,8.92980020528194,4,8.43780011442798,1
"1825",48,8.92980020528194,5,-13.4133930132947,1
"1826",48,9.90796366846189,1,21.9021483446669,1
"1827",48,9.90796366846189,2,8.81695956596344,1
"1828",48,9.90796366846189,3,9.78687490877875,1
"1829",48,9.90796366846189,4,8.05833904324979,1
"1830",48,9.90796366846189,5,-10.476307519056,1
"1831",49,0,1,0.168220268490094,1
"1832",49,0,2,1.29707561157698,1
"1833",49,0,3,-8.84045653807407,1
"1834",49,0,4,-2.007772857983,1
"1835",49,0,5,1.98357089365733,1
"1836",49,2.79046592721716,1,16.9834915689281,1
"1837",49,2.79046592721716,2,1.81957397538004,1
"1838",49,2.79046592721716,3,-2.70547096444553,1
"1839",49,2.79046592721716,4,-1.05025315046972,1
"1840",49,2.79046592721716,5,-3.40940398509304,1
"1841",49,3.12716456397902,1,19.5707143282752,1
"1842",49,3.12716456397902,2,5.60034919972635,1
"1843",49,3.12716456397902,3,8.48770012366428,1
"1844",49,3.12716456397902,4,-1.38185510367848,1
"1845",49,3.12716456397902,5,-5.52276802249154,1
"1846",49,6.9984670287231,1,14.6943561687556,1
"1847",49,6.9984670287231,2,-2.02522953890033,1
"1848",49,6.9984670287231,3,4.91538725061138,1
"1849",49,6.9984670287231,4,-7.38443428422021,1
"1850",49,6.9984670287231,5,-16.9568141277193,1
"1851",49,7.58815996535122,1,33.1202002495322,1
"1852",49,7.58815996535122,2,14.4156893967979,1
"1853",49,7.58815996535122,3,17.4559863236571,1
"1854",49,7.58815996535122,4,3.32528903293187,1
"1855",49,7.58815996535122,5,4.84340612022076,1
"1856",49,8.16335354326293,1,15.2830001215793,1
"1857",49,8.16335354326293,2,3.53308600528212,1
"1858",49,8.16335354326293,3,0.201376637253842,1
"1859",49,8.16335354326293,4,-1.94320200600723,1
"1860",49,8.16335354326293,5,-18.9352472235865,1
"1861",49,9.45921994489618,1,24.7449043494859,1
"1862",49,9.45921994489618,2,14.9369086374662,1
"1863",49,9.45921994489618,3,6.2720864935814,1
"1864",49,9.45921994489618,4,5.04215915404462,1
"1865",49,9.45921994489618,5,-0.726812875983977,1
"1866",49,10.074028395582,1,14.3538186476087,1
"1867",49,10.074028395582,2,6.50999759768721,1
"1868",49,10.074028395582,3,2.84725573078688,1
"1869",49,10.074028395582,4,2.23659847495481,1
"1870",49,10.074028395582,5,-15.3519909854394,1
"1871",50,0,1,3.58289592082711,1
"1872",50,0,2,2.0140997642332,1
"1873",50,0,3,-9.98897279352958,1
"1874",50,0,4,-0.415102806203918,1
"1875",50,0,5,-0.922568869375153,1
"1876",50,1.23909668449778,1,8.63848165853934,1
"1877",50,1.23909668449778,2,3.21305728299996,1
"1878",50,1.23909668449778,3,-8.44814604576599,1
"1879",50,1.23909668449778,4,-3.88857133543557,1
"1880",50,1.23909668449778,5,-9.06756264054997,1
"1881",50,1.52570350538008,1,14.4977939391491,1
"1882",50,1.52570350538008,2,1.54952337263386,1
"1883",50,1.52570350538008,3,-2.90793029442899,1
"1884",50,1.52570350538008,4,-1.88710927172701,1
"1885",50,1.52570350538008,5,-6.38164444306233,1
"1886",50,2.0584975379752,1,20.4814567740637,1
"1887",50,2.0584975379752,2,4.67381344191805,1
"1888",50,2.0584975379752,3,5.3574593434003,1
"1889",50,2.0584975379752,4,0.569373438915118,1
"1890",50,2.0584975379752,5,-2.52596162519669,1
"1891",50,2.97582825133577,1,16.6717795381676,1
"1892",50,2.97582825133577,2,2.1371668677646,1
"1893",50,2.97582825133577,3,-3.8048664261164,1
"1894",50,2.97582825133577,4,-5.66305805001666,1
"1895",50,2.97582825133577,5,-10.3575228937579,1
"1896",50,3.46172143623699,1,17.9551768142029,1
"1897",50,3.46172143623699,2,9.95790020592151,1
"1898",50,3.46172143623699,3,8.13651612938378,1
"1899",50,3.46172143623699,4,2.22104674982814,1
"1900",50,3.46172143623699,5,-4.16819885587879,1
"1901",50,5.96771060617175,1,29.0670101825289,1
"1902",50,5.96771060617175,2,8.05836422479442,1
"1903",50,5.96771060617175,3,7.42332645533975,1
"1904",50,5.96771060617175,4,7.36668933793895,1
"1905",50,5.96771060617175,5,-1.04082841786572,1
"1906",50,8.89984578744043,1,25.3634356648037,1
"1907",50,8.89984578744043,2,4.48710136493801,1
"1908",50,8.89984578744043,3,7.73897717485348,1
"1909",50,8.89984578744043,4,4.50544121192651,1
"1910",50,8.89984578744043,5,-11.6351075013807,1
"1911",50,9.68753923778422,1,28.2165564492861,1
"1912",50,9.68753923778422,2,20.1269923530103,1
"1913",50,9.68753923778422,3,6.77929344960693,1
"1914",50,9.68753923778422,4,11.8704833348538,1
"1915",50,9.68753923778422,5,-4.44804561288095,1
"1916",50,10.0379174887203,1,20.5441912632787,1
"1917",50,10.0379174887203,2,12.5551884723489,1
"1918",50,10.0379174887203,3,10.2282046057429,1
"1919",50,10.0379174887203,4,10.6567112981572,1
"1920",50,10.0379174887203,5,-8.82799047808689,1
"1921",51,0,1,22.2558172546423,2
"1922",51,0,2,0.792522332579507,2
"1923",51,0,3,-5.36442632441674,2
"1924",51,0,4,-0.715484588452672,2
"1925",51,0,5,2.69489726019778,2
"1926",51,2.28990811796393,1,17.2777652071382,2
"1927",51,2.28990811796393,2,2.77572378291796,2
"1928",51,2.28990811796393,3,8.39452841243128,2
"1929",51,2.28990811796393,4,5.39664437206912,2
"1930",51,2.28990811796393,5,4.21574370750042,2
"1931",51,5.96918034844566,1,-4.42933082652964,2
"1932",51,5.96918034844566,2,-8.98263964945772,2
"1933",51,5.96918034844566,3,9.00351452377291,2
"1934",51,5.96918034844566,4,2.024465878938,2
"1935",51,5.96918034844566,5,-17.9479180510779,2
"1936",51,7.2515685223043,1,-10.5262366436691,2
"1937",51,7.2515685223043,2,-18.0412111442222,2
"1938",51,7.2515685223043,3,13.5565615406102,2
"1939",51,7.2515685223043,4,3.95309155387044,2
"1940",51,7.2515685223043,5,-11.2385116531995,2
"1941",51,10.5924018261721,1,-13.2489431877897,2
"1942",51,10.5924018261721,2,-20.331686942088,2
"1943",51,10.5924018261721,3,4.29533206653781,2
"1944",51,10.5924018261721,4,3.26302995894398,2
"1945",51,10.5924018261721,5,-16.4127623990469,2
"1946",52,0,1,25.7808307829389,2
"1947",52,0,2,1.71899399538309,2
"1948",52,0,3,-10.0043365400534,2
"1949",52,0,4,5.56291883040176,2
"1950",52,0,5,-3.30224879937321,2
"1951",52,3.02569067897275,1,8.04233901801971,2
"1952",52,3.02569067897275,2,1.1487147988741,2
"1953",52,3.02569067897275,3,9.13684435841304,2
"1954",52,3.02569067897275,4,-1.13663219943209,2
"1955",52,3.02569067897275,5,-6.77772981476579,2
"1956",52,3.60074212076142,1,6.66051055331635,2
"1957",52,3.60074212076142,2,4.57470412782396,2
"1958",52,3.60074212076142,3,5.31337921124225,2
"1959",52,3.60074212076142,4,10.0536280816575,2
"1960",52,3.60074212076142,5,-2.56626403545685,2
"1961",52,3.74020441249013,1,7.88426852169193,2
"1962",52,3.74020441249013,2,0.384647719574988,2
"1963",52,3.74020441249013,3,11.9280601001202,2
"1964",52,3.74020441249013,4,9.97699437463964,2
"1965",52,3.74020441249013,5,-6.69827247635378,2
"1966",52,3.98486469255295,1,0.651513268462931,2
"1967",52,3.98486469255295,2,-1.62676961427144,2
"1968",52,3.98486469255295,3,6.89267752380515,2
"1969",52,3.98486469255295,4,9.08442189931126,2
"1970",52,3.98486469255295,5,-12.0959250551226,2
"1971",52,5.0061705224216,1,-6.16925316994104,2
"1972",52,5.0061705224216,2,-8.14168247451336,2
"1973",52,5.0061705224216,3,9.44294896434316,2
"1974",52,5.0061705224216,4,2.4252287869414,2
"1975",52,5.0061705224216,5,-12.32310594786,2
"1976",52,6.62448664184194,1,0.744781773552756,2
"1977",52,6.62448664184194,2,-6.26403809033798,2
"1978",52,6.62448664184194,3,10.0901587503984,2
"1979",52,6.62448664184194,4,19.3336118896251,2
"1980",52,6.62448664184194,5,-6.7575732576783,2
"1981",52,6.68286773667205,1,-3.24951227989728,2
"1982",52,6.68286773667205,2,-0.121370418241138,2
"1983",52,6.68286773667205,3,13.0981941102289,2
"1984",52,6.68286773667205,4,20.3041556211867,2
"1985",52,6.68286773667205,5,-7.20686973216604,2
"1986",52,10.1066701078089,1,-10.4850945297403,2
"1987",52,10.1066701078089,2,-8.44048586504629,2
"1988",52,10.1066701078089,3,10.3440951595331,2
"1989",52,10.1066701078089,4,12.0837456579944,2
"1990",52,10.1066701078089,5,-18.1503672008076,2
"1991",52,10.7836041749688,1,-2.54326174920445,2
"1992",52,10.7836041749688,2,-1.71665021706631,2
"1993",52,10.7836041749688,3,11.799637412403,2
"1994",52,10.7836041749688,4,21.223583715826,2
"1995",52,10.7836041749688,5,0.460547089641779,2
"1996",53,0,1,26.8581323194975,2
"1997",53,0,2,3.03697217513108,2
"1998",53,0,3,-16.3710794145924,2
"1999",53,0,4,-8.58446670830253,2
"2000",53,0,5,-5.73021346010582,2
"2001",53,1.715353773674,1,15.429891165565,2
"2002",53,1.715353773674,2,2.49886231608214,2
"2003",53,1.715353773674,3,-1.18232587407034,2
"2004",53,1.715353773674,4,-8.88710717655999,2
"2005",53,1.715353773674,5,-10.9968377288722,2
"2006",53,2.83210354566108,1,16.8601341960523,2
"2007",53,2.83210354566108,2,1.96662899053721,2
"2008",53,2.83210354566108,3,7.56068005595756,2
"2009",53,2.83210354566108,4,0.369140632700034,2
"2010",53,2.83210354566108,5,-10.8525123420686,2
"2011",53,3.93072184559423,1,9.04644158675861,2
"2012",53,3.93072184559423,2,-6.89284480913043,2
"2013",53,3.93072184559423,3,3.67773392556059,2
"2014",53,3.93072184559423,4,-1.74168440561252,2
"2015",53,3.93072184559423,5,-12.0910766178736,2
"2016",53,5.33862268482335,1,9.18426055559715,2
"2017",53,5.33862268482335,2,-1.64546607291252,2
"2018",53,5.33862268482335,3,12.7179478759155,2
"2019",53,5.33862268482335,4,-4.39269586793814,2
"2020",53,5.33862268482335,5,-4.96125233816509,2
"2021",53,5.88493250100873,1,2.75640737443925,2
"2022",53,5.88493250100873,2,-4.17653144719999,2
"2023",53,5.88493250100873,3,14.6929357061477,2
"2024",53,5.88493250100873,4,-5.56340008343314,2
"2025",53,5.88493250100873,5,-8.35613580252122,2
"2026",53,6.95673586055636,1,-2.60502770375171,2
"2027",53,6.95673586055636,2,-8.35273195544988,2
"2028",53,6.95673586055636,3,11.1016732141086,2
"2029",53,6.95673586055636,4,-2.57372650985139,2
"2030",53,6.95673586055636,5,-16.002686628445,2
"2031",53,7.89575460762717,1,1.13765111609692,2
"2032",53,7.89575460762717,2,0.0535677268424438,2
"2033",53,7.89575460762717,3,14.957122968183,2
"2034",53,7.89575460762717,4,13.5956274501319,2
"2035",53,7.89575460762717,5,-11.4888713615377,2
"2036",53,9.50263569015078,1,-7.11850856524493,2
"2037",53,9.50263569015078,2,-8.02913861528258,2
"2038",53,9.50263569015078,3,5.2837872411559,2
"2039",53,9.50263569015078,4,2.4893710731439,2
"2040",53,9.50263569015078,5,-12.066631532667,2
"2041",53,9.79434669646434,1,-8.35839446804559,2
"2042",53,9.79434669646434,2,-10.7585528879458,2
"2043",53,9.79434669646434,3,12.9923630720422,2
"2044",53,9.79434669646434,4,3.37893702204221,2
"2045",53,9.79434669646434,5,-18.4088901764441,2
"2046",53,10.2966781024588,1,-9.09889534755625,2
"2047",53,10.2966781024588,2,-13.2514251717141,2
"2048",53,10.2966781024588,3,4.1495590127853,2
"2049",53,10.2966781024588,4,2.30151343536763,2
"2050",53,10.2966781024588,5,-14.9025654328966,2
"2051",53,10.8799220342189,1,-18.5137232529784,2
"2052",53,10.8799220342189,2,-23.5052677010121,2
"2053",53,10.8799220342189,3,-7.09500454038987,2
"2054",53,10.8799220342189,4,-10.2813494900868,2
"2055",53,10.8799220342189,5,-28.1275075238288,2
"2056",54,0,1,14.3288378834684,2
"2057",54,0,2,-4.33332260691216,2
"2058",54,0,3,-8.10177613622464,2
"2059",54,0,4,-2.01788627553413,2
"2060",54,0,5,7.85601396758543,2
"2061",54,1.62667658913415,1,7.73223188975863,2
"2062",54,1.62667658913415,2,-3.19071285583227,2
"2063",54,1.62667658913415,3,-3.42186895939495,2
"2064",54,1.62667658913415,4,2.80061766140097,2
"2065",54,1.62667658913415,5,-2.75363425297714,2
"2066",54,2.88220177893527,1,6.52122060865333,2
"2067",54,2.88220177893527,2,-2.06820935634944,2
"2068",54,2.88220177893527,3,1.04394796988081,2
"2069",54,2.88220177893527,4,3.28464765943448,2
"2070",54,2.88220177893527,5,-0.951294517297661,2
"2071",54,3.18422075652052,1,5.41201558037769,2
"2072",54,3.18422075652052,2,-1.83173701214512,2
"2073",54,3.18422075652052,3,7.25959625098345,2
"2074",54,3.18422075652052,4,13.4182951766714,2
"2075",54,3.18422075652052,5,2.56841920768645,2
"2076",54,3.28726114099845,1,3.31746486526819,2
"2077",54,3.28726114099845,2,1.9423087974661,2
"2078",54,3.28726114099845,3,11.8645882767398,2
"2079",54,3.28726114099845,4,4.36293317593943,2
"2080",54,3.28726114099845,5,0.481371370293609,2
"2081",54,3.46193046239205,1,6.08346291532755,2
"2082",54,3.46193046239205,2,1.45645536930605,2
"2083",54,3.46193046239205,3,9.80238942643394,2
"2084",54,3.46193046239205,4,10.1641765166294,2
"2085",54,3.46193046239205,5,-0.193737776898662,2
"2086",54,5.31496630539186,1,2.61809475662163,2
"2087",54,5.31496630539186,2,-1.2957075452697,2
"2088",54,5.31496630539186,3,13.339987703829,2
"2089",54,5.31496630539186,4,15.8159347094411,2
"2090",54,5.31496630539186,5,0.0772942940405779,2
"2091",54,7.75328631780576,1,-2.28277615950247,2
"2092",54,7.75328631780576,2,-4.34600071195568,2
"2093",54,7.75328631780576,3,13.8660693628824,2
"2094",54,7.75328631780576,4,15.3548533334334,2
"2095",54,7.75328631780576,5,0.268462395002413,2
"2096",55,0,1,21.5330178975531,2
"2097",55,0,2,-5.40222746918163,2
"2098",55,0,3,-11.0447891165177,2
"2099",55,0,4,4.67848991877554,2
"2100",55,0,5,9.49332850766038,2
"2101",55,3.54323485749774,1,6.50412292267213,2
"2102",55,3.54323485749774,2,-5.67225739069892,2
"2103",55,3.54323485749774,3,1.54467258889086,2
"2104",55,3.54323485749774,4,5.17766154270593,2
"2105",55,3.54323485749774,5,-5.39823882818993,2
"2106",55,3.91425102902576,1,-5.40152436163722,2
"2107",55,3.91425102902576,2,-6.47056713094285,2
"2108",55,3.91425102902576,3,1.54595535900359,2
"2109",55,3.91425102902576,4,7.90068583082405,2
"2110",55,3.91425102902576,5,-7.60225057244633,2
"2111",55,4.56673415773548,1,-7.28026189229301,2
"2112",55,4.56673415773548,2,-13.8301023562717,2
"2113",55,4.56673415773548,3,-1.76475706341994,2
"2114",55,4.56673415773548,4,5.89338855643479,2
"2115",55,4.56673415773548,5,-5.82475613943558,2
"2116",55,7.34549324342515,1,-13.7190903297795,2
"2117",55,7.34549324342515,2,-12.8167960654639,2
"2118",55,7.34549324342515,3,7.21583569491751,2
"2119",55,7.34549324342515,4,-2.29081931391715,2
"2120",55,7.34549324342515,5,-9.9806765103151,2
"2121",56,0,1,26.0694587530791,2
"2122",56,0,2,8.08358278947808,2
"2123",56,0,3,-1.30214174336385,2
"2124",56,0,4,1.48859471863943,2
"2125",56,0,5,7.37186120335735,2
"2126",56,1.11994092643727,1,18.4407004586617,2
"2127",56,1.11994092643727,2,-3.44689899634926,2
"2128",56,1.11994092643727,3,-4.33416866984258,2
"2129",56,1.11994092643727,4,-3.6253397801346,2
"2130",56,1.11994092643727,5,5.25899674262209,2
"2131",56,1.54658404015936,1,9.68744145863802,2
"2132",56,1.54658404015936,2,-7.73649446984688,2
"2133",56,1.54658404015936,3,-1.32564467056629,2
"2134",56,1.54658404015936,4,-4.53462571040022,2
"2135",56,1.54658404015936,5,1.35705887567237,2
"2136",56,2.47986922040582,1,1.43869632357971,2
"2137",56,2.47986922040582,2,-6.75237539601169,2
"2138",56,2.47986922040582,3,-5.00015656506509,2
"2139",56,2.47986922040582,4,-12.9266317268078,2
"2140",56,2.47986922040582,5,-3.86899340058741,2
"2141",56,2.93493222701363,1,-2.16489962598547,2
"2142",56,2.93493222701363,2,-8.22069866900579,2
"2143",56,2.93493222701363,3,4.09179361359069,2
"2144",56,2.93493222701363,4,-9.66475401604201,2
"2145",56,2.93493222701363,5,-3.95483014721553,2
"2146",56,3.30180047824979,1,5.95046973288384,2
"2147",56,3.30180047824979,2,-3.66123184047835,2
"2148",56,3.30180047824979,3,7.98359490245536,2
"2149",56,3.30180047824979,4,1.37941923884848,2
"2150",56,3.30180047824979,5,2.46739798136766,2
"2151",56,3.95744149072561,1,-3.14273588095291,2
"2152",56,3.95744149072561,2,-0.811242589041406,2
"2153",56,3.95744149072561,3,4.18126245586082,2
"2154",56,3.95744149072561,4,9.18243706022141,2
"2155",56,3.95744149072561,5,-1.37589427345285,2
"2156",56,6.40732538665179,1,-6.19701139903484,2
"2157",56,6.40732538665179,2,-6.01139614454797,2
"2158",56,6.40732538665179,3,12.7405664273551,2
"2159",56,6.40732538665179,4,2.57759576906087,2
"2160",56,6.40732538665179,5,-10.15769400693,2
"2161",56,6.99858607444912,1,-15.0322931929641,2
"2162",56,6.99858607444912,2,-10.8019315665091,2
"2163",56,6.99858607444912,3,5.05445390877902,2
"2164",56,6.99858607444912,4,0.916784643529598,2
"2165",56,6.99858607444912,5,-11.4828750745989,2
"2166",56,7.70817099709529,1,-0.169882710020752,2
"2167",56,7.70817099709529,2,-8.684392515178,2
"2168",56,7.70817099709529,3,19.1994424944476,2
"2169",56,7.70817099709529,4,8.54695146992024,2
"2170",56,7.70817099709529,5,-6.9410226912954,2
"2171",56,9.33054138196167,1,-8.62961157754576,2
"2172",56,9.33054138196167,2,-10.7283178165219,2
"2173",56,9.33054138196167,3,10.6694330353385,2
"2174",56,9.33054138196167,4,7.38989685164607,2
"2175",56,9.33054138196167,5,2.29790902981042,2
"2176",57,0,1,20.65402657294,2
"2177",57,0,2,-2.46364205358715,2
"2178",57,0,3,5.24219329937628,2
"2179",57,0,4,-2.15845017170961,2
"2180",57,0,5,1.57341810918462,2
"2181",57,2.04227675532456,1,17.6356612601169,2
"2182",57,2.04227675532456,2,-0.951799354417986,2
"2183",57,2.04227675532456,3,16.5742239873077,2
"2184",57,2.04227675532456,4,-3.16641425448328,2
"2185",57,2.04227675532456,5,-3.58456752476009,2
"2186",57,4.05828460329212,1,5.27217221946924,2
"2187",57,4.05828460329212,2,1.11307034735053,2
"2188",57,4.05828460329212,3,27.9324086516569,2
"2189",57,4.05828460329212,4,0.694179917351222,2
"2190",57,4.05828460329212,5,-4.87392640647843,2
"2191",57,4.33929446595721,1,3.6733797643189,2
"2192",57,4.33929446595721,2,2.65673880931348,2
"2193",57,4.33929446595721,3,18.127473140216,2
"2194",57,4.33929446595721,4,-1.1197150139249,2
"2195",57,4.33929446595721,5,-4.46390797906697,2
"2196",58,0,1,20.554410461076,2
"2197",58,0,2,-10.8889555677294,2
"2198",58,0,3,-13.0440641326483,2
"2199",58,0,4,-0.730432671087522,2
"2200",58,0,5,-9.71157575691399,2
"2201",58,2.11611703108065,1,3.15713629792773,2
"2202",58,2.11611703108065,2,-9.41721881243292,2
"2203",58,2.11611703108065,3,-3.6737529133269,2
"2204",58,2.11611703108065,4,3.72706747853996,2
"2205",58,2.11611703108065,5,-6.00332289686235,2
"2206",58,7.05599859252106,1,-3.54581009126336,2
"2207",58,7.05599859252106,2,-10.3569012562537,2
"2208",58,7.05599859252106,3,16.0284151957036,2
"2209",58,7.05599859252106,4,13.0099774712806,2
"2210",58,7.05599859252106,5,-2.03005106889303,2
"2211",58,9.32883376337122,1,4.18847975676285,2
"2212",58,9.32883376337122,2,-10.6350605579888,2
"2213",58,9.32883376337122,3,16.5449265039438,2
"2214",58,9.32883376337122,4,15.9739516904706,2
"2215",58,9.32883376337122,5,1.81266524524019,2
"2216",59,0,1,20.8967117188895,2
"2217",59,0,2,5.09486732861082,2
"2218",59,0,3,-15.6564408264521,2
"2219",59,0,4,1.62158666317453,2
"2220",59,0,5,-7.874981509424,2
"2221",59,0.731734855216928,1,16.4999214020253,2
"2222",59,0.731734855216928,2,-0.0228216155248362,2
"2223",59,0.731734855216928,3,-11.5565289191459,2
"2224",59,0.731734855216928,4,-5.40648800592398,2
"2225",59,0.731734855216928,5,-5.64389830338315,2
"2226",59,1.93530153739266,1,14.7349761309936,2
"2227",59,1.93530153739266,2,-7.01756261784918,2
"2228",59,1.93530153739266,3,-2.07167354614186,2
"2229",59,1.93530153739266,4,4.86010601488972,2
"2230",59,1.93530153739266,5,-7.06061712117144,2
"2231",59,4.11538848257624,1,5.52943584703301,2
"2232",59,4.11538848257624,2,-0.991943336470454,2
"2233",59,4.11538848257624,3,2.82884881360245,2
"2234",59,4.11538848257624,4,7.02805595035713,2
"2235",59,4.11538848257624,5,-8.10928810420575,2
"2236",59,4.8606384168379,1,3.55616787110247,2
"2237",59,4.8606384168379,2,-2.36975146474037,2
"2238",59,4.8606384168379,3,5.78316357530368,2
"2239",59,4.8606384168379,4,5.94525048998328,2
"2240",59,4.8606384168379,5,-8.76435059956526,2
"2241",59,5.23762389237527,1,-3.20600956216874,2
"2242",59,5.23762389237527,2,-1.15712260614122,2
"2243",59,5.23762389237527,3,11.7214919380413,2
"2244",59,5.23762389237527,4,8.2667983316456,2
"2245",59,5.23762389237527,5,-10.6893279815413,2
"2246",59,7.27874163642991,1,-10.8483778756931,2
"2247",59,7.27874163642991,2,-10.1506510903275,2
"2248",59,7.27874163642991,3,9.73282060878151,2
"2249",59,7.27874163642991,4,9.21355097541138,2
"2250",59,7.27874163642991,5,-15.4679219053684,2
"2251",59,8.51364014158025,1,-4.59994967422013,2
"2252",59,8.51364014158025,2,-7.18637754478519,2
"2253",59,8.51364014158025,3,13.4763942083717,2
"2254",59,8.51364014158025,4,11.5554659231641,2
"2255",59,8.51364014158025,5,-14.215852405564,2
"2256",59,9.71478736086283,1,-10.3460112278572,2
"2257",59,9.71478736086283,2,-3.69970365088596,2
"2258",59,9.71478736086283,3,13.1845188144904,2
"2259",59,9.71478736086283,4,15.0449216710462,2
"2260",59,9.71478736086283,5,-10.5883250850451,2
"2261",59,10.8195028579794,1,-2.88036159293555,2
"2262",59,10.8195028579794,2,-9.84055043197741,2
"2263",59,10.8195028579794,3,2.46544619332617,2
"2264",59,10.8195028579794,4,16.3628711354649,2
"2265",59,10.8195028579794,5,-11.5620519838063,2
"2266",60,0,1,17.0049478946806,2
"2267",60,0,2,0.284500975392441,2
"2268",60,0,3,-11.0314504640842,2
"2269",60,0,4,-1.85309164066152,2
"2270",60,0,5,-5.26070162486548,2
"2271",60,1.9133183255326,1,8.09705537663867,2
"2272",60,1.9133183255326,2,-3.78356088869825,2
"2273",60,1.9133183255326,3,-0.974961676912977,2
"2274",60,1.9133183255326,4,4.1510389848857,2
"2275",60,1.9133183255326,5,-5.34809211182781,2
"2276",60,2.45645936427172,1,14.1065737116451,2
"2277",60,2.45645936427172,2,-2.53381751126295,2
"2278",60,2.45645936427172,3,1.01089058411575,2
"2279",60,2.45645936427172,4,6.1828472823643,2
"2280",60,2.45645936427172,5,-8.85704866408357,2
"2281",60,5.55135948990937,1,-0.54067451546924,2
"2282",60,5.55135948990937,2,-2.94966654353232,2
"2283",60,5.55135948990937,3,8.29495466661288,2
"2284",60,5.55135948990937,4,3.06283031872375,2
"2285",60,5.55135948990937,5,-21.9305536106878,2
"2286",60,9.8887115677353,1,-2.74688355751456,2
"2287",60,9.8887115677353,2,-3.65325844415945,2
"2288",60,9.8887115677353,3,14.5694089547228,2
"2289",60,9.8887115677353,4,18.2593915134734,2
"2290",60,9.8887115677353,5,-8.70455090519154,2
"2291",61,0,1,24.1978294583753,2
"2292",61,0,2,-3.11981635340936,2
"2293",61,0,3,-7.40561866112244,2
"2294",61,0,4,2.18400804582934,2
"2295",61,0,5,-7.62972937826683,2
"2296",61,1.24014656292275,1,21.9506049672086,2
"2297",61,1.24014656292275,2,1.27072981311251,2
"2298",61,1.24014656292275,3,-0.761813334666848,2
"2299",61,1.24014656292275,4,2.05336324492254,2
"2300",61,1.24014656292275,5,-13.0121680120368,2
"2301",61,4.07965897920076,1,5.30837786861565,2
"2302",61,4.07965897920076,2,-6.01487427556309,2
"2303",61,4.07965897920076,3,9.34082652723344,2
"2304",61,4.07965897920076,4,8.4949250980476,2
"2305",61,4.07965897920076,5,-9.48693856671108,2
"2306",61,4.70761043007951,1,2.74122849459638,2
"2307",61,4.70761043007951,2,-2.99516300218426,2
"2308",61,4.70761043007951,3,10.0485838102391,2
"2309",61,4.70761043007951,4,8.54317678086769,2
"2310",61,4.70761043007951,5,-14.0884148017568,2
"2311",61,4.82095024641603,1,2.09336169631116,2
"2312",61,4.82095024641603,2,0.811178147100929,2
"2313",61,4.82095024641603,3,13.8450043618287,2
"2314",61,4.82095024641603,4,6.9476206738209,2
"2315",61,4.82095024641603,5,-12.6833224458053,2
"2316",61,6.36927702068351,1,-3.79764010585764,2
"2317",61,6.36927702068351,2,-5.18449962515738,2
"2318",61,6.36927702068351,3,16.637582859421,2
"2319",61,6.36927702068351,4,5.14927410333966,2
"2320",61,6.36927702068351,5,-20.610727003332,2
"2321",61,6.78539265645668,1,-10.3411371248326,2
"2322",61,6.78539265645668,2,-10.6083236331038,2
"2323",61,6.78539265645668,3,10.1120935039647,2
"2324",61,6.78539265645668,4,2.75361908884709,2
"2325",61,6.78539265645668,5,-24.0514010969191,2
"2326",61,7.21561880817171,1,3.20416479317267,2
"2327",61,7.21561880817171,2,-6.75793235655108,2
"2328",61,7.21561880817171,3,13.8759160044182,2
"2329",61,7.21561880817171,4,12.1421860970547,2
"2330",61,7.21561880817171,5,-18.9208232882375,2
"2331",61,7.25403453269973,1,-1.91526820447041,2
"2332",61,7.25403453269973,2,-0.481254660555688,2
"2333",61,7.25403453269973,3,19.7267830257713,2
"2334",61,7.25403453269973,4,16.9844872119513,2
"2335",61,7.25403453269973,5,-16.8357922710952,2
"2336",62,0,1,23.0107484365538,2
"2337",62,0,2,1.649071972058,2
"2338",62,0,3,-4.37453986732415,2
"2339",62,0,4,-0.126378187589861,2
"2340",62,0,5,0.103191369598382,2
"2341",62,1.29305102629587,1,14.8885644892064,2
"2342",62,1.29305102629587,2,-5.71460705126528,2
"2343",62,1.29305102629587,3,2.77486262532151,2
"2344",62,1.29305102629587,4,-0.499776669465116,2
"2345",62,1.29305102629587,5,0.943362568044033,2
"2346",62,1.53591122105718,1,12.5567220503087,2
"2347",62,1.53591122105718,2,-4.64684536212745,2
"2348",62,1.53591122105718,3,7.25591263113996,2
"2349",62,1.53591122105718,4,-0.518541658281753,2
"2350",62,1.53591122105718,5,-6.7421715622794,2
"2351",62,4.35936333844438,1,1.20793300692488,2
"2352",62,4.35936333844438,2,-7.45048750968928,2
"2353",62,4.35936333844438,3,7.8414895218714,2
"2354",62,4.35936333844438,4,0.848644547511731,2
"2355",62,4.35936333844438,5,-16.150137652341,2
"2356",62,4.95911613642238,1,-7.52569040812663,2
"2357",62,4.95911613642238,2,-7.94620990437577,2
"2358",62,4.95911613642238,3,13.3102734150033,2
"2359",62,4.95911613642238,4,1.91718518088304,2
"2360",62,4.95911613642238,5,-13.1583429943494,2
"2361",62,6.81561997125391,1,1.16174016471862,2
"2362",62,6.81561997125391,2,0.634178404193318,2
"2363",62,6.81561997125391,3,18.0217870851668,2
"2364",62,6.81561997125391,4,12.0944915083675,2
"2365",62,6.81561997125391,5,-5.96095639435526,2
"2366",62,6.97536191693507,1,-0.694015423938755,2
"2367",62,6.97536191693507,2,-5.93572197748266,2
"2368",62,6.97536191693507,3,20.4977208743169,2
"2369",62,6.97536191693507,4,7.02261536188342,2
"2370",62,6.97536191693507,5,-9.69799857222963,2
"2371",62,8.04427084326744,1,-4.87176593559601,2
"2372",62,8.04427084326744,2,-5.83547499745183,2
"2373",62,8.04427084326744,3,17.3799465705611,2
"2374",62,8.04427084326744,4,13.2301210585018,2
"2375",62,8.04427084326744,5,-5.52360736378784,2
"2376",62,8.34121077449527,1,-3.58360921882556,2
"2377",62,8.34121077449527,2,-6.15288319857201,2
"2378",62,8.34121077449527,3,21.7205466798723,2
"2379",62,8.34121077449527,4,11.311617378427,2
"2380",62,8.34121077449527,5,-11.2400221482592,2
"2381",62,10.5268868816784,1,0.0934305655977911,2
"2382",62,10.5268868816784,2,2.88312892605876,2
"2383",62,10.5268868816784,3,23.3069501321516,2
"2384",62,10.5268868816784,4,20.6559842747055,2
"2385",62,10.5268868816784,5,-0.65185832368724,2
"2386",63,0,1,21.6673757695349,2
"2387",63,0,2,3.50969530272608,2
"2388",63,0,3,-14.7550684804226,2
"2389",63,0,4,-0.415647630929435,2
"2390",63,0,5,-1.51289845240769,2
"2391",63,3.24830443377141,1,2.28721837420677,2
"2392",63,3.24830443377141,2,0.554942267582939,2
"2393",63,3.24830443377141,3,-5.69226420294875,2
"2394",63,3.24830443377141,4,1.56824015082175,2
"2395",63,3.24830443377141,5,-1.03582226953273,2
"2396",63,4.46786768338643,1,5.1128823655684,2
"2397",63,4.46786768338643,2,2.6863970549131,2
"2398",63,4.46786768338643,3,8.12300464837808,2
"2399",63,4.46786768338643,4,8.24404188608179,2
"2400",63,4.46786768338643,5,-0.10079388409473,2
"2401",63,4.93527492624708,1,0.151034650594851,2
"2402",63,4.93527492624708,2,-1.14205310501974,2
"2403",63,4.93527492624708,3,-4.99912272779189,2
"2404",63,4.93527492624708,4,4.1179296215113,2
"2405",63,4.93527492624708,5,-9.25837871112689,2
"2406",63,6.998398153577,1,-6.43917717979945,2
"2407",63,6.998398153577,2,-3.51850017562702,2
"2408",63,6.998398153577,3,4.74003890183715,2
"2409",63,6.998398153577,4,10.0486819104632,2
"2410",63,6.998398153577,5,-6.36922421239112,2
"2411",63,7.87892008246854,1,-7.45612587628623,2
"2412",63,7.87892008246854,2,-3.3973199473343,2
"2413",63,7.87892008246854,3,7.57659519920238,2
"2414",63,7.87892008246854,4,13.6896714645335,2
"2415",63,7.87892008246854,5,-9.70521526762487,2
"2416",64,0,1,21.2380208105842,2
"2417",64,0,2,-2.10033225335341,2
"2418",64,0,3,-12.758069918122,2
"2419",64,0,4,-11.0498727072199,2
"2420",64,0,5,-12.0859977347058,2
"2421",64,2.68193813739344,1,9.78904372038102,2
"2422",64,2.68193813739344,2,-1.05838374919053,2
"2423",64,2.68193813739344,3,6.71741047323402,2
"2424",64,2.68193813739344,4,-0.83393301991352,2
"2425",64,2.68193813739344,5,-5.34437653455845,2
"2426",64,3.47986332280561,1,3.79227891816397,2
"2427",64,3.47986332280561,2,0.140751808530978,2
"2428",64,3.47986332280561,3,9.74830839993437,2
"2429",64,3.47986332280561,4,0.339622675355993,2
"2430",64,3.47986332280561,5,-13.0432313498811,2
"2431",64,5.48775105678942,1,-13.1010129012923,2
"2432",64,5.48775105678942,2,-8.46233472787877,2
"2433",64,5.48775105678942,3,-0.0716159834541914,2
"2434",64,5.48775105678942,4,-2.09934190364916,2
"2435",64,5.48775105678942,5,-17.2570026621531,2
"2436",64,6.06759244436398,1,-7.83015181942494,2
"2437",64,6.06759244436398,2,-4.17285939625351,2
"2438",64,6.06759244436398,3,6.47709265355972,2
"2439",64,6.06759244436398,4,-3.57011426015728,2
"2440",64,6.06759244436398,5,-15.0966683625247,2
"2441",64,7.34841865370981,1,-15.3426661582079,2
"2442",64,7.34841865370981,2,-5.6063245320207,2
"2443",64,7.34841865370981,3,4.64872491374714,2
"2444",64,7.34841865370981,4,-3.46135859586784,2
"2445",64,7.34841865370981,5,-17.28709055665,2
"2446",64,8.51161850092467,1,-8.53268170541998,2
"2447",64,8.51161850092467,2,-2.89621035836644,2
"2448",64,8.51161850092467,3,5.71445671605837,2
"2449",64,8.51161850092467,4,4.46232392245618,2
"2450",64,8.51161850092467,5,-16.6054541391578,2
"2451",64,8.98737278173212,1,-8.0844164129675,2
"2452",64,8.98737278173212,2,-12.5275238712599,2
"2453",64,8.98737278173212,3,6.96073251210403,2
"2454",64,8.98737278173212,4,0.0196828834331311,2
"2455",64,8.98737278173212,5,-25.4108294943414,2
"2456",64,9.09397588612046,1,-7.78451332118432,2
"2457",64,9.09397588612046,2,-4.61315140123141,2
"2458",64,9.09397588612046,3,15.6686644963843,2
"2459",64,9.09397588612046,4,2.09602121898339,2
"2460",64,9.09397588612046,5,-12.0016556415287,2
"2461",64,9.34843571356032,1,-4.36322467676867,2
"2462",64,9.34843571356032,2,-1.61974997523642,2
"2463",64,9.34843571356032,3,14.7332992584945,2
"2464",64,9.34843571356032,4,18.3531052180273,2
"2465",64,9.34843571356032,5,-4.77454091131383,2
"2466",64,9.60189107817132,1,-5.97035634054382,2
"2467",64,9.60189107817132,2,-13.7703947263485,2
"2468",64,9.60189107817132,3,8.19369446242042,2
"2469",64,9.60189107817132,4,2.88261414464641,2
"2470",64,9.60189107817132,5,-15.5314627012738,2
"2471",64,9.71724104008172,1,-12.4677331050179,2
"2472",64,9.71724104008172,2,-5.95844977318789,2
"2473",64,9.71724104008172,3,14.5065892613903,2
"2474",64,9.71724104008172,4,2.84267017492783,2
"2475",64,9.71724104008172,5,-16.1443586762033,2
"2476",65,0,1,17.7125079271978,2
"2477",65,0,2,-2.84403289180153,2
"2478",65,0,3,-13.2497575860913,2
"2479",65,0,4,6.44856616309671,2
"2480",65,0,5,15.1068972424785,2
"2481",65,3.41316449735314,1,-2.2386934995277,2
"2482",65,3.41316449735314,2,-4.73768013595955,2
"2483",65,3.41316449735314,3,7.39149636950938,2
"2484",65,3.41316449735314,4,6.64094516116826,2
"2485",65,3.41316449735314,5,-0.806670392849865,2
"2486",65,4.14781392982695,1,-6.21494159528099,2
"2487",65,4.14781392982695,2,-6.12352066722528,2
"2488",65,4.14781392982695,3,6.21544047202448,2
"2489",65,4.14781392982695,4,4.8174912858923,2
"2490",65,4.14781392982695,5,-6.51341927045049,2
"2491",65,4.30107641918585,1,-10.7081100675091,2
"2492",65,4.30107641918585,2,-13.1933502596088,2
"2493",65,4.30107641918585,3,1.36280501056737,2
"2494",65,4.30107641918585,4,-2.62558476572909,2
"2495",65,4.30107641918585,5,-9.18431154706938,2
"2496",65,6.23203789046966,1,-5.54796152687706,2
"2497",65,6.23203789046966,2,-8.2768157394113,2
"2498",65,6.23203789046966,3,4.77206013626273,2
"2499",65,6.23203789046966,4,5.21498224636352,2
"2500",65,6.23203789046966,5,-6.91816033705074,2
"2501",65,8.21016153797973,1,-8.03356674187296,2
"2502",65,8.21016153797973,2,-2.12962072152878,2
"2503",65,8.21016153797973,3,15.2376752725287,2
"2504",65,8.21016153797973,4,13.538186504339,2
"2505",65,8.21016153797973,5,-2.58643849551835,2
"2506",65,8.45708652026951,1,-11.4391384801093,2
"2507",65,8.45708652026951,2,-10.6096793444799,2
"2508",65,8.45708652026951,3,11.7965959274866,2
"2509",65,8.45708652026951,4,10.1450139107836,2
"2510",65,8.45708652026951,5,-4.69098198885602,2
"2511",66,0,1,27.1935214172554,2
"2512",66,0,2,1.92161396417118,2
"2513",66,0,3,-9.08851754726301,2
"2514",66,0,4,-1.23408784613725,2
"2515",66,0,5,2.47908522446619,2
"2516",66,0.71982272353489,1,15.9848027257443,2
"2517",66,0.71982272353489,2,-3.08454893777451,2
"2518",66,0.71982272353489,3,-2.51930877948561,2
"2519",66,0.71982272353489,4,-2.81682897584756,2
"2520",66,0.71982272353489,5,-0.355410658297761,2
"2521",66,1.85028577840421,1,6.98327319603908,2
"2522",66,1.85028577840421,2,-3.03936866672523,2
"2523",66,1.85028577840421,3,-2.72966691818329,2
"2524",66,1.85028577840421,4,-0.369500851737916,2
"2525",66,1.85028577840421,5,-5.27820237288486,2
"2526",66,3.16822045843583,1,3.95541314892831,2
"2527",66,3.16822045843583,2,-1.53244929584162,2
"2528",66,3.16822045843583,3,2.97489531391318,2
"2529",66,3.16822045843583,4,8.13527979951563,2
"2530",66,3.16822045843583,5,-5.33153172295208,2
"2531",66,4.33493215579074,1,6.0739864891791,2
"2532",66,4.33493215579074,2,0.0238263132952841,2
"2533",66,4.33493215579074,3,7.27924442155236,2
"2534",66,4.33493215579074,4,7.36722460871791,2
"2535",66,4.33493215579074,5,-1.84005102495637,2
"2536",66,6.57617009489331,1,1.43858588277326,2
"2537",66,6.57617009489331,2,-6.46202875642624,2
"2538",66,6.57617009489331,3,20.0607113709089,2
"2539",66,6.57617009489331,4,12.8677310838417,2
"2540",66,6.57617009489331,5,-2.6964349547094,2
"2541",66,8.2783241259167,1,-6.35536335319391,2
"2542",66,8.2783241259167,2,-8.08395470825119,2
"2543",66,8.2783241259167,3,18.4818456344289,2
"2544",66,8.2783241259167,4,16.1421468390458,2
"2545",66,8.2783241259167,5,-6.1238874534596,2
"2546",66,9.69551356078591,1,-15.3936767044024,2
"2547",66,9.69551356078591,2,-15.3718879562786,2
"2548",66,9.69551356078591,3,8.44168988486789,2
"2549",66,9.69551356078591,4,3.83945271278723,2
"2550",66,9.69551356078591,5,-14.8192925622141,2
"2551",67,0,1,15.1696690040582,2
"2552",67,0,2,0.773086354309707,2
"2553",67,0,3,-11.7067412541371,2
"2554",67,0,4,-6.69377741362794,2
"2555",67,0,5,-1.21791459286917,2
"2556",67,1.33168647997081,1,16.5670156873989,2
"2557",67,1.33168647997081,2,0.49251476503094,2
"2558",67,1.33168647997081,3,-7.64834485195506,2
"2559",67,1.33168647997081,4,0.611273554402266,2
"2560",67,1.33168647997081,5,-9.12549770225038,2
"2561",67,2.1842410559766,1,10.5035944547228,2
"2562",67,2.1842410559766,2,3.96675088111919,2
"2563",67,2.1842410559766,3,-0.690829962486187,2
"2564",67,2.1842410559766,4,-4.28827423514194,2
"2565",67,2.1842410559766,5,-3.79970172854532,2
"2566",67,4.58112517616246,1,-1.92745915822007,2
"2567",67,4.58112517616246,2,-4.33831552015394,2
"2568",67,4.58112517616246,3,5.05069255336334,2
"2569",67,4.58112517616246,4,-2.60781109925819,2
"2570",67,4.58112517616246,5,-6.1025063701348,2
"2571",67,4.6048982788343,1,0.720491911552536,2
"2572",67,4.6048982788343,2,-3.36000841324539,2
"2573",67,4.6048982788343,3,6.19255565137038,2
"2574",67,4.6048982788343,4,6.03774708549853,2
"2575",67,4.6048982788343,5,-5.23041441863849,2
"2576",67,4.95017317065503,1,0.895422439205337,2
"2577",67,4.95017317065503,2,6.64421806193379,2
"2578",67,4.95017317065503,3,1.75750914476577,2
"2579",67,4.95017317065503,4,6.40119516480318,2
"2580",67,4.95017317065503,5,-10.4277212629339,2
"2581",67,5.31114423228428,1,-5.94454905268246,2
"2582",67,5.31114423228428,2,-8.03999334765864,2
"2583",67,5.31114423228428,3,1.7529354079544,2
"2584",67,5.31114423228428,4,0.110623270685331,2
"2585",67,5.31114423228428,5,-1.89352316717886,2
"2586",67,10.0960510725854,1,-0.0073665306535684,2
"2587",67,10.0960510725854,2,-2.8522190384801,2
"2588",67,10.0960510725854,3,14.6653027868375,2
"2589",67,10.0960510725854,4,12.2636792445807,2
"2590",67,10.0960510725854,5,-7.43464358125587,2
"2591",68,0,1,16.1050745489735,2
"2592",68,0,2,-2.68156105700596,2
"2593",68,0,3,-19.6726816034972,2
"2594",68,0,4,-6.66530536326664,2
"2595",68,0,5,-6.1944508994518,2
"2596",68,1.73102806077804,1,7.2197832759453,2
"2597",68,1.73102806077804,2,-5.53566808310528,2
"2598",68,1.73102806077804,3,-4.80052311508581,2
"2599",68,1.73102806077804,4,4.19134032515852,2
"2600",68,1.73102806077804,5,-3.42575448938884,2
"2601",68,3.16144699009601,1,-2.89908259971231,2
"2602",68,3.16144699009601,2,-1.56964885394533,2
"2603",68,3.16144699009601,3,6.18644534581258,2
"2604",68,3.16144699009601,4,3.03401566333074,2
"2605",68,3.16144699009601,5,-5.02467286199192,2
"2606",68,3.39707211148925,1,2.43394393365578,2
"2607",68,3.39707211148925,2,-3.8520655117146,2
"2608",68,3.39707211148925,3,2.23919276410779,2
"2609",68,3.39707211148925,4,-0.942997152084629,2
"2610",68,3.39707211148925,5,-10.0344312457647,2
"2611",68,4.19135695218574,1,-2.05643076233143,2
"2612",68,4.19135695218574,2,0.431936501560847,2
"2613",68,4.19135695218574,3,10.4208982583044,2
"2614",68,4.19135695218574,4,4.45444668405083,2
"2615",68,4.19135695218574,5,-3.98117191947244,2
"2616",68,5.16832304932177,1,-7.32634317780103,2
"2617",68,5.16832304932177,2,-6.01840757280864,2
"2618",68,5.16832304932177,3,7.60717676778638,2
"2619",68,5.16832304932177,4,2.34460471020747,2
"2620",68,5.16832304932177,5,-7.12164930617973,2
"2621",68,9.61044337740168,1,-19.6678622630752,2
"2622",68,9.61044337740168,2,-16.3796852970414,2
"2623",68,9.61044337740168,3,2.78999102816006,2
"2624",68,9.61044337740168,4,-1.45952118800121,2
"2625",68,9.61044337740168,5,-17.1178335848279,2
"2626",68,9.91341593093239,1,-15.2304488474591,2
"2627",68,9.91341593093239,2,-7.12647665474771,2
"2628",68,9.91341593093239,3,11.7561572019557,2
"2629",68,9.91341593093239,4,1.13842249638762,2
"2630",68,9.91341593093239,5,-9.64936659226103,2
"2631",69,0,1,21.7423913392849,2
"2632",69,0,2,3.93724031622056,2
"2633",69,0,3,-15.6270118434204,2
"2634",69,0,4,-2.86508147536588,2
"2635",69,0,5,-4.49086607349876,2
"2636",69,0.796363262925297,1,15.6038513546704,2
"2637",69,0.796363262925297,2,0.196533090519022,2
"2638",69,0.796363262925297,3,-7.74531787820422,2
"2639",69,0.796363262925297,4,-9.33676108072725,2
"2640",69,0.796363262925297,5,-3.9299479941062,2
"2641",69,0.827932351035997,1,11.0361889072697,2
"2642",69,0.827932351035997,2,0.0148302735844105,2
"2643",69,0.827932351035997,3,-5.64953071695126,2
"2644",69,0.827932351035997,4,0.485118708190808,2
"2645",69,0.827932351035997,5,-4.8230180819952,2
"2646",69,1.18545817385893,1,13.7613575360392,2
"2647",69,1.18545817385893,2,-3.47755430469218,2
"2648",69,1.18545817385893,3,-3.05641023908694,2
"2649",69,1.18545817385893,4,-6.9235240368092,2
"2650",69,1.18545817385893,5,-9.29414618872531,2
"2651",69,5.11827756825369,1,-3.69865371632733,2
"2652",69,5.11827756825369,2,-3.59213057532289,2
"2653",69,5.11827756825369,3,10.9456983756647,2
"2654",69,5.11827756825369,4,6.58914241843102,2
"2655",69,5.11827756825369,5,-7.52389616416797,2
"2656",69,8.67141974822152,1,-4.47717640272336,2
"2657",69,8.67141974822152,2,0.874363975140331,2
"2658",69,8.67141974822152,3,20.1673484418455,2
"2659",69,8.67141974822152,4,14.8402287398077,2
"2660",69,8.67141974822152,5,-6.24831362405423,2
"2661",69,9.11849724233616,1,-0.079337040615183,2
"2662",69,9.11849724233616,2,7.96009542919595,2
"2663",69,9.11849724233616,3,20.446034274217,2
"2664",69,9.11849724233616,4,17.8946586871451,2
"2665",69,9.11849724233616,5,-2.57991247580852,2
"2666",69,9.43615168973338,1,-15.5775861970364,2
"2667",69,9.43615168973338,2,-11.7101238506598,2
"2668",69,9.43615168973338,3,8.22147678659114,2
"2669",69,9.43615168973338,4,1.45536732671277,2
"2670",69,9.43615168973338,5,-13.8618007815035,2
"2671",69,9.62524736800697,1,-14.613885345063,2
"2672",69,9.62524736800697,2,-3.96443509382355,2
"2673",69,9.62524736800697,3,6.74165702973054,2
"2674",69,9.62524736800697,4,9.00687498125599,2
"2675",69,9.62524736800697,5,-14.5938633848011,2
"2676",70,0,1,13.5559493337412,2
"2677",70,0,2,2.33674013259831,2
"2678",70,0,3,-16.6357168863903,2
"2679",70,0,4,-5.55277788722655,2
"2680",70,0,5,-3.07624916030705,2
"2681",70,4.9892003176501,1,-1.6581708089243,2
"2682",70,4.9892003176501,2,-7.82600353912478,2
"2683",70,4.9892003176501,3,9.59075592226178,2
"2684",70,4.9892003176501,4,-1.03152563479433,2
"2685",70,4.9892003176501,5,-18.8367969932357,2
"2686",70,5.69907600816805,1,-7.39958788517274,2
"2687",70,5.69907600816805,2,-3.84151354470068,2
"2688",70,5.69907600816805,3,6.95093459422097,2
"2689",70,5.69907600816805,4,4.55836873093896,2
"2690",70,5.69907600816805,5,-10.3625898439202,2
"2691",70,6.37449409603141,1,-4.31829095377868,2
"2692",70,6.37449409603141,2,-6.00207862903863,2
"2693",70,6.37449409603141,3,19.3858774899612,2
"2694",70,6.37449409603141,4,-2.00214536581276,2
"2695",70,6.37449409603141,5,-16.3129268675316,2
"2696",71,0,1,12.0616778058527,2
"2697",71,0,2,-2.09723067791168,2
"2698",71,0,3,-15.4292474452611,2
"2699",71,0,4,3.30108568254037,2
"2700",71,0,5,0.602217887440881,2
"2701",71,2.1780316362856,1,9.31989788142909,2
"2702",71,2.1780316362856,2,7.583031078449,2
"2703",71,2.1780316362856,3,-0.279848569994738,2
"2704",71,2.1780316362856,4,7.33615959764527,2
"2705",71,2.1780316362856,5,-2.88436714132513,2
"2706",71,2.5587350691203,1,8.8444663677893,2
"2707",71,2.5587350691203,2,-2.46956477446368,2
"2708",71,2.5587350691203,3,10.2886443077986,2
"2709",71,2.5587350691203,4,14.8696970710719,2
"2710",71,2.5587350691203,5,4.76566029881631,2
"2711",71,2.94614371121861,1,9.95524731244856,2
"2712",71,2.94614371121861,2,0.586057484079844,2
"2713",71,2.94614371121861,3,3.13974434734929,2
"2714",71,2.94614371121861,4,5.31339964036319,2
"2715",71,2.94614371121861,5,-4.33733669505564,2
"2716",71,4.37497954384889,1,1.96659327326802,2
"2717",71,4.37497954384889,2,-5.10140545377724,2
"2718",71,4.37497954384889,3,3.30934535386759,2
"2719",71,4.37497954384889,4,11.0378223094323,2
"2720",71,4.37497954384889,5,-3.42774579111583,2
"2721",71,4.42961098067462,1,-6.23501302161938,2
"2722",71,4.42961098067462,2,-5.45799439141834,2
"2723",71,4.42961098067462,3,5.50892607112934,2
"2724",71,4.42961098067462,4,10.6604150291682,2
"2725",71,4.42961098067462,5,-6.56413499323038,2
"2726",71,6.24102238717023,1,-9.24014740214381,2
"2727",71,6.24102238717023,2,-13.5271798204606,2
"2728",71,6.24102238717023,3,3.46295765086622,2
"2729",71,6.24102238717023,4,6.77641221955798,2
"2730",71,6.24102238717023,5,-10.4905380243985,2
"2731",71,7.60678793350235,1,-18.9333367935146,2
"2732",71,7.60678793350235,2,-14.5389464167341,2
"2733",71,7.60678793350235,3,5.1097003496941,2
"2734",71,7.60678793350235,4,5.39223303149625,2
"2735",71,7.60678793350235,5,-16.8657227811712,2
"2736",71,9.09975736949127,1,-17.6397440780966,2
"2737",71,9.09975736949127,2,-18.7889559616254,2
"2738",71,9.09975736949127,3,-1.71352235968965,2
"2739",71,9.09975736949127,4,5.29926922803518,2
"2740",71,9.09975736949127,5,-15.9409521188174,2
"2741",71,10.3235039022984,1,-24.7560441413752,2
"2742",71,10.3235039022984,2,-15.8150936970775,2
"2743",71,10.3235039022984,3,-7.74306014567294,2
"2744",71,10.3235039022984,4,5.49299026948409,2
"2745",71,10.3235039022984,5,-16.0726299518658,2
"2746",72,0,1,25.6099742316638,2
"2747",72,0,2,1.1162985001717,2
"2748",72,0,3,-5.16233428224656,2
"2749",72,0,4,4.26773175679561,2
"2750",72,0,5,-3.51841403367492,2
"2751",72,3.24493589566555,1,9.31101919590762,2
"2752",72,3.24493589566555,2,-9.29098332407507,2
"2753",72,3.24493589566555,3,2.56268519963924,2
"2754",72,3.24493589566555,4,2.41940188246222,2
"2755",72,3.24493589566555,5,-13.8236607588147,2
"2756",72,3.37665055121761,1,9.20293119582803,2
"2757",72,3.37665055121761,2,-7.23184431924972,2
"2758",72,3.37665055121761,3,8.85782997066129,2
"2759",72,3.37665055121761,4,4.48810065720108,2
"2760",72,3.37665055121761,5,-10.1154085481707,2
"2761",72,3.76326325791888,1,8.87948659852071,2
"2762",72,3.76326325791888,2,-6.34551163709521,2
"2763",72,3.76326325791888,3,11.0361572354026,2
"2764",72,3.76326325791888,4,8.31367388955916,2
"2765",72,3.76326325791888,5,-8.36588253188733,2
"2766",72,5.50890849297866,1,7.1103405415217,2
"2767",72,5.50890849297866,2,-6.04240132869037,2
"2768",72,5.50890849297866,3,8.78630870727219,2
"2769",72,5.50890849297866,4,9.09497374746523,2
"2770",72,5.50890849297866,5,-8.37432988775819,2
"2771",72,5.84671123698354,1,8.47037336975407,2
"2772",72,5.84671123698354,2,0.161740185494263,2
"2773",72,5.84671123698354,3,13.6982418780174,2
"2774",72,5.84671123698354,4,10.4087232776956,2
"2775",72,5.84671123698354,5,-4.83683836941077,2
"2776",72,7.66412128903903,1,-1.87218816887725,2
"2777",72,7.66412128903903,2,-5.69866239440019,2
"2778",72,7.66412128903903,3,19.0515645024897,2
"2779",72,7.66412128903903,4,11.1568271699804,2
"2780",72,7.66412128903903,5,-4.6985606711145,2
"2781",72,7.68448401952628,1,2.63549482699879,2
"2782",72,7.68448401952628,2,-11.2470221556302,2
"2783",72,7.68448401952628,3,10.3185163225306,2
"2784",72,7.68448401952628,4,8.51295413017063,2
"2785",72,7.68448401952628,5,-10.4160875287607,2
"2786",73,0,1,19.2927388558169,2
"2787",73,0,2,3.9301431508047,2
"2788",73,0,3,0.0406807102396609,2
"2789",73,0,4,-7.09591114679316,2
"2790",73,0,5,-2.83082988157693,2
"2791",73,2.56216179649346,1,7.48963205986921,2
"2792",73,2.56216179649346,2,2.43542239708029,2
"2793",73,2.56216179649346,3,5.96748529168375,2
"2794",73,2.56216179649346,4,-3.17222405992398,2
"2795",73,2.56216179649346,5,-9.40316257179947,2
"2796",73,9.53447571455035,1,-18.5846625194084,2
"2797",73,9.53447571455035,2,-12.5902507740139,2
"2798",73,9.53447571455035,3,6.17669423415923,2
"2799",73,9.53447571455035,4,1.08973453719577,2
"2800",73,9.53447571455035,5,-16.0172558426913,2
"2801",73,9.72967580438126,1,-10.1921426454041,2
"2802",73,9.72967580438126,2,-5.70604601184185,2
"2803",73,9.72967580438126,3,16.5756787923189,2
"2804",73,9.72967580438126,4,9.45870261461579,2
"2805",73,9.72967580438126,5,-4.23744664671646,2
"2806",74,0,1,13.2368616994919,2
"2807",74,0,2,-8.35892542424507,2
"2808",74,0,3,-9.49384832834404,2
"2809",74,0,4,-2.99437413675468,2
"2810",74,0,5,-2.9660210489662,2
"2811",74,6.03903406288009,1,-6.35471071900379,2
"2812",74,6.03903406288009,2,-8.09237812576587,2
"2813",74,6.03903406288009,3,22.6961613299921,2
"2814",74,6.03903406288009,4,9.99110606229573,2
"2815",74,6.03903406288009,5,1.56458477116431,2
"2816",74,6.2592559850309,1,1.41526858914217,2
"2817",74,6.2592559850309,2,-7.86183022237586,2
"2818",74,6.2592559850309,3,25.6700202909137,2
"2819",74,6.2592559850309,4,14.2558424650486,2
"2820",74,6.2592559850309,5,-0.62897502068035,2
"2821",74,6.45712917274795,1,-0.371056297438645,2
"2822",74,6.45712917274795,2,-4.13262047268008,2
"2823",74,6.45712917274795,3,26.495643023636,2
"2824",74,6.45712917274795,4,17.907317284767,2
"2825",74,6.45712917274795,5,-5.1881625765328,2
"2826",74,8.28788453550078,1,-4.81400507959427,2
"2827",74,8.28788453550078,2,-7.92025546894686,2
"2828",74,8.28788453550078,3,25.8688102061996,2
"2829",74,8.28788453550078,4,11.085896183673,2
"2830",74,8.28788453550078,5,-3.18243231618217,2
"2831",74,10.0913859469583,1,2.05855264514146,2
"2832",74,10.0913859469583,2,-7.82104277631029,2
"2833",74,10.0913859469583,3,21.681732303545,2
"2834",74,10.0913859469583,4,24.5512646049867,2
"2835",74,10.0913859469583,5,-2.27956552031724,2
"2836",75,0,1,22.6096893940153,2
"2837",75,0,2,2.66134339580919,2
"2838",75,0,3,-6.67962742902653,2
"2839",75,0,4,-5.38986758572656,2
"2840",75,0,5,2.55220677300976,2
"2841",75,1.75464059656952,1,19.1776922380436,2
"2842",75,1.75464059656952,2,2.88486783279039,2
"2843",75,1.75464059656952,3,-0.00202881409107603,2
"2844",75,1.75464059656952,4,-1.05541967948101,2
"2845",75,1.75464059656952,5,4.3494666141242,2
"2846",75,2.3486952688545,1,9.50834171989403,2
"2847",75,2.3486952688545,2,3.86576850717819,2
"2848",75,2.3486952688545,3,4.63995837390402,2
"2849",75,2.3486952688545,4,-1.80413050299809,2
"2850",75,2.3486952688545,5,-3.81940571830469,2
"2851",75,2.89825287589338,1,8.41066857148541,2
"2852",75,2.89825287589338,2,0.51574685245418,2
"2853",75,2.89825287589338,3,2.33296348488625,2
"2854",75,2.89825287589338,4,-9.57816696919072,2
"2855",75,2.89825287589338,5,-4.27464827213839,2
"2856",75,3.0438061527675,1,7.74031141739174,2
"2857",75,3.0438061527675,2,3.50801699845845,2
"2858",75,3.0438061527675,3,10.3791181809179,2
"2859",75,3.0438061527675,4,-5.83326958907948,2
"2860",75,3.0438061527675,5,3.93033910871147,2
"2861",75,3.72889376303647,1,-0.0787901730883158,2
"2862",75,3.72889376303647,2,1.15097661858417,2
"2863",75,3.72889376303647,3,10.1731674450205,2
"2864",75,3.72889376303647,4,-5.01710895260073,2
"2865",75,3.72889376303647,5,-4.95801070574423,2
"2866",75,3.77649274258874,1,0.720500089338497,2
"2867",75,3.77649274258874,2,2.7309685044855,2
"2868",75,3.77649274258874,3,6.89856789307735,2
"2869",75,3.77649274258874,4,-5.36331437225705,2
"2870",75,3.77649274258874,5,1.02350098039991,2
"2871",75,7.86795238347258,1,-8.85327576695739,2
"2872",75,7.86795238347258,2,-12.7605798216009,2
"2873",75,7.86795238347258,3,15.4103612794118,2
"2874",75,7.86795238347258,4,1.51684728168872,2
"2875",75,7.86795238347258,5,-10.9570681879839,2
"2876",75,8.15252632531337,1,-17.310832533399,2
"2877",75,8.15252632531337,2,-9.41811092309025,2
"2878",75,8.15252632531337,3,5.52005866730282,2
"2879",75,8.15252632531337,4,-8.70330620486835,2
"2880",75,8.15252632531337,5,-16.2870113508092,2
"2881",75,8.51888418220915,1,-7.93339698131644,2
"2882",75,8.51888418220915,2,-3.4565436915611,2
"2883",75,8.51888418220915,3,15.8884486628138,2
"2884",75,8.51888418220915,4,4.54032958293011,2
"2885",75,8.51888418220915,5,-5.14072881041246,2
"2886",75,9.36464025347959,1,6.48810551283905,2
"2887",75,9.36464025347959,2,6.31646085082106,2
"2888",75,9.36464025347959,3,28.514762433389,2
"2889",75,9.36464025347959,4,13.7781191927588,2
"2890",75,9.36464025347959,5,11.1673930870323,2
"2891",76,0,1,22.2719748508726,2
"2892",76,0,2,1.28176500524696,2
"2893",76,0,3,-12.3993003538472,2
"2894",76,0,4,2.6429069913326,2
"2895",76,0,5,-4.47441864774917,2
"2896",76,0.540482768556103,1,18.1299257867089,2
"2897",76,0.540482768556103,2,0.132383894668687,2
"2898",76,0.540482768556103,3,-9.01314087335818,2
"2899",76,0.540482768556103,4,-3.27657185907905,2
"2900",76,0.540482768556103,5,-8.38774101803793,2
"2901",76,2.3557087428635,1,11.538560509974,2
"2902",76,2.3557087428635,2,-3.00081802656833,2
"2903",76,2.3557087428635,3,-2.45223966324963,2
"2904",76,2.3557087428635,4,-2.99914015587466,2
"2905",76,2.3557087428635,5,-9.03798486298659,2
"2906",76,5.61317311588209,1,5.4123857080217,2
"2907",76,5.61317311588209,2,-7.64305371925891,2
"2908",76,5.61317311588209,3,2.9424608186537,2
"2909",76,5.61317311588209,4,-0.343134538007892,2
"2910",76,5.61317311588209,5,-11.6707667278815,2
"2911",76,5.6732322628377,1,-4.36711168924914,2
"2912",76,5.6732322628377,2,-6.99694376516418,2
"2913",76,5.6732322628377,3,11.2801769653605,2
"2914",76,5.6732322628377,4,6.7799905810985,2
"2915",76,5.6732322628377,5,-15.3307841003934,2
"2916",76,6.16231794387568,1,-11.9345271205739,2
"2917",76,6.16231794387568,2,-6.55619360646327,2
"2918",76,6.16231794387568,3,14.084198440196,2
"2919",76,6.16231794387568,4,8.37070369622855,2
"2920",76,6.16231794387568,5,-21.97980657078,2
"2921",76,6.29605834477115,1,3.44556797797629,2
"2922",76,6.29605834477115,2,-1.86978627623305,2
"2923",76,6.29605834477115,3,18.9715051927693,2
"2924",76,6.29605834477115,4,11.6479088136239,2
"2925",76,6.29605834477115,5,-5.80692516656214,2
"2926",76,6.70068487618119,1,-6.1359230622498,2
"2927",76,6.70068487618119,2,-8.91725229222699,2
"2928",76,6.70068487618119,3,8.10420204990267,2
"2929",76,6.70068487618119,4,7.34488931482873,2
"2930",76,6.70068487618119,5,-12.6931445032205,2
"2931",76,7.87655911687762,1,-0.65676111647265,2
"2932",76,7.87655911687762,2,-2.64973267154626,2
"2933",76,7.87655911687762,3,15.9067687077382,2
"2934",76,7.87655911687762,4,8.31431793676601,2
"2935",76,7.87655911687762,5,-15.4454984237368,2
"2936",76,7.95799593522679,1,-5.26748287112196,2
"2937",76,7.95799593522679,2,-7.0092197470622,2
"2938",76,7.95799593522679,3,11.3646607570567,2
"2939",76,7.95799593522679,4,0.867473243700448,2
"2940",76,7.95799593522679,5,-21.7482840413379,2
"2941",77,0,1,29.5311789380405,2
"2942",77,0,2,3.67084131745161,2
"2943",77,0,3,-8.33825626315395,2
"2944",77,0,4,0.829585028754159,2
"2945",77,0,5,2.65655461253906,2
"2946",77,0.884647500002757,1,27.0551772530124,2
"2947",77,0.884647500002757,2,6.31297622504392,2
"2948",77,0.884647500002757,3,4.70434496760356,2
"2949",77,0.884647500002757,4,5.72941976685051,2
"2950",77,0.884647500002757,5,7.98891431609289,2
"2951",77,3.88438395131379,1,7.74692568838346,2
"2952",77,3.88438395131379,2,5.35573767517451,2
"2953",77,3.88438395131379,3,8.18080470774891,2
"2954",77,3.88438395131379,4,11.292899263073,2
"2955",77,3.88438395131379,5,0.827445883393262,2
"2956",77,3.92218829737976,1,-0.800814609596757,2
"2957",77,3.92218829737976,2,-3.54576656197654,2
"2958",77,3.92218829737976,3,6.59264501779047,2
"2959",77,3.92218829737976,4,1.38352161102321,2
"2960",77,3.92218829737976,5,-3.60739861529208,2
"2961",77,4.67492860730272,1,6.69440989584592,2
"2962",77,4.67492860730272,2,1.76320586751217,2
"2963",77,4.67492860730272,3,13.6628754457481,2
"2964",77,4.67492860730272,4,11.4599722367312,2
"2965",77,4.67492860730272,5,6.17397397356468,2
"2966",77,5.82983341580257,1,3.5480583328489,2
"2967",77,5.82983341580257,2,2.46657131062267,2
"2968",77,5.82983341580257,3,14.3651233275719,2
"2969",77,5.82983341580257,4,10.3627459287061,2
"2970",77,5.82983341580257,5,-4.2212290619205,2
"2971",77,6.26866053626873,1,-3.60044341706211,2
"2972",77,6.26866053626873,2,-8.91155025019758,2
"2973",77,6.26866053626873,3,8.96517280194201,2
"2974",77,6.26866053626873,4,-0.775870988659937,2
"2975",77,6.26866053626873,5,-9.19626024054719,2
"2976",77,6.65560941421427,1,0.324186872346059,2
"2977",77,6.65560941421427,2,-2.03309765780245,2
"2978",77,6.65560941421427,3,11.603864528055,2
"2979",77,6.65560941421427,4,7.03998633068581,2
"2980",77,6.65560941421427,5,-6.66878727995094,2
"2981",77,7.45882009540219,1,-9.36915809678842,2
"2982",77,7.45882009540219,2,-10.6386861188039,2
"2983",77,7.45882009540219,3,16.5259222723487,2
"2984",77,7.45882009540219,4,6.22021356519876,2
"2985",77,7.45882009540219,5,-4.39878162222584,2
"2986",77,7.72422848944552,1,-9.21134976179725,2
"2987",77,7.72422848944552,2,-9.33075899754398,2
"2988",77,7.72422848944552,3,6.97000606584807,2
"2989",77,7.72422848944552,4,-1.73384114995091,2
"2990",77,7.72422848944552,5,-15.2759125176663,2
"2991",77,9.91961519524921,1,-3.56047898543901,2
"2992",77,9.91961519524921,2,-1.46074930359368,2
"2993",77,9.91961519524921,3,14.2071938089789,2
"2994",77,9.91961519524921,4,17.6371019323779,2
"2995",77,9.91961519524921,5,-4.89683472479338,2
"2996",77,10.1990759428591,1,-13.1844387582695,2
"2997",77,10.1990759428591,2,-15.8571794483274,2
"2998",77,10.1990759428591,3,3.25753271166765,2
"2999",77,10.1990759428591,4,-0.515932735919386,2
"3000",77,10.1990759428591,5,-13.8219608052332,2
"3001",78,0,1,12.9202209623149,2
"3002",78,0,2,2.70517617663182,2
"3003",78,0,3,-3.33723500342715,2
"3004",78,0,4,0.988805100883097,2
"3005",78,0,5,6.00218843596621,2
"3006",78,3.12993576365989,1,-5.31441649550757,2
"3007",78,3.12993576365989,2,-10.5809437926106,2
"3008",78,3.12993576365989,3,5.59244127683167,2
"3009",78,3.12993576365989,4,-2.17170740526106,2
"3010",78,3.12993576365989,5,-7.55287739344425,2
"3011",78,4.11653240944725,1,-1.09786342064588,2
"3012",78,4.11653240944725,2,-2.70617977748902,2
"3013",78,4.11653240944725,3,16.8682573045845,2
"3014",78,4.11653240944725,4,4.42974791820382,2
"3015",78,4.11653240944725,5,-8.74662503456141,2
"3016",78,4.6434399432037,1,-11.1623650341367,2
"3017",78,4.6434399432037,2,-17.1377744384634,2
"3018",78,4.6434399432037,3,6.62841694976528,2
"3019",78,4.6434399432037,4,4.92354618457093,2
"3020",78,4.6434399432037,5,-13.6934448853305,2
"3021",78,5.26878755027428,1,-5.62540841505754,2
"3022",78,5.26878755027428,2,-5.11223203864224,2
"3023",78,5.26878755027428,3,11.2444058674806,2
"3024",78,5.26878755027428,4,9.69113623539981,2
"3025",78,5.26878755027428,5,-8.67804912646501,2
"3026",78,5.47592076461297,1,-3.01619621557683,2
"3027",78,5.47592076461297,2,-9.86314193645807,2
"3028",78,5.47592076461297,3,8.41467475141775,2
"3029",78,5.47592076461297,4,4.33897171442152,2
"3030",78,5.47592076461297,5,-5.96541219739149,2
"3031",78,7.45709470612928,1,-10.2805495062253,2
"3032",78,7.45709470612928,2,-9.85037022668909,2
"3033",78,7.45709470612928,3,9.67296028831299,2
"3034",78,7.45709470612928,4,7.93363431815588,2
"3035",78,7.45709470612928,5,-11.6353516450515,2
"3036",78,9.92826588230673,1,-22.2662692938801,2
"3037",78,9.92826588230673,2,-14.3220313892372,2
"3038",78,9.92826588230673,3,10.5249791966371,2
"3039",78,9.92826588230673,4,10.8740626871877,2
"3040",78,9.92826588230673,5,-7.14222042169652,2
"3041",78,10.1815085659036,1,-6.42358701608409,2
"3042",78,10.1815085659036,2,-7.88001183509757,2
"3043",78,10.1815085659036,3,13.1105526337048,2
"3044",78,10.1815085659036,4,14.1320174140398,2
"3045",78,10.1815085659036,5,-4.58810411204052,2
"3046",78,10.1854260369437,1,-11.7215279836167,2
"3047",78,10.1854260369437,2,-13.0375901967359,2
"3048",78,10.1854260369437,3,4.8035317993375,2
"3049",78,10.1854260369437,4,7.2416279756349,2
"3050",78,10.1854260369437,5,-10.6769223400054,2
"3051",79,0,1,8.09332128833899,2
"3052",79,0,2,-2.05828546528008,2
"3053",79,0,3,-19.5691901726395,2
"3054",79,0,4,-3.82817025971661,2
"3055",79,0,5,0.912227221136543,2
"3056",79,3.53360605682246,1,-2.31405177771913,2
"3057",79,3.53360605682246,2,-7.07745367771355,2
"3058",79,3.53360605682246,3,-6.40557773594782,2
"3059",79,3.53360605682246,4,6.88347062531153,2
"3060",79,3.53360605682246,5,-7.13014497528676,2
"3061",79,6.23285779391881,1,-8.68944188540998,2
"3062",79,6.23285779391881,2,-9.71509886482743,2
"3063",79,6.23285779391881,3,7.04149472079086,2
"3064",79,6.23285779391881,4,6.24758262093573,2
"3065",79,6.23285779391881,5,-5.99510713068415,2
"3066",79,7.31582801660988,1,-11.3254033291007,2
"3067",79,7.31582801660988,2,-16.5767318758909,2
"3068",79,7.31582801660988,3,2.51076662620204,2
"3069",79,7.31582801660988,4,3.41307645451003,2
"3070",79,7.31582801660988,5,-9.40240339030781,2
"3071",79,8.1444461849751,1,-14.94220280128,2
"3072",79,8.1444461849751,2,-15.5008118103144,2
"3073",79,8.1444461849751,3,-0.241538421526325,2
"3074",79,8.1444461849751,4,9.10029695966667,2
"3075",79,8.1444461849751,5,-8.18086986653565,2
"3076",79,8.37163445912302,1,-12.511134068804,2
"3077",79,8.37163445912302,2,-11.7389954918522,2
"3078",79,8.37163445912302,3,4.4443855326871,2
"3079",79,8.37163445912302,4,14.0650223686745,2
"3080",79,8.37163445912302,5,-7.48470492636555,2
"3081",79,9.01078217092436,1,-14.2835314015743,2
"3082",79,9.01078217092436,2,-13.7274644963611,2
"3083",79,9.01078217092436,3,5.96437411338274,2
"3084",79,9.01078217092436,4,13.0066546722503,2
"3085",79,9.01078217092436,5,-8.77190721884327,2
"3086",79,10.1917774338508,1,-12.7687886817052,2
"3087",79,10.1917774338508,2,-9.33320491274752,2
"3088",79,10.1917774338508,3,4.21054662133145,2
"3089",79,10.1917774338508,4,14.6220782615516,2
"3090",79,10.1917774338508,5,-5.40817049377354,2
"3091",80,0,1,16.9228339125091,2
"3092",80,0,2,4.21290162647778,2
"3093",80,0,3,-7.54568584074705,2
"3094",80,0,4,-0.211274596990371,2
"3095",80,0,5,-4.27082170326269,2
"3096",80,0.654914485639893,1,25.4991696043928,2
"3097",80,0.654914485639893,2,5.51178279188703,2
"3098",80,0.654914485639893,3,-5.76776775341726,2
"3099",80,0.654914485639893,4,1.85128482519765,2
"3100",80,0.654914485639893,5,1.86726401780239,2
"3101",80,0.816226967028342,1,16.4867299777093,2
"3102",80,0.816226967028342,2,2.49336872370478,2
"3103",80,0.816226967028342,3,-4.08455512594684,2
"3104",80,0.816226967028342,4,-1.68894213923933,2
"3105",80,0.816226967028342,5,2.31739307072689,2
"3106",80,7.26208874676377,1,-4.79156995933389,2
"3107",80,7.26208874676377,2,-3.58307939350953,2
"3108",80,7.26208874676377,3,12.5670709934465,2
"3109",80,7.26208874676377,4,10.6559449996212,2
"3110",80,7.26208874676377,5,-14.3852312119442,2
"3111",80,7.61813949781936,1,-11.2114258996471,2
"3112",80,7.61813949781936,2,-8.09142295431108,2
"3113",80,7.61813949781936,3,7.93321893385246,2
"3114",80,7.61813949781936,4,-0.365276411342353,2
"3115",80,7.61813949781936,5,-9.92773097230922,2
"3116",80,8.5517809742596,1,-16.4452743855739,2
"3117",80,8.5517809742596,2,-7.70412917319449,2
"3118",80,8.5517809742596,3,10.4082860090654,2
"3119",80,8.5517809742596,4,1.24057278201651,2
"3120",80,8.5517809742596,5,-8.05191706451217,2
"3121",80,8.70072840014473,1,-12.558986367449,2
"3122",80,8.70072840014473,2,-9.26158762621047,2
"3123",80,8.70072840014473,3,10.5896059549108,2
"3124",80,8.70072840014473,4,9.54723093424316,2
"3125",80,8.70072840014473,5,-16.8186885466492,2
"3126",80,9.66782825544942,1,-13.4875920160026,2
"3127",80,9.66782825544942,2,-5.48575410079913,2
"3128",80,9.66782825544942,3,9.39222617013165,2
"3129",80,9.66782825544942,4,10.1903998944741,2
"3130",80,9.66782825544942,5,-14.6864584498451,2
"3131",81,0,1,18.691095577431,2
"3132",81,0,2,-3.98651653750257,2
"3133",81,0,3,-16.2677625321672,2
"3134",81,0,4,-4.14896561550215,2
"3135",81,0,5,-4.99970247334851,2
"3136",81,2.13816450734157,1,9.83209508948318,2
"3137",81,2.13816450734157,2,-7.58877716360823,2
"3138",81,2.13816450734157,3,-4.30793277425536,2
"3139",81,2.13816450734157,4,1.56843532287989,2
"3140",81,2.13816450734157,5,-13.7652474871796,2
"3141",81,4.48621148685925,1,-5.77572257138325,2
"3142",81,4.48621148685925,2,-6.15164474813423,2
"3143",81,4.48621148685925,3,8.04514408672555,2
"3144",81,4.48621148685925,4,-1.09834711823846,2
"3145",81,4.48621148685925,5,-10.1705742186088,2
"3146",81,5.14611928444356,1,-6.74354418624811,2
"3147",81,5.14611928444356,2,-19.4819632009214,2
"3148",81,5.14611928444356,3,5.86369251809889,2
"3149",81,5.14611928444356,4,2.17142735686173,2
"3150",81,5.14611928444356,5,-13.3810327152594,2
"3151",81,7.32173776230775,1,-10.0873513683327,2
"3152",81,7.32173776230775,2,-17.7053824474613,2
"3153",81,7.32173776230775,3,8.42342607714273,2
"3154",81,7.32173776230775,4,-1.90251714840665,2
"3155",81,7.32173776230775,5,-16.6600878740135,2
"3156",81,7.91669904987793,1,-15.5719754041777,2
"3157",81,7.91669904987793,2,-18.3712773411117,2
"3158",81,7.91669904987793,3,8.00594732593373,2
"3159",81,7.91669904987793,4,0.439223452424054,2
"3160",81,7.91669904987793,5,-18.4735856789395,2
"3161",81,9.66079187684227,1,-3.47516161171696,2
"3162",81,9.66079187684227,2,-8.79459041040104,2
"3163",81,9.66079187684227,3,18.0560598353939,2
"3164",81,9.66079187684227,4,14.6910897900769,2
"3165",81,9.66079187684227,5,-3.12452088262982,2
"3166",82,0,1,10.8735108774309,2
"3167",82,0,2,-6.92661370644821,2
"3168",82,0,3,-15.3147075336844,2
"3169",82,0,4,-6.50122739570254,2
"3170",82,0,5,2.12325734178135,2
"3171",82,2.126225889544,1,5.7880293245572,2
"3172",82,2.126225889544,2,-7.482325957428,2
"3173",82,2.126225889544,3,-6.1458196789043,2
"3174",82,2.126225889544,4,-1.07776539431954,2
"3175",82,2.126225889544,5,4.41694730345912,2
"3176",82,3.84312488825526,1,-5.1290212949202,2
"3177",82,3.84312488825526,2,-6.76463429793808,2
"3178",82,3.84312488825526,3,5.60480347078055,2
"3179",82,3.84312488825526,4,3.74609196756552,2
"3180",82,3.84312488825526,5,-2.88499809313775,2
"3181",82,7.43177920405287,1,-11.3959745086431,2
"3182",82,7.43177920405287,2,-1.76945091304094,2
"3183",82,7.43177920405287,3,15.2385079837689,2
"3184",82,7.43177920405287,4,9.08404931072784,2
"3185",82,7.43177920405287,5,-2.14910755941873,2
"3186",82,8.14088527171407,1,-9.33401759622716,2
"3187",82,8.14088527171407,2,-11.0191476724635,2
"3188",82,8.14088527171407,3,19.9649646976457,2
"3189",82,8.14088527171407,4,10.4887434738465,2
"3190",82,8.14088527171407,5,6.23516459143418,2
"3191",82,8.4472357413033,1,-11.7277807477317,2
"3192",82,8.4472357413033,2,-8.68849427090764,2
"3193",82,8.4472357413033,3,15.323189165523,2
"3194",82,8.4472357413033,4,10.9687034534299,2
"3195",82,8.4472357413033,5,-2.25952326623207,2
"3196",82,8.5263528120704,1,-20.9134150708136,2
"3197",82,8.5263528120704,2,-20.1781108605526,2
"3198",82,8.5263528120704,3,1.19083943444123,2
"3199",82,8.5263528120704,4,-7.71338216015603,2
"3200",82,8.5263528120704,5,-12.306678021821,2
"3201",82,10.1208396002185,1,-8.30145512214749,2
"3202",82,10.1208396002185,2,-5.06723221387881,2
"3203",82,10.1208396002185,3,16.9352087701986,2
"3204",82,10.1208396002185,4,17.1167555665892,2
"3205",82,10.1208396002185,5,2.52070885741666,2
"3206",82,10.6777307417942,1,-6.4685698792006,2
"3207",82,10.6777307417942,2,-3.9506101563131,2
"3208",82,10.6777307417942,3,16.7984118250451,2
"3209",82,10.6777307417942,4,17.8428683536653,2
"3210",82,10.6777307417942,5,1.68804308760409,2
"3211",82,10.7728467831621,1,-11.3710058754096,2
"3212",82,10.7728467831621,2,-6.96458185661789,2
"3213",82,10.7728467831621,3,12.6150154941111,2
"3214",82,10.7728467831621,4,15.8552735440736,2
"3215",82,10.7728467831621,5,-1.41928500247324,2
"3216",83,0,1,21.6322703905659,2
"3217",83,0,2,-3.03292484131459,2
"3218",83,0,3,-9.18037328093056,2
"3219",83,0,4,-2.74022263115369,2
"3220",83,0,5,-8.47131212285949,2
"3221",83,1.32189158000983,1,9.76744268231611,2
"3222",83,1.32189158000983,2,-4.54945223289947,2
"3223",83,1.32189158000983,3,-6.4660315128229,2
"3224",83,1.32189158000983,4,2.50923511645748,2
"3225",83,1.32189158000983,5,-2.44727278277655,2
"3226",83,1.93975687411148,1,1.70625154127269,2
"3227",83,1.93975687411148,2,-7.24104352100395,2
"3228",83,1.93975687411148,3,-9.14668801300115,2
"3229",83,1.93975687411148,4,-3.61727017723696,2
"3230",83,1.93975687411148,5,-6.4478604219815,2
"3231",83,3.63680343399756,1,-1.21280730607609,2
"3232",83,3.63680343399756,2,-12.9484196920178,2
"3233",83,3.63680343399756,3,10.5279867140346,2
"3234",83,3.63680343399756,4,4.87980896018245,2
"3235",83,3.63680343399756,5,-3.99923361539584,2
"3236",83,5.06986912421416,1,-9.98186195822089,2
"3237",83,5.06986912421416,2,-17.0267286337057,2
"3238",83,5.06986912421416,3,-0.441954699187472,2
"3239",83,5.06986912421416,4,-0.0462723610566085,2
"3240",83,5.06986912421416,5,-19.2367048278646,2
"3241",83,6.96297380770557,1,-19.4740584598416,2
"3242",83,6.96297380770557,2,-10.9546886661678,2
"3243",83,6.96297380770557,3,8.37737080378591,2
"3244",83,6.96297380770557,4,6.71351030627658,2
"3245",83,6.96297380770557,5,-9.52206690081741,2
"3246",83,7.1655266842572,1,-15.6609512994632,2
"3247",83,7.1655266842572,2,-9.70025595448942,2
"3248",83,7.1655266842572,3,12.8066442464685,2
"3249",83,7.1655266842572,4,7.99028305194914,2
"3250",83,7.1655266842572,5,-12.1247970363063,2
"3251",83,7.68061395653058,1,-10.4476109074619,2
"3252",83,7.68061395653058,2,-9.57129142984794,2
"3253",83,7.68061395653058,3,7.54746275095567,2
"3254",83,7.68061395653058,4,3.43813079790068,2
"3255",83,7.68061395653058,5,-7.04407748775235,2
"3256",83,8.46558562479913,1,-8.35699940185047,2
"3257",83,8.46558562479913,2,-1.78414243178117,2
"3258",83,8.46558562479913,3,13.2333700943434,2
"3259",83,8.46558562479913,4,14.4093768131781,2
"3260",83,8.46558562479913,5,-6.40040845501456,2
"3261",83,9.61153999401722,1,-30.6356009691696,2
"3262",83,9.61153999401722,2,-30.65391267614,2
"3263",83,9.61153999401722,3,-9.76682698200569,2
"3264",83,9.61153999401722,4,-12.2026603021873,2
"3265",83,9.61153999401722,5,-34.3414785978613,2
"3266",83,10.7185496498132,1,-32.4615579197458,2
"3267",83,10.7185496498132,2,-33.2961137184534,2
"3268",83,10.7185496498132,3,-5.98917972601116,2
"3269",83,10.7185496498132,4,-4.63304857301311,2
"3270",83,10.7185496498132,5,-26.5800536304178,2
"3271",84,0,1,21.5327770610314,2
"3272",84,0,2,-2.4249955848754,2
"3273",84,0,3,-4.82904167219443,2
"3274",84,0,4,3.0731637402954,2
"3275",84,0,5,-4.41330177777388,2
"3276",84,0.952680026297458,1,17.5575936904829,2
"3277",84,0.952680026297458,2,1.37553230464124,2
"3278",84,0.952680026297458,3,1.89330189224718,2
"3279",84,0.952680026297458,4,2.70617628556225,2
"3280",84,0.952680026297458,5,3.58679077522876,2
"3281",84,1.66875308402814,1,6.08576053516653,2
"3282",84,1.66875308402814,2,-5.45369280067554,2
"3283",84,1.66875308402814,3,-4.75120284180455,2
"3284",84,1.66875308402814,4,-3.21776355748197,2
"3285",84,1.66875308402814,5,-5.38953088696409,2
"3286",84,2.13977637840435,1,10.9907001420155,2
"3287",84,2.13977637840435,2,0.825819261221529,2
"3288",84,2.13977637840435,3,0.909132058971489,2
"3289",84,2.13977637840435,4,4.55529811330266,2
"3290",84,2.13977637840435,5,-2.52199330797096,2
"3291",84,3.68641014129389,1,5.17994253638023,2
"3292",84,3.68641014129389,2,-6.69666458172227,2
"3293",84,3.68641014129389,3,16.1182285434346,2
"3294",84,3.68641014129389,4,6.49347933980338,2
"3295",84,3.68641014129389,5,-6.35548453196626,2
"3296",84,4.46940255304798,1,-3.54747270120725,2
"3297",84,4.46940255304798,2,-10.0071879386841,2
"3298",84,4.46940255304798,3,9.10999850651129,2
"3299",84,4.46940255304798,4,6.59809574559181,2
"3300",84,4.46940255304798,5,-14.9434455593097,2
"3301",84,5.36856956069823,1,3.24056909304113,2
"3302",84,5.36856956069823,2,-12.4634261940518,2
"3303",84,5.36856956069823,3,14.8548473068794,2
"3304",84,5.36856956069823,4,6.3508203819582,2
"3305",84,5.36856956069823,5,-0.573707949195805,2
"3306",85,0,1,20.2890988981581,2
"3307",85,0,2,-2.00535510720487,2
"3308",85,0,3,-12.0515932113145,2
"3309",85,0,4,2.5133522624307,2
"3310",85,0,5,5.68736891985631,2
"3311",85,4.63602786709089,1,-4.10235051531599,2
"3312",85,4.63602786709089,2,-1.85472100914426,2
"3313",85,4.63602786709089,3,7.04367798914609,2
"3314",85,4.63602786709089,4,9.81984498504768,2
"3315",85,4.63602786709089,5,-7.38375206891421,2
"3316",85,9.3147035894217,1,-8.71079836764982,2
"3317",85,9.3147035894217,2,-8.69139403779217,2
"3318",85,9.3147035894217,3,12.5479505210007,2
"3319",85,9.3147035894217,4,6.39418772801946,2
"3320",85,9.3147035894217,5,-2.45675242684614,2
"3321",85,10.2665012076031,1,-14.8623290977243,2
"3322",85,10.2665012076031,2,-11.5793137261349,2
"3323",85,10.2665012076031,3,8.65833743495596,2
"3324",85,10.2665012076031,4,8.64948029596265,2
"3325",85,10.2665012076031,5,-10.4667364220893,2
"3326",86,0,1,25.1823489008224,2
"3327",86,0,2,5.5517036650196,2
"3328",86,0,3,-9.04096964679879,2
"3329",86,0,4,3.37028107946517,2
"3330",86,0,5,3.16688011162205,2
"3331",86,0.816034124931321,1,24.0492344817802,2
"3332",86,0.816034124931321,2,3.10064668214414,2
"3333",86,0.816034124931321,3,-8.10908052671462,2
"3334",86,0.816034124931321,4,5.95200104652873,2
"3335",86,0.816034124931321,5,0.934104816688201,2
"3336",86,4.36451711505651,1,5.41853360439447,2
"3337",86,4.36451711505651,2,4.55014291457215,2
"3338",86,4.36451711505651,3,17.1506537246727,2
"3339",86,4.36451711505651,4,7.6585128424693,2
"3340",86,4.36451711505651,5,-2.27491246647035,2
"3341",86,6.18273366859648,1,2.4280814173165,2
"3342",86,6.18273366859648,2,2.45272926533665,2
"3343",86,6.18273366859648,3,16.6498429660546,2
"3344",86,6.18273366859648,4,12.4922167383111,2
"3345",86,6.18273366859648,5,3.10374190492332,2
"3346",86,6.3090833700262,1,-10.2358898566062,2
"3347",86,6.3090833700262,2,-5.41261521113651,2
"3348",86,6.3090833700262,3,8.90406055396894,2
"3349",86,6.3090833700262,4,4.71612606942321,2
"3350",86,6.3090833700262,5,-4.37152845209009,2
"3351",86,7.81423876364715,1,-4.96250776428599,2
"3352",86,7.81423876364715,2,-3.66272858799125,2
"3353",86,7.81423876364715,3,8.77078664207964,2
"3354",86,7.81423876364715,4,4.90288363418215,2
"3355",86,7.81423876364715,5,-6.06413912036317,2
"3356",86,8.71803019475192,1,-15.1586371697962,2
"3357",86,8.71803019475192,2,-14.0877519231535,2
"3358",86,8.71803019475192,3,1.92322255289528,2
"3359",86,8.71803019475192,4,-1.77852861754012,2
"3360",86,8.71803019475192,5,-13.2316948121734,2
"3361",86,8.71961203240789,1,-10.5740574722124,2
"3362",86,8.71961203240789,2,-1.20392477021957,2
"3363",86,8.71961203240789,3,6.72331900156933,2
"3364",86,8.71961203240789,4,10.2534352547549,2
"3365",86,8.71961203240789,5,-4.8385913245382,2
"3366",86,8.86376789654605,1,-4.3722309865875,2
"3367",86,8.86376789654605,2,-3.61727413449507,2
"3368",86,8.86376789654605,3,16.0631554668711,2
"3369",86,8.86376789654605,4,19.1431575306196,2
"3370",86,8.86376789654605,5,-6.43282469280808,2
"3371",86,9.81042768259067,1,-5.15358198275653,2
"3372",86,9.81042768259067,2,-6.52791437362814,2
"3373",86,9.81042768259067,3,9.04654015068395,2
"3374",86,9.81042768259067,4,7.18142213508732,2
"3375",86,9.81042768259067,5,-9.87230696380929,2
"3376",86,10.652134382748,1,-2.8195922954751,2
"3377",86,10.652134382748,2,0.510188981942238,2
"3378",86,10.652134382748,3,7.55805079407871,2
"3379",86,10.652134382748,4,17.5816556590617,2
"3380",86,10.652134382748,5,-1.16035775770635,2
"3381",87,0,1,31.020406174431,2
"3382",87,0,2,6.00564401975915,2
"3383",87,0,3,-3.60603586839188,2
"3384",87,0,4,5.60569220437554,2
"3385",87,0,5,8.93752784193356,2
"3386",87,1.32708544761408,1,18.4232476195893,2
"3387",87,1.32708544761408,2,5.45524568952668,2
"3388",87,1.32708544761408,3,1.43274494920782,2
"3389",87,1.32708544761408,4,4.4229185684275,2
"3390",87,1.32708544761408,5,9.83460970684826,2
"3391",87,1.39399648958351,1,17.2121972498626,2
"3392",87,1.39399648958351,2,-0.571229125523758,2
"3393",87,1.39399648958351,3,1.28317879365625,2
"3394",87,1.39399648958351,4,-0.740464093664885,2
"3395",87,1.39399648958351,5,-1.87651971127918,2
"3396",87,1.82208967290353,1,14.1104359397946,2
"3397",87,1.82208967290353,2,1.70670912819273,2
"3398",87,1.82208967290353,3,3.88301323532327,2
"3399",87,1.82208967290353,4,1.85510018383569,2
"3400",87,1.82208967290353,5,0.145416179962525,2
"3401",87,2.49166955251712,1,10.466877629356,2
"3402",87,2.49166955251712,2,-4.50669170222369,2
"3403",87,2.49166955251712,3,6.3495073213798,2
"3404",87,2.49166955251712,4,3.96518569168009,2
"3405",87,2.49166955251712,5,4.07664859306519,2
"3406",87,4.0586160904495,1,3.52276177471392,2
"3407",87,4.0586160904495,2,1.69191498654589,2
"3408",87,4.0586160904495,3,11.2525350382022,2
"3409",87,4.0586160904495,4,11.1348897720771,2
"3410",87,4.0586160904495,5,3.92425315877579,2
"3411",87,5.29577795811929,1,5.44478835988008,2
"3412",87,5.29577795811929,2,-0.82006020443896,2
"3413",87,5.29577795811929,3,17.968599214696,2
"3414",87,5.29577795811929,4,12.4790895700898,2
"3415",87,5.29577795811929,5,4.96619835057267,2
"3416",87,7.83391088468488,1,-6.17293542763227,2
"3417",87,7.83391088468488,2,-13.0794751180168,2
"3418",87,7.83391088468488,3,10.2945376856267,2
"3419",87,7.83391088468488,4,4.55550612953721,2
"3420",87,7.83391088468488,5,-9.37843981518873,2
"3421",87,8.73553495749366,1,-7.84368582125017,2
"3422",87,8.73553495749366,2,-12.3666817938124,2
"3423",87,8.73553495749366,3,7.9459767574586,2
"3424",87,8.73553495749366,4,12.9572179887318,2
"3425",87,8.73553495749366,5,-5.46692702141571,2
"3426",87,9.18226235522889,1,-1.18694207116187,2
"3427",87,9.18226235522889,2,3.46694852439464,2
"3428",87,9.18226235522889,3,18.0488328127303,2
"3429",87,9.18226235522889,4,19.9468832913211,2
"3430",87,9.18226235522889,5,6.11002933398211,2
"3431",88,0,1,15.8072608512847,2
"3432",88,0,2,-10.1924084170568,2
"3433",88,0,3,-2.95131227927119,2
"3434",88,0,4,-0.0860121619016945,2
"3435",88,0,5,-1.91766847686441,2
"3436",88,0.802721981774084,1,15.3032382319956,2
"3437",88,0.802721981774084,2,-2.03804430203057,2
"3438",88,0.802721981774084,3,-1.15874435800697,2
"3439",88,0.802721981774084,4,-0.69988280234435,2
"3440",88,0.802721981774084,5,-4.20517478812017,2
"3441",88,8.08642133499961,1,-17.8367685160925,2
"3442",88,8.08642133499961,2,-13.5773539951994,2
"3443",88,8.08642133499961,3,10.4381693789797,2
"3444",88,8.08642133499961,4,-0.359489013144254,2
"3445",88,8.08642133499961,5,-8.7415901969865,2
"3446",88,8.44906663743313,1,-13.039031382973,2
"3447",88,8.44906663743313,2,-13.4047276471594,2
"3448",88,8.44906663743313,3,17.0636787699097,2
"3449",88,8.44906663743313,4,6.27072706171368,2
"3450",88,8.44906663743313,5,-11.7752030771299,2
"3451",88,10.8822221164592,1,-17.4812232598633,2
"3452",88,10.8822221164592,2,-14.4911539140744,2
"3453",88,10.8822221164592,3,3.17405278189026,2
"3454",88,10.8822221164592,4,7.77606611390524,2
"3455",88,10.8822221164592,5,-13.6022821238048,2
"3456",89,0,1,21.63460942401,2
"3457",89,0,2,-2.00014005124512,2
"3458",89,0,3,-5.63687004671558,2
"3459",89,0,4,6.58337385655004,2
"3460",89,0,5,2.40156761150993,2
"3461",89,1.33432632230688,1,8.7843754995515,2
"3462",89,1.33432632230688,2,-9.76405959583495,2
"3463",89,1.33432632230688,3,-0.993550814956247,2
"3464",89,1.33432632230688,4,0.525959114804094,2
"3465",89,1.33432632230688,5,-2.03309369752132,2
"3466",89,2.36843367363326,1,5.26643937130252,2
"3467",89,2.36843367363326,2,-0.69497622325108,2
"3468",89,2.36843367363326,3,4.08465266512636,2
"3469",89,2.36843367363326,4,0.210113889442427,2
"3470",89,2.36843367363326,5,-8.4754690850795,2
"3471",89,5.47010435350239,1,-7.46709784314104,2
"3472",89,5.47010435350239,2,-13.3756539195385,2
"3473",89,5.47010435350239,3,10.4306152933452,2
"3474",89,5.47010435350239,4,2.76348284552991,2
"3475",89,5.47010435350239,5,-12.1490626809639,2
"3476",89,5.66876682208385,1,-4.29028700180991,2
"3477",89,5.66876682208385,2,-10.8362336347714,2
"3478",89,5.66876682208385,3,19.8316558126933,2
"3479",89,5.66876682208385,4,1.30819087916985,2
"3480",89,5.66876682208385,5,-10.4098207028261,2
"3481",89,6.34777888073586,1,-8.69109163367831,2
"3482",89,6.34777888073586,2,-14.4216202350096,2
"3483",89,6.34777888073586,3,9.77440201602337,2
"3484",89,6.34777888073586,4,3.19390358928576,2
"3485",89,6.34777888073586,5,-11.4345052734988,2
"3486",89,10.2195294580888,1,-21.0541139944908,2
"3487",89,10.2195294580888,2,-27.0127350523693,2
"3488",89,10.2195294580888,3,4.89941173471303,2
"3489",89,10.2195294580888,4,-0.187061197656078,2
"3490",89,10.2195294580888,5,-15.4683233132064,2
"3491",90,0,1,18.9025568416455,2
"3492",90,0,2,-5.91765098505313,2
"3493",90,0,3,-7.06430551264878,2
"3494",90,0,4,0.961694817836324,2
"3495",90,0,5,-2.37379667299393,2
"3496",90,1.52563374035526,1,7.55445512445456,2
"3497",90,1.52563374035526,2,-0.68334042576719,2
"3498",90,1.52563374035526,3,-0.376530046583272,2
"3499",90,1.52563374035526,4,6.65425772832534,2
"3500",90,1.52563374035526,5,-2.11836781127038,2
"3501",90,2.33702022628859,1,5.11202633387474,2
"3502",90,2.33702022628859,2,-6.79307678862613,2
"3503",90,2.33702022628859,3,2.64127233955485,2
"3504",90,2.33702022628859,4,2.40551209556415,2
"3505",90,2.33702022628859,5,-5.43694948116748,2
"3506",90,3.24618392612319,1,0.561729283440982,2
"3507",90,3.24618392612319,2,-6.97697502873626,2
"3508",90,3.24618392612319,3,6.15721897651366,2
"3509",90,3.24618392612319,4,6.9494348853914,2
"3510",90,3.24618392612319,5,-10.0253215925157,2
"3511",90,4.10531270853244,1,-2.29796576679611,2
"3512",90,4.10531270853244,2,-9.00297278293522,2
"3513",90,4.10531270853244,3,11.0371554063351,2
"3514",90,4.10531270853244,4,4.23856032560426,2
"3515",90,4.10531270853244,5,-12.1043624299332,2
"3516",90,4.49570897174999,1,3.34016008773081,2
"3517",90,4.49570897174999,2,0.241565054557119,2
"3518",90,4.49570897174999,3,13.4543620786752,2
"3519",90,4.49570897174999,4,14.9458089585945,2
"3520",90,4.49570897174999,5,-1.00339672312355,2
"3521",90,9.69340996083338,1,-8.95831125905722,2
"3522",90,9.69340996083338,2,-5.55195735110576,2
"3523",90,9.69340996083338,3,15.7925843409084,2
"3524",90,9.69340996083338,4,16.1239709442979,2
"3525",90,9.69340996083338,5,-13.5437322978475,2
"3526",91,0,1,19.5493845199531,2
"3527",91,0,2,3.35626367903996,2
"3528",91,0,3,-15.1783295548764,2
"3529",91,0,4,-1.17754346113236,2
"3530",91,0,5,-6.19523785722658,2
"3531",91,0.796601569512859,1,17.2944763791534,2
"3532",91,0.796601569512859,2,7.00881947711838,2
"3533",91,0.796601569512859,3,-3.31422613478838,2
"3534",91,0.796601569512859,4,1.45812625533457,2
"3535",91,0.796601569512859,5,-2.48845257302714,2
"3536",91,3.71179730060976,1,4.12467708790293,2
"3537",91,3.71179730060976,2,12.4588704179842,2
"3538",91,3.71179730060976,3,7.19245003613308,2
"3539",91,3.71179730060976,4,6.56617066562753,2
"3540",91,3.71179730060976,5,-1.10404225161523,2
"3541",91,4.19895286404062,1,-0.794467187825695,2
"3542",91,4.19895286404062,2,-0.797282757124915,2
"3543",91,4.19895286404062,3,2.28064587318887,2
"3544",91,4.19895286404062,4,3.16192424094333,2
"3545",91,4.19895286404062,5,-11.4040221675999,2
"3546",91,4.67475047265179,1,3.84021481624241,2
"3547",91,4.67475047265179,2,9.48152283604667,2
"3548",91,4.67475047265179,3,14.112639566044,2
"3549",91,4.67475047265179,4,5.28326277897891,2
"3550",91,4.67475047265179,5,-9.51563827831759,2
"3551",91,5.89429048763122,1,-6.23655751806227,2
"3552",91,5.89429048763122,2,-5.08898185787881,2
"3553",91,5.89429048763122,3,7.08914945264836,2
"3554",91,5.89429048763122,4,-2.32947769176243,2
"3555",91,5.89429048763122,5,-13.3531005685219,2
"3556",91,6.77103292313404,1,-9.14605299920048,2
"3557",91,6.77103292313404,2,-10.5259879741709,2
"3558",91,6.77103292313404,3,5.55258969157045,2
"3559",91,6.77103292313404,4,-1.30942557851673,2
"3560",91,6.77103292313404,5,-20.006099111263,2
"3561",91,7.99291848973371,1,-15.5176424985489,2
"3562",91,7.99291848973371,2,-9.43608591432548,2
"3563",91,7.99291848973371,3,-1.4582010527418,2
"3564",91,7.99291848973371,4,-0.563741869690754,2
"3565",91,7.99291848973371,5,-22.9541599800715,2
"3566",91,8.66983040282503,1,-9.61596896679442,2
"3567",91,8.66983040282503,2,-2.3218175046892,2
"3568",91,8.66983040282503,3,7.65076147762513,2
"3569",91,8.66983040282503,4,2.57153719973508,2
"3570",91,8.66983040282503,5,-12.4137236363984,2
"3571",91,8.73594393499661,1,-7.60603730829713,2
"3572",91,8.73594393499661,2,-0.355948235911499,2
"3573",91,8.73594393499661,3,10.4864441792167,2
"3574",91,8.73594393499661,4,10.1170087332102,2
"3575",91,8.73594393499661,5,-12.0648714679182,2
"3576",91,10.4408862298587,1,3.63814539472018,2
"3577",91,10.4408862298587,2,1.09322556488528,2
"3578",91,10.4408862298587,3,15.9210162150315,2
"3579",91,10.4408862298587,4,16.5207324473416,2
"3580",91,10.4408862298587,5,-4.35482319607004,2
"3581",91,10.7873164140619,1,-11.9387764241432,2
"3582",91,10.7873164140619,2,-5.11371444654264,2
"3583",91,10.7873164140619,3,2.32121307108456,2
"3584",91,10.7873164140619,4,8.87586830831331,2
"3585",91,10.7873164140619,5,-15.2846014321377,2
"3586",92,0,1,18.088913331948,2
"3587",92,0,2,0.474928161758264,2
"3588",92,0,3,-11.4616889466893,2
"3589",92,0,4,8.08022418435327,2
"3590",92,0,5,3.41253838520029,2
"3591",92,4.21038723841775,1,4.5913057536323,2
"3592",92,4.21038723841775,2,3.98996522851848,2
"3593",92,4.21038723841775,3,8.56494756892586,2
"3594",92,4.21038723841775,4,15.6543319232523,2
"3595",92,4.21038723841775,5,-5.15007604193298,2
"3596",92,4.2956991730025,1,0.902688027008974,2
"3597",92,4.2956991730025,2,0.390028949906359,2
"3598",92,4.2956991730025,3,9.85587152464029,2
"3599",92,4.2956991730025,4,5.93504439174241,2
"3600",92,4.2956991730025,5,-8.32201916758562,2
"3601",92,7.23553284665104,1,-8.93695890160988,2
"3602",92,7.23553284665104,2,-0.147155197931053,2
"3603",92,7.23553284665104,3,2.06492062587258,2
"3604",92,7.23553284665104,4,17.800933401973,2
"3605",92,7.23553284665104,5,-10.7098183443517,2
"3606",92,10.1869266120484,1,-9.51688804383124,2
"3607",92,10.1869266120484,2,-12.2467128291326,2
"3608",92,10.1869266120484,3,6.42523012797766,2
"3609",92,10.1869266120484,4,16.9755905271825,2
"3610",92,10.1869266120484,5,-12.3899634797275,2
"3611",93,0,1,23.6126248428149,2
"3612",93,0,2,1.2169114902017,2
"3613",93,0,3,-14.3205976873418,2
"3614",93,0,4,1.09749639033487,2
"3615",93,0,5,8.40284061112102,2
"3616",93,0.975210256874561,1,10.8218591473961,2
"3617",93,0.975210256874561,2,-6.79322743606914,2
"3618",93,0.975210256874561,3,-13.6633131767247,2
"3619",93,0.975210256874561,4,-3.15902436652918,2
"3620",93,0.975210256874561,5,-1.92860749023138,2
"3621",93,1.3195299836807,1,13.2273073037845,2
"3622",93,1.3195299836807,2,-0.544635076688675,2
"3623",93,1.3195299836807,3,-3.79111636485855,2
"3624",93,1.3195299836807,4,4.95091318048149,2
"3625",93,1.3195299836807,5,5.09920448226468,2
"3626",93,2.1092118533561,1,9.42728692444516,2
"3627",93,2.1092118533561,2,-3.37941830019036,2
"3628",93,2.1092118533561,3,-1.84470350799434,2
"3629",93,2.1092118533561,4,-6.60735050449587,2
"3630",93,2.1092118533561,5,-0.838351034547113,2
"3631",93,8.62590779096354,1,-15.7596095134867,2
"3632",93,8.62590779096354,2,-10.0855214964277,2
"3633",93,8.62590779096354,3,1.79835401604169,2
"3634",93,8.62590779096354,4,-0.848274271868288,2
"3635",93,8.62590779096354,5,-11.060048835531,2
"3636",93,10.888192804181,1,-1.15538156664392,2
"3637",93,10.888192804181,2,0.664143511022342,2
"3638",93,10.888192804181,3,20.915678961725,2
"3639",93,10.888192804181,4,17.370807883212,2
"3640",93,10.888192804181,5,3.44827736810377,2
"3641",94,0,1,18.9482620113781,2
"3642",94,0,2,4.02700004951568,2
"3643",94,0,3,-8.84389729108255,2
"3644",94,0,4,1.02850803717697,2
"3645",94,0,5,-4.73521161072783,2
"3646",94,4.43904553109314,1,6.5873668042725,2
"3647",94,4.43904553109314,2,4.03770993423984,2
"3648",94,4.43904553109314,3,13.9554613554104,2
"3649",94,4.43904553109314,4,7.9502619988702,2
"3650",94,4.43904553109314,5,-1.57612309829215,2
"3651",94,6.67698045796715,1,-9.24562692431602,2
"3652",94,6.67698045796715,2,-4.32009574403343,2
"3653",94,6.67698045796715,3,11.7828349666538,2
"3654",94,6.67698045796715,4,7.50123652818232,2
"3655",94,6.67698045796715,5,-8.6567610414423,2
"3656",94,7.78434364986606,1,-15.0062275794683,2
"3657",94,7.78434364986606,2,-14.9425628472749,2
"3658",94,7.78434364986606,3,5.09772697419023,2
"3659",94,7.78434364986606,4,-1.16867748596342,2
"3660",94,7.78434364986606,5,-19.5224230235238,2
"3661",94,8.10888126271311,1,-10.7598034435085,2
"3662",94,8.10888126271311,2,-3.16947120691053,2
"3663",94,8.10888126271311,3,15.1290589058419,2
"3664",94,8.10888126271311,4,12.8054847889034,2
"3665",94,8.10888126271311,5,-8.56320725616582,2
"3666",94,8.81779607979115,1,1.57279315518948,2
"3667",94,8.81779607979115,2,0.942400569124837,2
"3668",94,8.81779607979115,3,20.1206124212846,2
"3669",94,8.81779607979115,4,22.154711533955,2
"3670",94,8.81779607979115,5,-4.01672070898781,2
"3671",95,0,1,17.6080225536011,2
"3672",95,0,2,3.84642328597521,2
"3673",95,0,3,-8.0594477907151,2
"3674",95,0,4,-1.6571872195344,2
"3675",95,0,5,5.43174695505602,2
"3676",95,2.96511612355243,1,3.6692488816786,2
"3677",95,2.96511612355243,2,-5.02002751085364,2
"3678",95,2.96511612355243,3,4.38571190569596,2
"3679",95,2.96511612355243,4,-2.70021813535432,2
"3680",95,2.96511612355243,5,2.99573448914788,2
"3681",95,8.69375357229728,1,-9.28762140871543,2
"3682",95,8.69375357229728,2,-5.70999905223767,2
"3683",95,8.69375357229728,3,14.9470689310228,2
"3684",95,8.69375357229728,4,4.75567499204118,2
"3685",95,8.69375357229728,5,0.113645718185489,2
"3686",95,9.5693910131231,1,-8.0155281409334,2
"3687",95,9.5693910131231,2,-2.11371434974293,2
"3688",95,9.5693910131231,3,24.6834418130769,2
"3689",95,9.5693910131231,4,13.8188304797155,2
"3690",95,9.5693910131231,5,1.25899384383867,2
"3691",95,10.4846346992999,1,-5.03502495632991,2
"3692",95,10.4846346992999,2,-10.0140741403455,2
"3693",95,10.4846346992999,3,10.5801501215019,2
"3694",95,10.4846346992999,4,11.5433674871504,2
"3695",95,10.4846346992999,5,-5.86814910755568,2
"3696",96,0,1,18.6294102970582,2
"3697",96,0,2,-6.85387472302988,2
"3698",96,0,3,-12.5661612012819,2
"3699",96,0,4,0.102413261325531,2
"3700",96,0,5,-3.20186100223952,2
"3701",96,1.93290608411189,1,7.85803479390356,2
"3702",96,1.93290608411189,2,-10.7652125945767,2
"3703",96,1.93290608411189,3,-0.183894175331375,2
"3704",96,1.93290608411189,4,2.69274273192494,2
"3705",96,1.93290608411189,5,-8.40840152395358,2
"3706",96,10.455942581757,1,-21.7934183552747,2
"3707",96,10.455942581757,2,-31.7625383279299,2
"3708",96,10.455942581757,3,-0.131618204341724,2
"3709",96,10.455942581757,4,5.04429856174104,2
"3710",96,10.455942581757,5,-16.5876190721017,2
"3711",96,10.8465584078804,1,-5.75611242951546,2
"3712",96,10.8465584078804,2,-9.99984870836583,2
"3713",96,10.8465584078804,3,19.7280441237138,2
"3714",96,10.8465584078804,4,19.5670303210163,2
"3715",96,10.8465584078804,5,-0.780430079800305,2
"3716",97,0,1,13.9384814376868,2
"3717",97,0,2,-5.96339475644831,2
"3718",97,0,3,-14.7921020101696,2
"3719",97,0,4,-1.73776722214976,2
"3720",97,0,5,-2.60742262010915,2
"3721",97,0.699715481139719,1,19.5053969554557,2
"3722",97,0.699715481139719,2,6.42191226575085,2
"3723",97,0.699715481139719,3,-1.4031533218145,2
"3724",97,0.699715481139719,4,5.86458104393897,2
"3725",97,0.699715481139719,5,-3.22703760425138,2
"3726",97,4.20011352014262,1,6.60618624405617,2
"3727",97,4.20011352014262,2,-3.90308024835208,2
"3728",97,4.20011352014262,3,7.62970817150909,2
"3729",97,4.20011352014262,4,1.24794540215711,2
"3730",97,4.20011352014262,5,-9.45355875690128,2
"3731",97,5.99941099539865,1,-4.51642910876628,2
"3732",97,5.99941099539865,2,-6.99746531160655,2
"3733",97,5.99941099539865,3,11.7363080292057,2
"3734",97,5.99941099539865,4,6.62027514029858,2
"3735",97,5.99941099539865,5,-9.17087116005238,2
"3736",97,6.73018038307782,1,-12.5006565145771,2
"3737",97,6.73018038307782,2,-8.46629041686389,2
"3738",97,6.73018038307782,3,9.67916140632452,2
"3739",97,6.73018038307782,4,4.58316685285524,2
"3740",97,6.73018038307782,5,-17.7539470925653,2
"3741",97,7.01221698487643,1,-6.47116848140295,2
"3742",97,7.01221698487643,2,-4.91929996048496,2
"3743",97,7.01221698487643,3,19.6220127127238,2
"3744",97,7.01221698487643,4,9.47575973841538,2
"3745",97,7.01221698487643,5,-11.4397159047839,2
"3746",97,9.15837713028304,1,-16.8498334092579,2
"3747",97,9.15837713028304,2,-12.1152335023597,2
"3748",97,9.15837713028304,3,9.192596430036,2
"3749",97,9.15837713028304,4,-1.43254774440981,2
"3750",97,9.15837713028304,5,-15.4992784644436,2
"3751",97,10.0590531791095,1,-7.20955263717844,2
"3752",97,10.0590531791095,2,-2.47456668217086,2
"3753",97,10.0590531791095,3,8.57751690707057,2
"3754",97,10.0590531791095,4,7.84435991252547,2
"3755",97,10.0590531791095,5,-10.2718750851852,2
"3756",97,10.141439102008,1,-12.8740566358992,2
"3757",97,10.141439102008,2,-5.11081887921207,2
"3758",97,10.141439102008,3,10.1348592526645,2
"3759",97,10.141439102008,4,13.982741463498,2
"3760",97,10.141439102008,5,-9.37647207098465,2
"3761",97,10.5271028777352,1,-1.1708080319104,2
"3762",97,10.5271028777352,2,-2.87977883591129,2
"3763",97,10.5271028777352,3,16.1268268419314,2
"3764",97,10.5271028777352,4,15.6079664921466,2
"3765",97,10.5271028777352,5,-9.41169929715272,2
"3766",97,10.9312962484546,1,-3.81495529044732,2
"3767",97,10.9312962484546,2,-5.34270208690681,2
"3768",97,10.9312962484546,3,12.6402994883605,2
"3769",97,10.9312962484546,4,18.9879340300416,2
"3770",97,10.9312962484546,5,-8.13146340534532,2
"3771",98,0,1,19.2656809420835,2
"3772",98,0,2,-1.8824722994066,2
"3773",98,0,3,-9.32507207257347,2
"3774",98,0,4,-1.08746911656618,2
"3775",98,0,5,5.78151316242849,2
"3776",98,0.793496508849785,1,15.387603138256,2
"3777",98,0.793496508849785,2,-0.716822358400498,2
"3778",98,0.793496508849785,3,-3.1618199391582,2
"3779",98,0.793496508849785,4,-1.13202088460092,2
"3780",98,0.793496508849785,5,2.05083174122911,2
"3781",98,1.60253877064679,1,16.8404637138815,2
"3782",98,1.60253877064679,2,-7.59760040582877,2
"3783",98,1.60253877064679,3,2.88315393642665,2
"3784",98,1.60253877064679,4,-5.21495302574628,2
"3785",98,1.60253877064679,5,2.26513012438839,2
"3786",98,2.03953275561798,1,8.38817742370685,2
"3787",98,2.03953275561798,2,-0.0938817526517364,2
"3788",98,2.03953275561798,3,-0.118656673504204,2
"3789",98,2.03953275561798,4,1.44047599092112,2
"3790",98,2.03953275561798,5,-0.750990326162998,2
"3791",98,3.79447904950939,1,6.20218082531446,2
"3792",98,3.79447904950939,2,4.74800813393563,2
"3793",98,3.79447904950939,3,7.83964761000216,2
"3794",98,3.79447904950939,4,11.8065469854171,2
"3795",98,3.79447904950939,5,-0.21496990536508,2
"3796",98,7.20480160869192,1,-7.54643224411469,2
"3797",98,7.20480160869192,2,-7.79175068357339,2
"3798",98,7.20480160869192,3,4.53278969956058,2
"3799",98,7.20480160869192,4,1.78987873423617,2
"3800",98,7.20480160869192,5,-5.45853731608121,2
"3801",98,7.62288743595127,1,-4.00290006036577,2
"3802",98,7.62288743595127,2,-3.85331820424405,2
"3803",98,7.62288743595127,3,17.4250995132838,2
"3804",98,7.62288743595127,4,12.2003188541751,2
"3805",98,7.62288743595127,5,-4.19091567703197,2
"3806",98,7.6239661523141,1,-2.69877303842867,2
"3807",98,7.6239661523141,2,-4.2579114107013,2
"3808",98,7.6239661523141,3,17.3758296140592,2
"3809",98,7.6239661523141,4,9.64080259243254,2
"3810",98,7.6239661523141,5,-5.27094385396176,2
"3811",98,7.67756412946619,1,-11.2446806344248,2
"3812",98,7.67756412946619,2,-8.51703459859702,2
"3813",98,7.67756412946619,3,8.69551180380095,2
"3814",98,7.67756412946619,4,1.51717351327819,2
"3815",98,7.67756412946619,5,-8.46132078331585,2
"3816",98,7.80638195353094,1,-11.3430153445436,2
"3817",98,7.80638195353094,2,-6.99185365535836,2
"3818",98,7.80638195353094,3,11.1749726771784,2
"3819",98,7.80638195353094,4,5.95917756496963,2
"3820",98,7.80638195353094,5,-10.5458251331129,2
"3821",98,9.00033260136843,1,-2.15518124129997,2
"3822",98,9.00033260136843,2,-6.10336510922044,2
"3823",98,9.00033260136843,3,16.7399492100311,2
"3824",98,9.00033260136843,4,9.94829903929231,2
"3825",98,9.00033260136843,5,0.920531373029466,2
"3826",99,0,1,19.6216623541422,2
"3827",99,0,2,-11.3540021508144,2
"3828",99,0,3,-13.7161129281273,2
"3829",99,0,4,0.656310911601987,2
"3830",99,0,5,2.03139257224004,2
"3831",99,2.66863710794132,1,3.29519502567187,2
"3832",99,2.66863710794132,2,-5.67329000533641,2
"3833",99,2.66863710794132,3,-3.44840710147634,2
"3834",99,2.66863710794132,4,0.479560407870492,2
"3835",99,2.66863710794132,5,-3.18348562393385,2
"3836",99,3.7946218457073,1,6.45046525162298,2
"3837",99,3.7946218457073,2,-2.75633874690748,2
"3838",99,3.7946218457073,3,-0.328892740426834,2
"3839",99,3.7946218457073,4,-5.89645671806233,2
"3840",99,3.7946218457073,5,-9.23581887372115,2
"3841",99,4.41251113964245,1,3.08643427598111,2
"3842",99,4.41251113964245,2,-2.57759952882409,2
"3843",99,4.41251113964245,3,11.8828726500291,2
"3844",99,4.41251113964245,4,4.73276524159761,2
"3845",99,4.41251113964245,5,-12.5512570266163,2
"3846",99,5.73395878216252,1,-4.36405687527609,2
"3847",99,5.73395878216252,2,-5.04271856712895,2
"3848",99,5.73395878216252,3,5.14828736229957,2
"3849",99,5.73395878216252,4,7.318648127991,2
"3850",99,5.73395878216252,5,-6.30354097695289,2
"3851",99,6.53998083225451,1,-3.26170245234707,2
"3852",99,6.53998083225451,2,-6.33388666151434,2
"3853",99,6.53998083225451,3,12.0797508647948,2
"3854",99,6.53998083225451,4,6.50963376475569,2
"3855",99,6.53998083225451,5,-6.22117724878754,2
"3856",99,6.96381055039819,1,-3.30004527272326,2
"3857",99,6.96381055039819,2,-4.2298686550864,2
"3858",99,6.96381055039819,3,6.63974718972206,2
"3859",99,6.96381055039819,4,8.4447609151793,2
"3860",99,6.96381055039819,5,-13.7492646217512,2
"3861",99,8.8056754108984,1,4.17041997091427,2
"3862",99,8.8056754108984,2,-4.53348978449828,2
"3863",99,8.8056754108984,3,18.058883872861,2
"3864",99,8.8056754108984,4,12.3058793843724,2
"3865",99,8.8056754108984,5,4.48750205435237,2
"3866",99,10.5663358091842,1,-11.5270784279879,2
"3867",99,10.5663358091842,2,-12.3640638673636,2
"3868",99,10.5663358091842,3,2.75988106571103,2
"3869",99,10.5663358091842,4,4.68384573929626,2
"3870",99,10.5663358091842,5,-14.2547736618515,2
"3871",100,0,1,23.0189106867002,2
"3872",100,0,2,-2.30655065230313,2
"3873",100,0,3,-8.21894142034466,2
"3874",100,0,4,-4.38412477241687,2
"3875",100,0,5,5.95883939751194,2
"3876",100,1.92031246668193,1,2.65563776701254,2
"3877",100,1.92031246668193,2,-11.3293120960208,2
"3878",100,1.92031246668193,3,-7.0997147001671,2
"3879",100,1.92031246668193,4,-10.9409889114129,2
"3880",100,1.92031246668193,5,-4.40688945457522,2
"3881",100,2.13795131782535,1,13.2112709365641,2
"3882",100,2.13795131782535,2,3.13443171206671,2
"3883",100,2.13795131782535,3,3.41091910248163,2
"3884",100,2.13795131782535,4,-6.03150517135845,2
"3885",100,2.13795131782535,5,6.91325931721774,2
"3886",100,3.62465090549085,1,1.07932679544629,2
"3887",100,3.62465090549085,2,-12.0340641032624,2
"3888",100,3.62465090549085,3,0.28767716186306,2
"3889",100,3.62465090549085,4,-3.55619300233719,2
"3890",100,3.62465090549085,5,-3.74367623201056,2
"3891",100,3.76356693392154,1,-5.97591714508493,2
"3892",100,3.76356693392154,2,-6.61930180888285,2
"3893",100,3.76356693392154,3,0.693347252850077,2
"3894",100,3.76356693392154,4,-12.1417654302649,2
"3895",100,3.76356693392154,5,-7.8616264903085,2
"3896",100,5.0490914095426,1,-0.332814295826801,2
"3897",100,5.0490914095426,2,1.74857016589695,2
"3898",100,5.0490914095426,3,14.2202220533174,2
"3899",100,5.0490914095426,4,4.34536640194949,2
"3900",100,5.0490914095426,5,-0.114467220666283,2
"3901",100,5.87368553411216,1,-12.3830306235133,2
"3902",100,5.87368553411216,2,-16.8977676785122,2
"3903",100,5.87368553411216,3,3.32085602879946,2
"3904",100,5.87368553411216,4,-6.11780951215027,2
"3905",100,5.87368553411216,5,-9.99493719499255,2
"3906",100,7.52914787561167,1,-5.04948703632546,2
"3907",100,7.52914787561167,2,-7.14416559100348,2
"3908",100,7.52914787561167,3,11.9946591105162,2
"3909",100,7.52914787561167,4,-3.649438520364,2
"3910",100,7.52914787561167,5,-3.42631373513677,2
"3911",100,8.48690823616926,1,-20.8495286762783,2
"3912",100,8.48690823616926,2,-15.4953506130634,2
"3913",100,8.48690823616926,3,3.38695833241652,2
"3914",100,8.48690823616926,4,-9.1845143219137,2
"3915",100,8.48690823616926,5,-14.9112883001554,2
"3916",100,10.2410377167398,1,-11.4736613074373,2
"3917",100,10.2410377167398,2,-11.6407603294022,2
"3918",100,10.2410377167398,3,11.4458356681192,2
"3919",100,10.2410377167398,4,5.25814812097169,2
"3920",100,10.2410377167398,5,-4.85869438244202,2
"3921",100,10.2743774532573,1,-9.33279876430175,2
"3922",100,10.2743774532573,2,-7.76105251487742,2
"3923",100,10.2743774532573,3,8.15670821660455,2
"3924",100,10.2743774532573,4,4.5814797871167,2
"3925",100,10.2743774532573,5,-0.916744369745004,2
"3926",100,10.6878967578523,1,1.4190288307346,2
"3927",100,10.6878967578523,2,0.378562544300481,2
"3928",100,10.6878967578523,3,17.0035114642305,2
"3929",100,10.6878967578523,4,12.3570264420781,2
"3930",100,10.6878967578523,5,5.06916454925202,2
"3931",101,0,1,-9.86998363883527,3
"3932",101,0,2,-4.64084968169624,3
"3933",101,0,3,3.79400610058015,3
"3934",101,0,4,-2.52660772267162,3
"3935",101,0,5,-7.01343637484745,3
"3936",101,0.582057616324164,1,-0.678325384083997,3
"3937",101,0.582057616324164,2,-11.2186991265242,3
"3938",101,0.582057616324164,3,7.29136744459704,3
"3939",101,0.582057616324164,4,3.23405715270169,3
"3940",101,0.582057616324164,5,-0.0932501399977457,3
"3941",101,0.772671193000861,1,-7.29373579888061,3
"3942",101,0.772671193000861,2,-1.79174236950917,3
"3943",101,0.772671193000861,3,5.77053180306273,3
"3944",101,0.772671193000861,4,-2.75647723874925,3
"3945",101,0.772671193000861,5,-5.14661930575652,3
"3946",101,1.30586136586498,1,-5.64527120922949,3
"3947",101,1.30586136586498,2,-13.6246435482189,3
"3948",101,1.30586136586498,3,1.59253928386284,3
"3949",101,1.30586136586498,4,-3.8436566764894,3
"3950",101,1.30586136586498,5,-7.68659606261734,3
"3951",101,2.08674230566248,1,-0.159390426058703,3
"3952",101,2.08674230566248,2,-14.8762581992738,3
"3953",101,2.08674230566248,3,9.66878599258908,3
"3954",101,2.08674230566248,4,8.79448875990176,3
"3955",101,2.08674230566248,5,-6.37146995063641,3
"3956",101,2.12118896329775,1,-7.01049391418437,3
"3957",101,2.12118896329775,2,-17.7234806353317,3
"3958",101,2.12118896329775,3,-0.136932520654238,3
"3959",101,2.12118896329775,4,-0.149392008934944,3
"3960",101,2.12118896329775,5,-16.1377689358975,3
"3961",101,4.35293850698508,1,3.57448274254864,3
"3962",101,4.35293850698508,2,-19.53722443161,3
"3963",101,4.35293850698508,3,4.99090274841059,3
"3964",101,4.35293850698508,4,11.0910981161372,3
"3965",101,4.35293850698508,5,-7.75204731161627,3
"3966",101,5.40964767767582,1,-8.43140307205942,3
"3967",101,5.40964767767582,2,-35.4893910501546,3
"3968",101,5.40964767767582,3,1.64903055826567,3
"3969",101,5.40964767767582,4,2.15435762811599,3
"3970",101,5.40964767767582,5,-17.2947214155489,3
"3971",101,6.21257276157849,1,3.58797413853166,3
"3972",101,6.21257276157849,2,-18.9383405034185,3
"3973",101,6.21257276157849,3,15.8520599274184,3
"3974",101,6.21257276157849,4,16.6466720080475,3
"3975",101,6.21257276157849,5,-2.47302590710163,3
"3976",101,7.35589526069816,1,-4.2758690455539,3
"3977",101,7.35589526069816,2,-24.3673797719984,3
"3978",101,7.35589526069816,3,13.5138049436343,3
"3979",101,7.35589526069816,4,6.51375494432778,3
"3980",101,7.35589526069816,5,-9.93657652561508,3
"3981",101,8.69844711781479,1,-2.07545176373881,3
"3982",101,8.69844711781479,2,-25.8398309950452,3
"3983",101,8.69844711781479,3,2.71064237332883,3
"3984",101,8.69844711781479,4,4.92147579803192,3
"3985",101,8.69844711781479,5,-12.4349158319029,3
"3986",101,10.5683614567388,1,-1.98228829224615,3
"3987",101,10.5683614567388,2,-22.3714808632955,3
"3988",101,10.5683614567388,3,3.02616232339429,3
"3989",101,10.5683614567388,4,6.92729324832493,3
"3990",101,10.5683614567388,5,-13.562479821104,3
"3991",102,0,1,-2.68254704020503,3
"3992",102,0,2,4.32464321627139,3
"3993",102,0,3,10.1251653148551,3
"3994",102,0,4,-0.855086342195582,3
"3995",102,0,5,13.2638896106824,3
"3996",102,0.818599921534769,1,-0.149391616616893,3
"3997",102,0.818599921534769,2,-5.35491356049226,3
"3998",102,0.818599921534769,3,13.6209226113439,3
"3999",102,0.818599921534769,4,4.72928028625369,3
"4000",102,0.818599921534769,5,2.83383299186105,3
"4001",102,2.64623662119266,1,0.738691437552728,3
"4002",102,2.64623662119266,2,-10.3835208630155,3
"4003",102,2.64623662119266,3,11.5003536900273,3
"4004",102,2.64623662119266,4,5.30105290038387,3
"4005",102,2.64623662119266,5,3.09799067839594,3
"4006",102,4.85793356935028,1,-0.0445358944609349,3
"4007",102,4.85793356935028,2,-21.511667255942,3
"4008",102,4.85793356935028,3,14.9517831272751,3
"4009",102,4.85793356935028,4,9.5416764778593,3
"4010",102,4.85793356935028,5,2.28136968033102,3
"4011",102,5.54238536371849,1,-1.08135044464509,3
"4012",102,5.54238536371849,2,-12.0095450702265,3
"4013",102,5.54238536371849,3,8.02852672797813,3
"4014",102,5.54238536371849,4,6.23749511864898,3
"4015",102,5.54238536371849,5,-2.57584571008721,3
"4016",102,5.8286824603565,1,-5.2203058299063,3
"4017",102,5.8286824603565,2,-22.319093500795,3
"4018",102,5.8286824603565,3,-0.467759008428695,3
"4019",102,5.8286824603565,4,4.10975179382423,3
"4020",102,5.8286824603565,5,-5.38208073439669,3
"4021",102,5.84743911377154,1,5.18423134626632,3
"4022",102,5.84743911377154,2,-14.3614237774058,3
"4023",102,5.84743911377154,3,11.9089322682752,3
"4024",102,5.84743911377154,4,11.4443712847299,3
"4025",102,5.84743911377154,5,4.89672588432922,3
"4026",102,6.16856179502793,1,-9.78949901688454,3
"4027",102,6.16856179502793,2,-27.6366381142869,3
"4028",102,6.16856179502793,3,5.91253831484037,3
"4029",102,6.16856179502793,4,0.561390610240884,3
"4030",102,6.16856179502793,5,-13.9721190187572,3
"4031",103,0,1,6.04992558894224,3
"4032",103,0,2,-3.41848698129592,3
"4033",103,0,3,1.67081985401189,3
"4034",103,0,4,-0.36544947590223,3
"4035",103,0,5,0.755487295782688,3
"4036",103,1.17265077529009,1,3.97383636356086,3
"4037",103,1.17265077529009,2,-6.91163033584315,3
"4038",103,1.17265077529009,3,6.79098691497294,3
"4039",103,1.17265077529009,4,-1.84823689217217,3
"4040",103,1.17265077529009,5,-3.95433739896349,3
"4041",103,1.62899664230645,1,-4.77899569570545,3
"4042",103,1.62899664230645,2,-16.6734075382453,3
"4043",103,1.62899664230645,3,3.14539671380198,3
"4044",103,1.62899664230645,4,-6.26118228808961,3
"4045",103,1.62899664230645,5,-12.1027215489726,3
"4046",103,4.9118759931298,1,3.77105072750376,3
"4047",103,4.9118759931298,2,-18.9317678098361,3
"4048",103,4.9118759931298,3,4.8721894829936,3
"4049",103,4.9118759931298,4,5.4900183663745,3
"4050",103,4.9118759931298,5,-5.57485707137547,3
"4051",103,6.44413179485127,1,2.82749633439446,3
"4052",103,6.44413179485127,2,-21.8082310409656,3
"4053",103,6.44413179485127,3,5.76102281237652,3
"4054",103,6.44413179485127,4,8.29381652039439,3
"4055",103,6.44413179485127,5,-13.931336813248,3
"4056",103,6.81936464936007,1,-1.06303995797894,3
"4057",103,6.81936464936007,2,-27.7661426470924,3
"4058",103,6.81936464936007,3,0.700183848578211,3
"4059",103,6.81936464936007,4,8.68909606874033,3
"4060",103,6.81936464936007,5,-9.99569805017844,3
"4061",103,7.71878562693018,1,-3.58216489242097,3
"4062",103,7.71878562693018,2,-26.8508016037712,3
"4063",103,7.71878562693018,3,3.53805841361977,3
"4064",103,7.71878562693018,4,2.02200955417555,3
"4065",103,7.71878562693018,5,-12.3591538407016,3
"4066",103,9.87097284267657,1,-10.3174430093779,3
"4067",103,9.87097284267657,2,-32.5188649358014,3
"4068",103,9.87097284267657,3,-6.7946109428588,3
"4069",103,9.87097284267657,4,2.58225244841216,3
"4070",103,9.87097284267657,5,-21.1873779772886,3
"4071",104,0,1,-2.65927703570082,3
"4072",104,0,2,-4.42322416250677,3
"4073",104,0,3,-6.83914068720336,3
"4074",104,0,4,-3.0791357791025,3
"4075",104,0,5,-10.2205079268078,3
"4076",104,3.40524507057853,1,-7.31747654943818,3
"4077",104,3.40524507057853,2,-22.2635038188809,3
"4078",104,3.40524507057853,3,-4.93434473390575,3
"4079",104,3.40524507057853,4,0.211097164928896,3
"4080",104,3.40524507057853,5,-18.994931575485,3
"4081",104,4.72473813116085,1,-9.43755607677891,3
"4082",104,4.72473813116085,2,-27.6895948830587,3
"4083",104,4.72473813116085,3,-3.51635496462907,3
"4084",104,4.72473813116085,4,5.08077398375742,3
"4085",104,4.72473813116085,5,-15.0674902672326,3
"4086",104,4.79188043158501,1,-3.82872344862332,3
"4087",104,4.79188043158501,2,-26.0232127263713,3
"4088",104,4.79188043158501,3,-0.215149108456175,3
"4089",104,4.79188043158501,4,6.61513533533744,3
"4090",104,4.79188043158501,5,-11.8093316540003,3
"4091",104,4.89858910883777,1,-1.56150119800536,3
"4092",104,4.89858910883777,2,-18.9647334134426,3
"4093",104,4.89858910883777,3,0.962130569439277,3
"4094",104,4.89858910883777,4,15.2749643157147,3
"4095",104,4.89858910883777,5,-14.1749979943491,3
"4096",104,8.38638773886487,1,2.35134305664908,3
"4097",104,8.38638773886487,2,-10.7191216597519,3
"4098",104,8.38638773886487,3,5.67932445639002,3
"4099",104,8.38638773886487,4,19.590616043064,3
"4100",104,8.38638773886487,5,-4.84003272419407,3
"4101",104,10.1246200446039,1,-0.341149117421848,3
"4102",104,10.1246200446039,2,-17.1999293171307,3
"4103",104,10.1246200446039,3,6.49085284041686,3
"4104",104,10.1246200446039,4,13.0770874980113,3
"4105",104,10.1246200446039,5,-18.3640598665955,3
"4106",105,0,1,-8.37133419390802,3
"4107",105,0,2,-5.4493802912183,3
"4108",105,0,3,3.21701621765919,3
"4109",105,0,4,-3.72523443392106,3
"4110",105,0,5,-8.58066056007613,3
"4111",105,0.829591762158088,1,-7.40664330959807,3
"4112",105,0.829591762158088,2,-14.162192151645,3
"4113",105,0.829591762158088,3,-1.45095839159935,3
"4114",105,0.829591762158088,4,-3.08513344928877,3
"4115",105,0.829591762158088,5,-6.37736146758166,3
"4116",105,1.71140418876894,1,-2.05957623886001,3
"4117",105,1.71140418876894,2,-15.5170289526921,3
"4118",105,1.71140418876894,3,2.87653381688813,3
"4119",105,1.71140418876894,4,-4.71625393410624,3
"4120",105,1.71140418876894,5,-7.9012258416185,3
"4121",105,2.48277783056255,1,-4.02682003685501,3
"4122",105,2.48277783056255,2,-17.4075217954272,3
"4123",105,2.48277783056255,3,7.57901539408818,3
"4124",105,2.48277783056255,4,-3.0492720114339,3
"4125",105,2.48277783056255,5,-12.6290483126279,3
"4126",105,2.53311758767813,1,0.128694027830864,3
"4127",105,2.53311758767813,2,-15.0278683637303,3
"4128",105,2.53311758767813,3,0.930198065568264,3
"4129",105,2.53311758767813,4,1.89666801050974,3
"4130",105,2.53311758767813,5,-8.31549489097667,3
"4131",105,4.13491145358421,1,-0.69291910492398,3
"4132",105,4.13491145358421,2,-20.5855094214254,3
"4133",105,4.13491145358421,3,0.633050072490482,3
"4134",105,4.13491145358421,4,6.10741529181891,3
"4135",105,4.13491145358421,5,-6.93741957048697,3
"4136",105,4.26760416897014,1,1.63090403923379,3
"4137",105,4.26760416897014,2,-26.8932572609969,3
"4138",105,4.26760416897014,3,6.40727510689829,3
"4139",105,4.26760416897014,4,1.7559775839292,3
"4140",105,4.26760416897014,5,-0.978123338001939,3
"4141",105,6.45538801013026,1,-11.5486312299205,3
"4142",105,6.45538801013026,2,-35.3906120771764,3
"4143",105,6.45538801013026,3,-1.34516789546785,3
"4144",105,6.45538801013026,4,-3.20163110580964,3
"4145",105,6.45538801013026,5,-16.3838974896951,3
"4146",105,7.83326186484192,1,0.258439527639035,3
"4147",105,7.83326186484192,2,-20.8669671861348,3
"4148",105,7.83326186484192,3,10.6541136870659,3
"4149",105,7.83326186484192,4,8.31263739433458,3
"4150",105,7.83326186484192,5,-14.037910876,3
"4151",105,9.82523188588675,1,-5.69899177347369,3
"4152",105,9.82523188588675,2,-22.6279923587871,3
"4153",105,9.82523188588675,3,8.18995772360896,3
"4154",105,9.82523188588675,4,5.9497478820829,3
"4155",105,9.82523188588675,5,-17.9978998322408,3
"4156",106,0,1,-5.11892555625561,3
"4157",106,0,2,5.01360685576999,3
"4158",106,0,3,-0.545753867838966,3
"4159",106,0,4,8.00514515633798,3
"4160",106,0,5,-5.04771291617875,3
"4161",106,4.16344001924153,1,-8.35640755830347,3
"4162",106,4.16344001924153,2,-21.5517842288031,3
"4163",106,4.16344001924153,3,-4.90442198802309,3
"4164",106,4.16344001924153,4,0.79013749059661,3
"4165",106,4.16344001924153,5,-15.84005664832,3
"4166",106,4.33111695724074,1,3.6952972789625,3
"4167",106,4.33111695724074,2,-13.2563406278926,3
"4168",106,4.33111695724074,3,-0.84696508029102,3
"4169",106,4.33111695724074,4,17.0449685006646,3
"4170",106,4.33111695724074,5,-9.39892682351213,3
"4171",106,6.42062081280164,1,3.07344060819589,3
"4172",106,6.42062081280164,2,-19.8374978582042,3
"4173",106,6.42062081280164,3,2.31417913844628,3
"4174",106,6.42062081280164,4,5.64489577825608,3
"4175",106,6.42062081280164,5,-14.7134286896097,3
"4176",106,8.22999421367422,1,4.2508591172308,3
"4177",106,8.22999421367422,2,-21.4168321419872,3
"4178",106,8.22999421367422,3,-2.15607595280098,3
"4179",106,8.22999421367422,4,16.2383844244004,3
"4180",106,8.22999421367422,5,-12.6695190039779,3
"4181",106,9.26426867884584,1,5.84076873345514,3
"4182",106,9.26426867884584,2,-16.2772467637538,3
"4183",106,9.26426867884584,3,1.1917648587839,3
"4184",106,9.26426867884584,4,4.11933506896664,3
"4185",106,9.26426867884584,5,-17.241679011,3
"4186",107,0,1,-0.0382929148334615,3
"4187",107,0,2,-4.54438941053571,3
"4188",107,0,3,5.48367253005178,3
"4189",107,0,4,0.754026951963673,3
"4190",107,0,5,-5.62724637566746,3
"4191",107,2.24948051699903,1,-3.76159927488201,3
"4192",107,2.24948051699903,2,-22.2673846168425,3
"4193",107,2.24948051699903,3,4.5448351027069,3
"4194",107,2.24948051699903,4,2.17212074644673,3
"4195",107,2.24948051699903,5,-10.3242040198769,3
"4196",107,3.65574498171918,1,-2.27898986408494,3
"4197",107,3.65574498171918,2,-23.6971673318689,3
"4198",107,3.65574498171918,3,-1.62827417808526,3
"4199",107,3.65574498171918,4,2.65201440073899,3
"4200",107,3.65574498171918,5,-11.5198481470638,3
"4201",107,6.22495874145534,1,-4.08215791582425,3
"4202",107,6.22495874145534,2,-31.3978737301989,3
"4203",107,6.22495874145534,3,-1.47541557300958,3
"4204",107,6.22495874145534,4,4.17739512725948,3
"4205",107,6.22495874145534,5,-16.706960108736,3
"4206",107,7.3728139209561,1,-2.77831037062547,3
"4207",107,7.3728139209561,2,-33.2264075631264,3
"4208",107,7.3728139209561,3,2.47146597211216,3
"4209",107,7.3728139209561,4,8.84962720640493,3
"4210",107,7.3728139209561,5,-17.5091919490045,3
"4211",107,8.31625926215202,1,4.01707684141591,3
"4212",107,8.31625926215202,2,-14.7533892813707,3
"4213",107,8.31625926215202,3,9.39009819723242,3
"4214",107,8.31625926215202,4,17.6184736253517,3
"4215",107,8.31625926215202,5,-4.73969702804474,3
"4216",107,8.65941918850876,1,-8.29803150790074,3
"4217",107,8.65941918850876,2,-28.6472329167527,3
"4218",107,8.65941918850876,3,-1.03540463299169,3
"4219",107,8.65941918850876,4,-4.78235700084189,3
"4220",107,8.65941918850876,5,-18.323254256784,3
"4221",108,0,1,2.61586387181929,3
"4222",108,0,2,-5.29716809916716,3
"4223",108,0,3,3.21980503447822,3
"4224",108,0,4,-4.10268176397154,3
"4225",108,0,5,0.516656559724961,3
"4226",108,4.25590551039204,1,3.48205131038087,3
"4227",108,4.25590551039204,2,-15.6511567440252,3
"4228",108,4.25590551039204,3,0.995948888626132,3
"4229",108,4.25590551039204,4,5.22908152673181,3
"4230",108,4.25590551039204,5,-1.226101672111,3
"4231",108,5.11038558592554,1,9.52856221918961,3
"4232",108,5.11038558592554,2,-15.825523399779,3
"4233",108,5.11038558592554,3,6.84311983801631,3
"4234",108,5.11038558592554,4,11.4052236082464,3
"4235",108,5.11038558592554,5,-0.0418030234965746,3
"4236",108,5.52818077977281,1,10.575036382603,3
"4237",108,5.52818077977281,2,-20.0987494409379,3
"4238",108,5.52818077977281,3,6.88560422227012,3
"4239",108,5.52818077977281,4,9.31365171602138,3
"4240",108,5.52818077977281,5,-2.86475494204066,3
"4241",108,7.7111384345917,1,-11.3854853018738,3
"4242",108,7.7111384345917,2,-26.8212656126774,3
"4243",108,7.7111384345917,3,-0.393976636742636,3
"4244",108,7.7111384345917,4,1.73037406393848,3
"4245",108,7.7111384345917,5,-16.925343024109,3
"4246",108,8.63731852488127,1,11.1007957506631,3
"4247",108,8.63731852488127,2,-12.7428140970217,3
"4248",108,8.63731852488127,3,10.0953951275781,3
"4249",108,8.63731852488127,4,14.7466489710696,3
"4250",108,8.63731852488127,5,-0.17878332844534,3
"4251",108,9.39952317904681,1,5.72237415830481,3
"4252",108,9.39952317904681,2,-18.2615613177402,3
"4253",108,9.39952317904681,3,3.99747607976529,3
"4254",108,9.39952317904681,4,16.616754282643,3
"4255",108,9.39952317904681,5,-6.62471942816096,3
"4256",109,0,1,-7.07661215904025,3
"4257",109,0,2,0.901659635643454,3
"4258",109,0,3,-9.79970956719949,3
"4259",109,0,4,0.663038680613917,3
"4260",109,0,5,-6.92823214890055,3
"4261",109,0.991740859113634,1,-2.59403373679582,3
"4262",109,0.991740859113634,2,-2.31159482379158,3
"4263",109,0.991740859113634,3,-9.25445219718862,3
"4264",109,0.991740859113634,4,-5.51939455288309,3
"4265",109,0.991740859113634,5,1.04311292940168,3
"4266",109,7.07383496710099,1,-4.05722432333063,3
"4267",109,7.07383496710099,2,-30.2571320757805,3
"4268",109,7.07383496710099,3,-2.35190005697278,3
"4269",109,7.07383496710099,4,9.28351612291365,3
"4270",109,7.07383496710099,5,-8.06614182198384,3
"4271",109,9.09920019784477,1,-9.98019502360551,3
"4272",109,9.09920019784477,2,-26.1785004525049,3
"4273",109,9.09920019784477,3,-7.95130038968766,3
"4274",109,9.09920019784477,4,-3.51971421188233,3
"4275",109,9.09920019784477,5,-16.936955213888,3
"4276",110,0,1,-2.51961094749105,3
"4277",110,0,2,4.01960533844592,3
"4278",110,0,3,3.5476831571165,3
"4279",110,0,4,-3.78799720868051,3
"4280",110,0,5,-1.05767319127424,3
"4281",110,0.987596070510335,1,4.0237469398922,3
"4282",110,0.987596070510335,2,-13.3480812617489,3
"4283",110,0.987596070510335,3,4.72375228229292,3
"4284",110,0.987596070510335,4,-1.32715804568605,3
"4285",110,0.987596070510335,5,1.35358622540046,3
"4286",110,3.68575300252996,1,-3.34239361788948,3
"4287",110,3.68575300252996,2,-25.5650140200514,3
"4288",110,3.68575300252996,3,-4.4448348533403,3
"4289",110,3.68575300252996,4,1.22722833665277,3
"4290",110,3.68575300252996,5,-13.7661718924747,3
"4291",110,4.72400856995955,1,0.124521644817677,3
"4292",110,4.72400856995955,2,-19.9381405680288,3
"4293",110,4.72400856995955,3,-2.24193870822121,3
"4294",110,4.72400856995955,4,3.28417199162439,3
"4295",110,4.72400856995955,5,-10.0314603565146,3
"4296",110,5.51266845792998,1,6.01234549622212,3
"4297",110,5.51266845792998,2,-24.4936369907225,3
"4298",110,5.51266845792998,3,5.64136327233842,3
"4299",110,5.51266845792998,4,3.38765589024164,3
"4300",110,5.51266845792998,5,-5.99051497612767,3
"4301",110,8.47163353150245,1,9.41699737579554,3
"4302",110,8.47163353150245,2,-17.225262006299,3
"4303",110,8.47163353150245,3,2.38287191979881,3
"4304",110,8.47163353150245,4,5.81434069239834,3
"4305",110,8.47163353150245,5,-3.56221318366722,3
"4306",110,8.67945903970394,1,0.411674029266893,3
"4307",110,8.67945903970394,2,-26.9648732051754,3
"4308",110,8.67945903970394,3,-1.81090278691248,3
"4309",110,8.67945903970394,4,6.59726056180605,3
"4310",110,8.67945903970394,5,-9.94661797530939,3
"4311",110,8.90052686247509,1,1.46026196271606,3
"4312",110,8.90052686247509,2,-27.453596131079,3
"4313",110,8.90052686247509,3,-1.9117823697167,3
"4314",110,8.90052686247509,4,2.82972960498255,3
"4315",110,8.90052686247509,5,-10.1414362540702,3
"4316",110,9.58210794720799,1,-1.33385518250907,3
"4317",110,9.58210794720799,2,-15.7050183970735,3
"4318",110,9.58210794720799,3,-2.09727271584311,3
"4319",110,9.58210794720799,4,12.9000558353401,3
"4320",110,9.58210794720799,5,-8.09833307462234,3
"4321",110,9.83331953152083,1,3.94726066611005,3
"4322",110,9.83331953152083,2,-21.8605889428492,3
"4323",110,9.83331953152083,3,0.200518858368563,3
"4324",110,9.83331953152083,4,4.03918273559788,3
"4325",110,9.83331953152083,5,-9.28883377522035,3
"4326",111,0,1,-0.936825366806695,3
"4327",111,0,2,6.01073726640291,3
"4328",111,0,3,3.76547539856212,3
"4329",111,0,4,-2.62564025665451,3
"4330",111,0,5,4.42079365391508,3
"4331",111,2.27115763991605,1,-8.8495261015099,3
"4332",111,2.27115763991605,2,-14.8314886980222,3
"4333",111,2.27115763991605,3,5.29698185733845,3
"4334",111,2.27115763991605,4,3.85828590881122,3
"4335",111,2.27115763991605,5,4.5627094486548,3
"4336",111,2.77797332813498,1,-5.81624803696982,3
"4337",111,2.77797332813498,2,-18.4764036183071,3
"4338",111,2.77797332813498,3,-2.53997647892529,3
"4339",111,2.77797332813498,4,-0.426530045010356,3
"4340",111,2.77797332813498,5,-2.84758257540297,3
"4341",111,4.01014356536325,1,1.08018093358775,3
"4342",111,4.01014356536325,2,-18.8754466719415,3
"4343",111,4.01014356536325,3,7.89856887948272,3
"4344",111,4.01014356536325,4,8.11142080714783,3
"4345",111,4.01014356536325,5,-10.0422171691715,3
"4346",111,4.01511006406508,1,-4.6562595283253,3
"4347",111,4.01511006406508,2,-24.2438287959232,3
"4348",111,4.01511006406508,3,8.79895237576094,3
"4349",111,4.01511006406508,4,4.80148051003676,3
"4350",111,4.01511006406508,5,-6.04460053692033,3
"4351",111,4.06687894440256,1,-12.5452884357684,3
"4352",111,4.06687894440256,2,-18.8422966196413,3
"4353",111,4.06687894440256,3,-2.60840214675159,3
"4354",111,4.06687894440256,4,5.54543913976311,3
"4355",111,4.06687894440256,5,-5.29028855690659,3
"4356",111,4.47320502193179,1,-8.12225499520595,3
"4357",111,4.47320502193179,2,-25.5953069304512,3
"4358",111,4.47320502193179,3,-0.505811900507398,3
"4359",111,4.47320502193179,4,3.82871426394408,3
"4360",111,4.47320502193179,5,-5.93921435928882,3
"4361",111,5.24379715463147,1,-9.3874913341833,3
"4362",111,5.24379715463147,2,-29.1744994844339,3
"4363",111,5.24379715463147,3,0.360995430483671,3
"4364",111,5.24379715463147,4,-4.3038836798873,3
"4365",111,5.24379715463147,5,-11.5556127945818,3
"4366",111,10.5010264706798,1,-7.52984389539809,3
"4367",111,10.5010264706798,2,-21.9739759726361,3
"4368",111,10.5010264706798,3,1.53203335073154,3
"4369",111,10.5010264706798,4,12.5404061751752,3
"4370",111,10.5010264706798,5,-9.33783790199158,3
"4371",112,0,1,3.16031193214743,3
"4372",112,0,2,2.11536892573859,3
"4373",112,0,3,2.4926062082951,3
"4374",112,0,4,-10.5946126125919,3
"4375",112,0,5,-3.55252830702747,3
"4376",112,1.4597143313149,1,-6.44706321982227,3
"4377",112,1.4597143313149,2,-15.8580227690391,3
"4378",112,1.4597143313149,3,0.910840406758932,3
"4379",112,1.4597143313149,4,-13.6185493897319,3
"4380",112,1.4597143313149,5,-10.5449721590457,3
"4381",112,1.61002936877776,1,2.51635763274225,3
"4382",112,1.61002936877776,2,-12.9883296911083,3
"4383",112,1.61002936877776,3,-0.0590269006119897,3
"4384",112,1.61002936877776,4,-8.67879813857004,3
"4385",112,1.61002936877776,5,-3.16932525758173,3
"4386",112,2.85174898256082,1,2.36520272037639,3
"4387",112,2.85174898256082,2,-17.9596460907251,3
"4388",112,2.85174898256082,3,4.26261764876193,3
"4389",112,2.85174898256082,4,-7.73031794672511,3
"4390",112,2.85174898256082,5,-14.896667416258,3
"4391",112,3.5574671914801,1,-3.0419284982925,3
"4392",112,3.5574671914801,2,-22.4034924347887,3
"4393",112,3.5574671914801,3,-0.716375639223385,3
"4394",112,3.5574671914801,4,-7.39932585037626,3
"4395",112,3.5574671914801,5,-12.9793542380876,3
"4396",112,3.66170585877262,1,-0.55919749272724,3
"4397",112,3.66170585877262,2,-18.9299637185508,3
"4398",112,3.66170585877262,3,5.26666040880794,3
"4399",112,3.66170585877262,4,-8.69184399636314,3
"4400",112,3.66170585877262,5,-6.2854545252699,3
"4401",112,3.92170594399795,1,-1.70479812861369,3
"4402",112,3.92170594399795,2,-22.4743762946139,3
"4403",112,3.92170594399795,3,1.98426874218806,3
"4404",112,3.92170594399795,4,-10.3176685157678,3
"4405",112,3.92170594399795,5,-16.0585708678288,3
"4406",112,5.95879459101707,1,-0.752680897807765,3
"4407",112,5.95879459101707,2,-29.0088545105396,3
"4408",112,5.95879459101707,3,2.52956094129448,3
"4409",112,5.95879459101707,4,0.361479669752248,3
"4410",112,5.95879459101707,5,-15.3618175615269,3
"4411",112,6.10493562545162,1,-3.82480738773434,3
"4412",112,6.10493562545162,2,-30.831387206434,3
"4413",112,6.10493562545162,3,-5.65899079783667,3
"4414",112,6.10493562545162,4,-4.45066914839823,3
"4415",112,6.10493562545162,5,-14.1036010859128,3
"4416",112,7.01745976647362,1,0.849166834512417,3
"4417",112,7.01745976647362,2,-28.1620091001785,3
"4418",112,7.01745976647362,3,7.77582246235345,3
"4419",112,7.01745976647362,4,-2.83331592006478,3
"4420",112,7.01745976647362,5,-13.2672558011201,3
"4421",112,9.80607432010584,1,-6.41905915572549,3
"4422",112,9.80607432010584,2,-32.16655812263,3
"4423",112,9.80607432010584,3,-6.82719499181828,3
"4424",112,9.80607432010584,4,-6.93968004342234,3
"4425",112,9.80607432010584,5,-20.3107051972042,3
"4426",113,0,1,4.15022434887033,3
"4427",113,0,2,4.57404179086672,3
"4428",113,0,3,5.31012682353524,3
"4429",113,0,4,-7.75356239255821,3
"4430",113,0,5,9.99641061734201,3
"4431",113,1.59505605674349,1,-0.23714997148651,3
"4432",113,1.59505605674349,2,-8.06867569012394,3
"4433",113,1.59505605674349,3,-1.500471349862,3
"4434",113,1.59505605674349,4,0.393200612873448,3
"4435",113,1.59505605674349,5,7.27989161022741,3
"4436",113,2.78435894625727,1,1.81226031517149,3
"4437",113,2.78435894625727,2,-16.656259593317,3
"4438",113,2.78435894625727,3,-3.37577723667636,3
"4439",113,2.78435894625727,4,-2.66794893869632,3
"4440",113,2.78435894625727,5,1.59800624750282,3
"4441",113,3.72367492015474,1,-0.958941662132685,3
"4442",113,3.72367492015474,2,-24.956313496122,3
"4443",113,3.72367492015474,3,-2.38719712378338,3
"4444",113,3.72367492015474,4,-2.27318034092707,3
"4445",113,3.72367492015474,5,-1.73515574048715,3
"4446",113,5.05312966695055,1,-0.274594782778219,3
"4447",113,5.05312966695055,2,-20.5219055597442,3
"4448",113,5.05312966695055,3,-0.669875623289441,3
"4449",113,5.05312966695055,4,5.1001135846228,3
"4450",113,5.05312966695055,5,3.18687098161009,3
"4451",114,0,1,-2.44809361492304,3
"4452",114,0,2,-4.87433643329717,3
"4453",114,0,3,3.33734596898753,3
"4454",114,0,4,5.49348285764938,3
"4455",114,0,5,13.5277572563344,3
"4456",114,3.08103776408825,1,-8.19753209323001,3
"4457",114,3.08103776408825,2,-26.612377844176,3
"4458",114,3.08103776408825,3,3.393250132475,3
"4459",114,3.08103776408825,4,7.56143691408393,3
"4460",114,3.08103776408825,5,1.65368088737067,3
"4461",114,5.80543208564632,1,-0.433432677627295,3
"4462",114,5.80543208564632,2,-26.7770985152683,3
"4463",114,5.80543208564632,3,7.28510384758716,3
"4464",114,5.80543208564632,4,17.3867210058852,3
"4465",114,5.80543208564632,5,4.87749744036009,3
"4466",114,10.7244584005093,1,-17.8667645295772,3
"4467",114,10.7244584005093,2,-38.4460633749218,3
"4468",114,10.7244584005093,3,-13.474483359318,3
"4469",114,10.7244584005093,4,-7.4771976705474,3
"4470",114,10.7244584005093,5,-17.6234504495502,3
"4471",115,0,1,4.85814858406833,3
"4472",115,0,2,0.167164830079362,3
"4473",115,0,3,-2.97398687250136,3
"4474",115,0,4,-0.78855195127578,3
"4475",115,0,5,1.02806721667897,3
"4476",115,1.01240989612415,1,-0.404194226481236,3
"4477",115,1.01240989612415,2,-12.181282743563,3
"4478",115,1.01240989612415,3,-3.04710540269793,3
"4479",115,1.01240989612415,4,2.02827426730492,3
"4480",115,1.01240989612415,5,6.42048287518457,3
"4481",115,1.23918203217909,1,-8.33744412092136,3
"4482",115,1.23918203217909,2,-15.3495397088216,3
"4483",115,1.23918203217909,3,-1.303354844574,3
"4484",115,1.23918203217909,4,-0.208129503922525,3
"4485",115,1.23918203217909,5,6.14319936870736,3
"4486",115,1.3448222266743,1,4.47336487920217,3
"4487",115,1.3448222266743,2,-3.55207331867313,3
"4488",115,1.3448222266743,3,-10.2876916122161,3
"4489",115,1.3448222266743,4,6.36567078509716,3
"4490",115,1.3448222266743,5,2.25782425706147,3
"4491",115,3.45508814579807,1,5.25015553302488,3
"4492",115,3.45508814579807,2,-24.6283952455787,3
"4493",115,3.45508814579807,3,1.03373804195624,3
"4494",115,3.45508814579807,4,8.70900466551407,3
"4495",115,3.45508814579807,5,7.09799555580764,3
"4496",115,3.48970815131906,1,-6.81912302601829,3
"4497",115,3.48970815131906,2,-27.4390466971874,3
"4498",115,3.48970815131906,3,-12.0109197767695,3
"4499",115,3.48970815131906,4,2.78951327086187,3
"4500",115,3.48970815131906,5,-1.23009103575335,3
"4501",115,3.89279117342085,1,3.81093903556056,3
"4502",115,3.89279117342085,2,-21.9905949801594,3
"4503",115,3.89279117342085,3,-1.25670771369164,3
"4504",115,3.89279117342085,4,6.59380231793043,3
"4505",115,3.89279117342085,5,1.42908793083296,3
"4506",115,5.13002691813745,1,5.99354342661752,3
"4507",115,5.13002691813745,2,-22.5581100896118,3
"4508",115,5.13002691813745,3,3.78130811806644,3
"4509",115,5.13002691813745,4,10.9362362391523,3
"4510",115,5.13002691813745,5,-2.06013662182059,3
"4511",115,6.0100455423817,1,1.24104546329901,3
"4512",115,6.0100455423817,2,-28.4177656017276,3
"4513",115,6.0100455423817,3,-5.109559066167,3
"4514",115,6.0100455423817,4,3.92725261779545,3
"4515",115,6.0100455423817,5,0.906340176878677,3
"4516",115,6.06581169436686,1,2.34216222225245,3
"4517",115,6.06581169436686,2,-25.1255934056453,3
"4518",115,6.06581169436686,3,-8.26939980399689,3
"4519",115,6.06581169436686,4,8.9369753543122,3
"4520",115,6.06581169436686,5,-2.06917143737364,3
"4521",115,6.67067992105149,1,7.40917585100737,3
"4522",115,6.67067992105149,2,-13.1728016716527,3
"4523",115,6.67067992105149,3,3.04036020852875,3
"4524",115,6.67067992105149,4,18.7264870784619,3
"4525",115,6.67067992105149,5,2.70845213449574,3
"4526",115,7.1267253611004,1,-6.60711726791691,3
"4527",115,7.1267253611004,2,-30.1080878916878,3
"4528",115,7.1267253611004,3,-9.03922018520054,3
"4529",115,7.1267253611004,4,4.39664046095488,3
"4530",115,7.1267253611004,5,-6.73175924024264,3
"4531",116,0,1,8.9278103998134,3
"4532",116,0,2,10.7247058979032,3
"4533",116,0,3,2.07601877841789,3
"4534",116,0,4,0.779198216497473,3
"4535",116,0,5,2.39902056081583,3
"4536",116,1.56408407236449,1,8.03070911969472,3
"4537",116,1.56408407236449,2,-1.58600993242079,3
"4538",116,1.56408407236449,3,3.14732718064102,3
"4539",116,1.56408407236449,4,7.42192187258244,3
"4540",116,1.56408407236449,5,4.50678891968091,3
"4541",116,1.67104676843155,1,4.52487662020454,3
"4542",116,1.67104676843155,2,-12.4849232462592,3
"4543",116,1.67104676843155,3,-0.254898092065392,3
"4544",116,1.67104676843155,4,-0.968834559026112,3
"4545",116,1.67104676843155,5,-1.63445823559268,3
"4546",116,2.28965770511422,1,4.56928433995115,3
"4547",116,2.28965770511422,2,-7.8479897827784,3
"4548",116,2.28965770511422,3,-4.97416577673433,3
"4549",116,2.28965770511422,4,-4.37660960759628,3
"4550",116,2.28965770511422,5,-2.0833281794917,3
"4551",116,3.99569558002986,1,7.19755315353442,3
"4552",116,3.99569558002986,2,-9.8557492449668,3
"4553",116,3.99569558002986,3,0.230319004219447,3
"4554",116,3.99569558002986,4,1.34134407011224,3
"4555",116,3.99569558002986,5,0.233384019178024,3
"4556",116,4.95288541098125,1,13.0029961904504,3
"4557",116,4.95288541098125,2,-15.5048092061786,3
"4558",116,4.95288541098125,3,3.03347314631215,3
"4559",116,4.95288541098125,4,7.62202966528729,3
"4560",116,4.95288541098125,5,3.53949056465239,3
"4561",116,7.13391686952673,1,-2.40211581510866,3
"4562",116,7.13391686952673,2,-27.4962937668569,3
"4563",116,7.13391686952673,3,-2.75180868062393,3
"4564",116,7.13391686952673,4,-4.00669498212829,3
"4565",116,7.13391686952673,5,-12.5457147426767,3
"4566",116,7.64297070051543,1,8.80827164405073,3
"4567",116,7.64297070051543,2,-19.0525001741047,3
"4568",116,7.64297070051543,3,-1.39986665196226,3
"4569",116,7.64297070051543,4,3.47391508416351,3
"4570",116,7.64297070051543,5,-5.61486724768119,3
"4571",116,9.15356580296066,1,12.1514041869008,3
"4572",116,9.15356580296066,2,-22.278694718822,3
"4573",116,9.15356580296066,3,6.08797016791149,3
"4574",116,9.15356580296066,4,15.0413016104533,3
"4575",116,9.15356580296066,5,-2.84632065647029,3
"4576",116,10.520069987746,1,3.30226134704904,3
"4577",116,10.520069987746,2,-22.8853939195735,3
"4578",116,10.520069987746,3,-0.164453726960902,3
"4579",116,10.520069987746,4,3.77453336290595,3
"4580",116,10.520069987746,5,-11.81123544497,3
"4581",117,0,1,-0.51096649568295,3
"4582",117,0,2,5.59301475253391,3
"4583",117,0,3,2.23381357624611,3
"4584",117,0,4,-2.02753484502373,3
"4585",117,0,5,-1.48303732657103,3
"4586",117,1.79583611153066,1,8.37287728833369,3
"4587",117,1.79583611153066,2,-9.98405761364819,3
"4588",117,1.79583611153066,3,1.04800773302355,3
"4589",117,1.79583611153066,4,1.79518411326414,3
"4590",117,1.79583611153066,5,-3.36419375890684,3
"4591",117,2.41371804929804,1,3.38035061574314,3
"4592",117,2.41371804929804,2,-10.6320051313245,3
"4593",117,2.41371804929804,3,1.35830661852802,3
"4594",117,2.41371804929804,4,9.05390210767439,3
"4595",117,2.41371804929804,5,-13.454632913861,3
"4596",117,2.77335834619589,1,-0.384586777838674,3
"4597",117,2.77335834619589,2,-10.1417408832385,3
"4598",117,2.77335834619589,3,3.43300732111102,3
"4599",117,2.77335834619589,4,2.50769283522187,3
"4600",117,2.77335834619589,5,-3.21553912936305,3
"4601",117,3.87493842898402,1,0.125983750758798,3
"4602",117,3.87493842898402,2,-20.695131334179,3
"4603",117,3.87493842898402,3,1.31964458889442,3
"4604",117,3.87493842898402,4,4.52690158377868,3
"4605",117,3.87493842898402,5,-2.78502829224639,3
"4606",117,4.32998173357919,1,-0.726863500439275,3
"4607",117,4.32998173357919,2,-19.4535978987721,3
"4608",117,4.32998173357919,3,2.58697855170693,3
"4609",117,4.32998173357919,4,2.35714913232691,3
"4610",117,4.32998173357919,5,-9.92880179880935,3
"4611",117,4.39870743383653,1,-1.36180236146504,3
"4612",117,4.39870743383653,2,-16.7344156530794,3
"4613",117,4.39870743383653,3,6.59786657519043,3
"4614",117,4.39870743383653,4,2.0255546724583,3
"4615",117,4.39870743383653,5,-14.3889560680044,3
"4616",117,5.35532349837013,1,3.10832920331607,3
"4617",117,5.35532349837013,2,-18.1314562443963,3
"4618",117,5.35532349837013,3,4.31645161984494,3
"4619",117,5.35532349837013,4,4.97507240823491,3
"4620",117,5.35532349837013,5,-11.8119485883964,3
"4621",117,5.89934564416762,1,12.5457595292009,3
"4622",117,5.89934564416762,2,-17.7203853407488,3
"4623",117,5.89934564416762,3,8.77507507426067,3
"4624",117,5.89934564416762,4,11.8212550699471,3
"4625",117,5.89934564416762,5,-8.28012325152297,3
"4626",117,8.54723788425326,1,5.74933824768999,3
"4627",117,8.54723788425326,2,-25.3261269022382,3
"4628",117,8.54723788425326,3,-0.346587870948324,3
"4629",117,8.54723788425326,4,6.05776492780502,3
"4630",117,8.54723788425326,5,-16.5562068084458,3
"4631",118,0,1,-1.04634054749896,3
"4632",118,0,2,2.05945136168718,3
"4633",118,0,3,6.58500456893902,3
"4634",118,0,4,-2.555819502558,3
"4635",118,0,5,-5.16398483549716,3
"4636",118,0.8166692587547,1,-2.05774756600834,3
"4637",118,0.8166692587547,2,-4.82131268809933,3
"4638",118,0.8166692587547,3,5.53130423989338,3
"4639",118,0.8166692587547,4,-0.923740364561224,3
"4640",118,0.8166692587547,5,-6.6191279044202,3
"4641",118,2.65071207797155,1,2.11929209614603,3
"4642",118,2.65071207797155,2,-14.8458694988724,3
"4643",118,2.65071207797155,3,5.67696668092713,3
"4644",118,2.65071207797155,4,0.182137861218999,3
"4645",118,2.65071207797155,5,-12.5233694177432,3
"4646",118,9.94842382089701,1,12.1492107590521,3
"4647",118,9.94842382089701,2,-6.95395047431456,3
"4648",118,9.94842382089701,3,23.8581465664408,3
"4649",118,9.94842382089701,4,19.988720372843,3
"4650",118,9.94842382089701,5,-2.1862327185907,3
"4651",118,10.2181876652176,1,5.68175263753573,3
"4652",118,10.2181876652176,2,-14.9643150832504,3
"4653",118,10.2181876652176,3,6.43014030065543,3
"4654",118,10.2181876652176,4,11.2534951418779,3
"4655",118,10.2181876652176,5,-10.5946024508809,3
"4656",119,0,1,-4.61478513378293,3
"4657",119,0,2,0.127376951116245,3
"4658",119,0,3,-3.43547378029492,3
"4659",119,0,4,-5.02891852002025,3
"4660",119,0,5,5.23551595297342,3
"4661",119,1.01934765221085,1,-2.44314129352441,3
"4662",119,1.01934765221085,2,-5.37070714308742,3
"4663",119,1.01934765221085,3,-0.314600654824015,3
"4664",119,1.01934765221085,4,1.26341488352207,3
"4665",119,1.01934765221085,5,4.76629438394732,3
"4666",119,1.1768603392411,1,-1.95207251784142,3
"4667",119,1.1768603392411,2,-4.30069284521043,3
"4668",119,1.1768603392411,3,-2.30228717637254,3
"4669",119,1.1768603392411,4,-7.13253997315052,3
"4670",119,1.1768603392411,5,3.43202763367124,3
"4671",119,3.96289587276988,1,-2.97839077460399,3
"4672",119,3.96289587276988,2,-17.070393276136,3
"4673",119,3.96289587276988,3,-1.92384511421184,3
"4674",119,3.96289587276988,4,0.946003194155058,3
"4675",119,3.96289587276988,5,-0.99714974713699,3
"4676",119,6.59081596578471,1,2.5650529532755,3
"4677",119,6.59081596578471,2,-15.1553884944735,3
"4678",119,6.59081596578471,3,1.0547128716067,3
"4679",119,6.59081596578471,4,10.2351647513775,3
"4680",119,6.59081596578471,5,2.68865745913103,3
"4681",119,7.51561598863918,1,-3.92811121955239,3
"4682",119,7.51561598863918,2,-29.2652557733534,3
"4683",119,7.51561598863918,3,-2.28785650373181,3
"4684",119,7.51561598863918,4,5.561116430851,3
"4685",119,7.51561598863918,5,-8.2641663031984,3
"4686",120,0,1,-6.82161109677427,3
"4687",120,0,2,0.179952295160479,3
"4688",120,0,3,-4.61994409517536,3
"4689",120,0,4,3.33076312466591,3
"4690",120,0,5,-1.95660046760643,3
"4691",120,1.25278574752156,1,-1.14238033281099,3
"4692",120,1.25278574752156,2,-7.20418678114714,3
"4693",120,1.25278574752156,3,-3.47051826960873,3
"4694",120,1.25278574752156,4,6.90785237879648,3
"4695",120,1.25278574752156,5,-8.77351474404833,3
"4696",120,1.26669502374716,1,-3.85504849443286,3
"4697",120,1.26669502374716,2,-3.69029790675385,3
"4698",120,1.26669502374716,3,-3.83300626935216,3
"4699",120,1.26669502374716,4,2.18226295758264,3
"4700",120,1.26669502374716,5,-7.97344999792853,3
"4701",120,3.88615893910173,1,-0.186159441008331,3
"4702",120,3.88615893910173,2,-20.8450850173615,3
"4703",120,3.88615893910173,3,-7.63201864441287,3
"4704",120,3.88615893910173,4,4.39795503138296,3
"4705",120,3.88615893910173,5,-16.3533284196551,3
"4706",120,4.88581622974016,1,-8.04862659888284,3
"4707",120,4.88581622974016,2,-26.8847160446481,3
"4708",120,4.88581622974016,3,-11.8082856863123,3
"4709",120,4.88581622974016,4,-0.913838829654082,3
"4710",120,4.88581622974016,5,-16.9778863380347,3
"4711",120,5.70236177288461,1,9.43059042714135,3
"4712",120,5.70236177288461,2,-7.18911692246536,3
"4713",120,5.70236177288461,3,7.06516220397878,3
"4714",120,5.70236177288461,4,17.4317927600719,3
"4715",120,5.70236177288461,5,-5.54848339359974,3
"4716",121,0,1,-2.46995418382974,3
"4717",121,0,2,-0.908436667612223,3
"4718",121,0,3,-8.37532338046588,3
"4719",121,0,4,-9.85124224014652,3
"4720",121,0,5,0.693765363836734,3
"4721",121,3.03283796482719,1,-2.55470459445845,3
"4722",121,3.03283796482719,2,-15.0620415211768,3
"4723",121,3.03283796482719,3,-11.5902559172513,3
"4724",121,3.03283796482719,4,-1.35589074398106,3
"4725",121,3.03283796482719,5,-8.13647060271265,3
"4726",121,7.12974151945673,1,1.51649700335825,3
"4727",121,7.12974151945673,2,-21.7433380651466,3
"4728",121,7.12974151945673,3,-2.52978065169056,3
"4729",121,7.12974151945673,4,-1.2814485176548,3
"4730",121,7.12974151945673,5,-1.95367783291754,3
"4731",121,8.85297736898065,1,-0.0239527202169389,3
"4732",121,8.85297736898065,2,-15.2866361306017,3
"4733",121,8.85297736898065,3,3.36353482072177,3
"4734",121,8.85297736898065,4,12.8913184631667,3
"4735",121,8.85297736898065,5,4.49858618007228,3
"4736",121,10.6962879059138,1,-0.552768926485405,3
"4737",121,10.6962879059138,2,-16.236742505438,3
"4738",121,10.6962879059138,3,0.210511616403066,3
"4739",121,10.6962879059138,4,12.8219342617069,3
"4740",121,10.6962879059138,5,-4.60136229229835,3
"4741",122,0,1,-4.56016884154377,3
"4742",122,0,2,-13.5502123091868,3
"4743",122,0,3,-6.0747479878597,3
"4744",122,0,4,1.39085490166483,3
"4745",122,0,5,-4.24477990737113,3
"4746",122,0.602413193555549,1,-2.63350037806855,3
"4747",122,0.602413193555549,2,-4.57022568048227,3
"4748",122,0.602413193555549,3,-8.52578624130165,3
"4749",122,0.602413193555549,4,4.24145280076494,3
"4750",122,0.602413193555549,5,-4.28768558144761,3
"4751",122,0.680407479405403,1,-1.91977553179755,3
"4752",122,0.680407479405403,2,-7.53829606180024,3
"4753",122,0.680407479405403,3,-5.91808435283732,3
"4754",122,0.680407479405403,4,1.15401982526308,3
"4755",122,0.680407479405403,5,0.809219609151743,3
"4756",122,2.02919224021025,1,-2.91378221803909,3
"4757",122,2.02919224021025,2,-13.559788954998,3
"4758",122,2.02919224021025,3,-0.282636253341956,3
"4759",122,2.02919224021025,4,-1.75175165658944,3
"4760",122,2.02919224021025,5,-12.1772859934864,3
"4761",122,2.16349722270388,1,-5.99201342187649,3
"4762",122,2.16349722270388,2,-11.4479142861998,3
"4763",122,2.16349722270388,3,-0.115449898317062,3
"4764",122,2.16349722270388,4,4.76072036772583,3
"4765",122,2.16349722270388,5,-5.78187256971425,3
"4766",122,3.65174097730778,1,-3.51924190970824,3
"4767",122,3.65174097730778,2,-13.293057176162,3
"4768",122,3.65174097730778,3,4.76953875118426,3
"4769",122,3.65174097730778,4,8.30306124425356,3
"4770",122,3.65174097730778,5,-8.85170668329577,3
"4771",122,4.78885024785995,1,-8.06393804628362,3
"4772",122,4.78885024785995,2,-29.7122867937282,3
"4773",122,4.78885024785995,3,-6.61587210079019,3
"4774",122,4.78885024785995,4,6.23310552127921,3
"4775",122,4.78885024785995,5,-12.9544988866971,3
"4776",122,8.77984841435682,1,7.41617826918046,3
"4777",122,8.77984841435682,2,-9.31082275535517,3
"4778",122,8.77984841435682,3,5.48743444799587,3
"4779",122,8.77984841435682,4,22.5875643445778,3
"4780",122,8.77984841435682,5,-0.127839090649432,3
"4781",122,9.35965077928267,1,-0.98786602735399,3
"4782",122,9.35965077928267,2,-15.0088149058845,3
"4783",122,9.35965077928267,3,6.12273799900711,3
"4784",122,9.35965077928267,4,15.9134178806112,3
"4785",122,9.35965077928267,5,-1.02909966461237,3
"4786",122,9.56930308626033,1,2.6822714767598,3
"4787",122,9.56930308626033,2,-12.0016875896875,3
"4788",122,9.56930308626033,3,0.475268681563061,3
"4789",122,9.56930308626033,4,10.4684022750716,3
"4790",122,9.56930308626033,5,-11.402455672603,3
"4791",122,10.8353259430733,1,-12.6813853749015,3
"4792",122,10.8353259430733,2,-28.8756992610907,3
"4793",122,10.8353259430733,3,-6.84832145794878,3
"4794",122,10.8353259430733,4,8.15635106578541,3
"4795",122,10.8353259430733,5,-19.3750181864611,3
"4796",123,0,1,-2.23841253705237,3
"4797",123,0,2,1.06708742043299,3
"4798",123,0,3,-0.954303853940498,3
"4799",123,0,4,5.07681139197878,3
"4800",123,0,5,-0.0520194879144562,3
"4801",123,2.76024294446688,1,-5.73173799401937,3
"4802",123,2.76024294446688,2,-14.4945528274438,3
"4803",123,2.76024294446688,3,-2.67216445771048,3
"4804",123,2.76024294446688,4,2.67291903071858,3
"4805",123,2.76024294446688,5,-7.96456459842552,3
"4806",123,3.58644293586258,1,-4.561197137623,3
"4807",123,3.58644293586258,2,-18.8332165084568,3
"4808",123,3.58644293586258,3,1.33980957623874,3
"4809",123,3.58644293586258,4,7.94313767558885,3
"4810",123,3.58644293586258,5,-8.04898815640088,3
"4811",123,3.81553842301946,1,-3.06145744571105,3
"4812",123,3.81553842301946,2,-25.2993616325518,3
"4813",123,3.81553842301946,3,1.69336630032266,3
"4814",123,3.81553842301946,4,3.30314119446043,3
"4815",123,3.81553842301946,5,-10.8516935034191,3
"4816",123,4.8466116595082,1,5.51926914999842,3
"4817",123,4.8466116595082,2,-24.3160513596943,3
"4818",123,4.8466116595082,3,0.191327370538613,3
"4819",123,4.8466116595082,4,10.4266323320985,3
"4820",123,4.8466116595082,5,-7.84503927206643,3
"4821",123,6.38631718850229,1,-4.11580896330287,3
"4822",123,6.38631718850229,2,-26.3935869791091,3
"4823",123,6.38631718850229,3,2.84304363071193,3
"4824",123,6.38631718850229,4,12.2404522908811,3
"4825",123,6.38631718850229,5,-9.77542526819919,3
"4826",123,6.4069469779497,1,-5.49850504634683,3
"4827",123,6.4069469779497,2,-29.9367649242791,3
"4828",123,6.4069469779497,3,0.624907413943481,3
"4829",123,6.4069469779497,4,2.01439066793182,3
"4830",123,6.4069469779497,5,-16.0270252604271,3
"4831",124,0,1,6.99673401063103,3
"4832",124,0,2,7.19784204786478,3
"4833",124,0,3,0.883517641437488,3
"4834",124,0,4,3.88813355760681,3
"4835",124,0,5,3.36900980442632,3
"4836",124,5.53513400116935,1,-0.013479837217329,3
"4837",124,5.53513400116935,2,-11.9298082763178,3
"4838",124,5.53513400116935,3,5.40381754957793,3
"4839",124,5.53513400116935,4,-1.55623151212685,3
"4840",124,5.53513400116935,5,-8.41384838877637,3
"4841",124,8.60194231802598,1,-0.0508077559511149,3
"4842",124,8.60194231802598,2,-24.3665604406266,3
"4843",124,8.60194231802598,3,2.68412717001347,3
"4844",124,8.60194231802598,4,6.21163529698094,3
"4845",124,8.60194231802598,5,-11.1356111020475,3
"4846",124,8.67294122325256,1,-0.0634502566255648,3
"4847",124,8.67294122325256,2,-22.3510344172597,3
"4848",124,8.67294122325256,3,0.0126474310835114,3
"4849",124,8.67294122325256,4,5.26729014032534,3
"4850",124,8.67294122325256,5,-11.647652891199,3
"4851",124,8.91835396422539,1,-0.135456888819755,3
"4852",124,8.91835396422539,2,-28.1353029429191,3
"4853",124,8.91835396422539,3,-0.867288096940965,3
"4854",124,8.91835396422539,4,5.88151384097051,3
"4855",124,8.91835396422539,5,-16.8001584494867,3
"4856",124,9.86264899536036,1,-6.28426258041768,3
"4857",124,9.86264899536036,2,-19.3246702457801,3
"4858",124,9.86264899536036,3,-1.21150733448972,3
"4859",124,9.86264899536036,4,5.62719020394285,3
"4860",124,9.86264899536036,5,-14.8620820279307,3
"4861",125,0,1,9.49936115090816,3
"4862",125,0,2,-3.71284131438525,3
"4863",125,0,3,7.30131031696105,3
"4864",125,0,4,0.0672607822099409,3
"4865",125,0,5,3.51388025161987,3
"4866",125,0.630150153418072,1,1.73014249427452,3
"4867",125,0.630150153418072,2,-6.29210269134716,3
"4868",125,0.630150153418072,3,1.78993312446386,3
"4869",125,0.630150153418072,4,-7.91573933674827,3
"4870",125,0.630150153418072,5,-3.1323466022234,3
"4871",125,0.802855285117403,1,0.73385950203491,3
"4872",125,0.802855285117403,2,-1.53875595871415,3
"4873",125,0.802855285117403,3,-1.14143103834312,3
"4874",125,0.802855285117403,4,-1.2499607108243,3
"4875",125,0.802855285117403,5,-1.60839356911596,3
"4876",125,2.50051365373656,1,1.47257835773679,3
"4877",125,2.50051365373656,2,-21.2720522072351,3
"4878",125,2.50051365373656,3,2.51008960949658,3
"4879",125,2.50051365373656,4,-1.89422635706778,3
"4880",125,2.50051365373656,5,-4.45747268238727,3
"4881",125,3.12323620659299,1,-0.568735209945364,3
"4882",125,3.12323620659299,2,-18.6466271697311,3
"4883",125,3.12323620659299,3,-1.09271861512489,3
"4884",125,3.12323620659299,4,0.471650017980145,3
"4885",125,3.12323620659299,5,-5.57434408270682,3
"4886",125,4.97186377621256,1,8.83195810601416,3
"4887",125,4.97186377621256,2,-21.1707912694252,3
"4888",125,4.97186377621256,3,6.9594313220176,3
"4889",125,4.97186377621256,4,0.644279381508397,3
"4890",125,4.97186377621256,5,-3.68710470907756,3
"4891",125,5.44758272101171,1,5.36579194406323,3
"4892",125,5.44758272101171,2,-23.1531464237882,3
"4893",125,5.44758272101171,3,2.29150137261574,3
"4894",125,5.44758272101171,4,-0.888024020496648,3
"4895",125,5.44758272101171,5,-7.77917384814106,3
"4896",125,9.79403519735206,1,18.6150551200456,3
"4897",125,9.79403519735206,2,-14.0989318714404,3
"4898",125,9.79403519735206,3,12.9942899625804,3
"4899",125,9.79403519735206,4,19.0595431175223,3
"4900",125,9.79403519735206,5,4.17446824387879,3
"4901",126,0,1,7.10823614542615,3
"4902",126,0,2,-1.40850961955386,3
"4903",126,0,3,-3.87671213857509,3
"4904",126,0,4,1.40562697432033,3
"4905",126,0,5,-4.83352358306902,3
"4906",126,1.63855427468661,1,4.82905757513131,3
"4907",126,1.63855427468661,2,-6.49417836436741,3
"4908",126,1.63855427468661,3,-0.598849624871649,3
"4909",126,1.63855427468661,4,6.0923585516916,3
"4910",126,1.63855427468661,5,0.484328632747701,3
"4911",126,3.39103396167047,1,-3.54463088904062,3
"4912",126,3.39103396167047,2,-16.286496295394,3
"4913",126,3.39103396167047,3,-5.02932420126668,3
"4914",126,3.39103396167047,4,4.43300438730174,3
"4915",126,3.39103396167047,5,-5.54806218625455,3
"4916",126,6.27253067260608,1,4.09256320123548,3
"4917",126,6.27253067260608,2,-27.4764102142779,3
"4918",126,6.27253067260608,3,4.79920204565871,3
"4919",126,6.27253067260608,4,12.1533256831161,3
"4920",126,6.27253067260608,5,-11.6976629749563,3
"4921",126,7.33800582098775,1,-0.85198362413337,3
"4922",126,7.33800582098775,2,-28.6675361964299,3
"4923",126,7.33800582098775,3,-3.40280174762075,3
"4924",126,7.33800582098775,4,8.25644849071949,3
"4925",126,7.33800582098775,5,-12.9675210589594,3
"4926",126,10.8779633842641,1,-16.1404370887398,3
"4927",126,10.8779633842641,2,-20.8147979028587,3
"4928",126,10.8779633842641,3,-10.5920697304126,3
"4929",126,10.8779633842641,4,-3.27452821519754,3
"4930",126,10.8779633842641,5,-25.3474872968835,3
"4931",127,0,1,-2.29288499746428,3
"4932",127,0,2,0.823010478829,3
"4933",127,0,3,2.46036319422015,3
"4934",127,0,4,-4.82650434607239,3
"4935",127,0,5,0.0364290581813989,3
"4936",127,0.720627147005871,1,-3.25950554222791,3
"4937",127,0.720627147005871,2,-12.236463169477,3
"4938",127,0.720627147005871,3,-5.43833271505983,3
"4939",127,0.720627147005871,4,-2.33940117467955,3
"4940",127,0.720627147005871,5,-3.89614895128665,3
"4941",127,1.88666420383379,1,-1.35417721291934,3
"4942",127,1.88666420383379,2,-11.5228682441067,3
"4943",127,1.88666420383379,3,-1.0265816602959,3
"4944",127,1.88666420383379,4,-2.5345496848965,3
"4945",127,1.88666420383379,5,-4.80042425094865,3
"4946",127,2.32903531764168,1,-1.21470271063903,3
"4947",127,2.32903531764168,2,-13.9822855344855,3
"4948",127,2.32903531764168,3,3.34253285852781,3
"4949",127,2.32903531764168,4,2.48154010191357,3
"4950",127,2.32903531764168,5,-0.0535989550667442,3
"4951",127,2.59308472264092,1,-3.67873943555532,3
"4952",127,2.59308472264092,2,-17.232232831997,3
"4953",127,2.59308472264092,3,2.60901242992876,3
"4954",127,2.59308472264092,4,2.25866398727456,3
"4955",127,2.59308472264092,5,-7.4821616952765,3
"4956",127,3.35026406054385,1,13.5495779347922,3
"4957",127,3.35026406054385,2,-11.3762575392886,3
"4958",127,3.35026406054385,3,9.9803342326457,3
"4959",127,3.35026406054385,4,12.0636246138072,3
"4960",127,3.35026406054385,5,5.52320537363616,3
"4961",127,5.98722779541276,1,2.72071086444702,3
"4962",127,5.98722779541276,2,-17.2257495254173,3
"4963",127,5.98722779541276,3,8.30551266381904,3
"4964",127,5.98722779541276,4,5.33727439998286,3
"4965",127,5.98722779541276,5,-5.52906206468526,3
"4966",127,6.56141554145142,1,-0.464123957119776,3
"4967",127,6.56141554145142,2,-34.4247583945809,3
"4968",127,6.56141554145142,3,-4.54632271912646,3
"4969",127,6.56141554145142,4,-2.57587476319864,3
"4970",127,6.56141554145142,5,-15.7507105642735,3
"4971",127,6.58019892545417,1,6.61871197186219,3
"4972",127,6.58019892545417,2,-25.1306208309268,3
"4973",127,6.58019892545417,3,0.794892030391362,3
"4974",127,6.58019892545417,4,5.71078173479466,3
"4975",127,6.58019892545417,5,-8.52348254794141,3
"4976",127,8.50888534111436,1,3.29844575620784,3
"4977",127,8.50888534111436,2,-22.8530901719898,3
"4978",127,8.50888534111436,3,7.04623919662865,3
"4979",127,8.50888534111436,4,8.16613599126414,3
"4980",127,8.50888534111436,5,-5.15402562034949,3
"4981",128,0,1,0.51743134385909,3
"4982",128,0,2,4.31569746868243,3
"4983",128,0,3,11.1370918122547,3
"4984",128,0,4,5.19118861140162,3
"4985",128,0,5,1.98037088451207,3
"4986",128,0.966138307587244,1,2.61601057348613,3
"4987",128,0.966138307587244,2,-10.1259049533328,3
"4988",128,0.966138307587244,3,6.82675048583319,3
"4989",128,0.966138307587244,4,5.36646241744198,3
"4990",128,0.966138307587244,5,-1.07175286823916,3
"4991",128,1.48177203384694,1,-5.63671225402885,3
"4992",128,1.48177203384694,2,-13.2816442899153,3
"4993",128,1.48177203384694,3,5.20575570328618,3
"4994",128,1.48177203384694,4,-2.08754673699692,3
"4995",128,1.48177203384694,5,-5.69717021248987,3
"4996",128,2.41865382762626,1,1.9034594405086,3
"4997",128,2.41865382762626,2,-8.08949030647264,3
"4998",128,2.41865382762626,3,2.3943701783272,3
"4999",128,2.41865382762626,4,5.4597122820547,3
"5000",128,2.41865382762626,5,-0.732717749839065,3
"5001",128,6.98103043460287,1,-5.1323706735446,3
"5002",128,6.98103043460287,2,-20.152103535079,3
"5003",128,6.98103043460287,3,4.07010329826465,3
"5004",128,6.98103043460287,4,8.13504671627202,3
"5005",128,6.98103043460287,5,-9.12153337846039,3
"5006",128,7.17981785046868,1,-0.142510423435067,3
"5007",128,7.17981785046868,2,-26.719842185347,3
"5008",128,7.17981785046868,3,4.2556985457812,3
"5009",128,7.17981785046868,4,8.07314108169443,3
"5010",128,7.17981785046868,5,-4.34071584221964,3
"5011",129,0,1,5.59581876332812,3
"5012",129,0,2,7.53064154036881,3
"5013",129,0,3,2.53805349698835,3
"5014",129,0,4,1.66248685736824,3
"5015",129,0,5,11.0220064289292,3
"5016",129,2.08885538869072,1,3.07423407481699,3
"5017",129,2.08885538869072,2,-14.9161195257485,3
"5018",129,2.08885538869072,3,-1.67916028448525,3
"5019",129,2.08885538869072,4,1.17186554773397,3
"5020",129,2.08885538869072,5,2.59635046777356,3
"5021",129,2.63995014142711,1,-4.96676267085293,3
"5022",129,2.63995014142711,2,-23.3345771187679,3
"5023",129,2.63995014142711,3,-8.17938043698734,3
"5024",129,2.63995014142711,4,-1.56753942544894,3
"5025",129,2.63995014142711,5,-0.798488261800859,3
"5026",129,3.65429595601745,1,-3.23796946848077,3
"5027",129,3.65429595601745,2,-16.2412321403095,3
"5028",129,3.65429595601745,3,-1.1638441646887,3
"5029",129,3.65429595601745,4,-3.40082027147577,3
"5030",129,3.65429595601745,5,-5.6936473480003,3
"5031",129,5.85230017406866,1,-4.60795757680312,3
"5032",129,5.85230017406866,2,-30.2699343963187,3
"5033",129,5.85230017406866,3,-4.26691147278806,3
"5034",129,5.85230017406866,4,2.78963828211114,3
"5035",129,5.85230017406866,5,-9.56096791642496,3
"5036",129,6.39754427736625,1,-2.64865163246261,3
"5037",129,6.39754427736625,2,-27.0955433500742,3
"5038",129,6.39754427736625,3,-5.15130452371709,3
"5039",129,6.39754427736625,4,-0.0277122669005512,3
"5040",129,6.39754427736625,5,-5.62280573286353,3
"5041",130,0,1,0.46238634209677,3
"5042",130,0,2,6.710574295938,3
"5043",130,0,3,-2.59153974633655,3
"5044",130,0,4,-1.4018764678837,3
"5045",130,0,5,1.21313454509389,3
"5046",130,0.724429892143235,1,-0.274119536964293,3
"5047",130,0.724429892143235,2,-1.80742523875591,3
"5048",130,0.724429892143235,3,1.23234542932075,3
"5049",130,0.724429892143235,4,-0.280486465989476,3
"5050",130,0.724429892143235,5,-2.14554490353077,3
"5051",130,2.55329442641232,1,6.16293558004717,3
"5052",130,2.55329442641232,2,-13.121024703206,3
"5053",130,2.55329442641232,3,-0.797924824961284,3
"5054",130,2.55329442641232,4,-5.40565037586871,3
"5055",130,2.55329442641232,5,-3.91973694201818,3
"5056",130,2.74907607643399,1,2.88320934763183,3
"5057",130,2.74907607643399,2,-18.2676994085588,3
"5058",130,2.74907607643399,3,-6.81244473220362,3
"5059",130,2.74907607643399,4,-6.3307719011644,3
"5060",130,2.74907607643399,5,-5.25448187227485,3
"5061",130,5.66539216728415,1,-1.48481366842574,3
"5062",130,5.66539216728415,2,-22.4185247503854,3
"5063",130,5.66539216728415,3,-5.93637656035606,3
"5064",130,5.66539216728415,4,-0.340532033242348,3
"5065",130,5.66539216728415,5,-5.12729503270013,3
"5066",130,6.01003507408313,1,-16.7526605387316,3
"5067",130,6.01003507408313,2,-28.0713628393098,3
"5068",130,6.01003507408313,3,-12.5004544895997,3
"5069",130,6.01003507408313,4,-2.9762250740194,3
"5070",130,6.01003507408313,5,-13.9951561321067,3
"5071",130,6.0254325697897,1,7.39808562759688,3
"5072",130,6.0254325697897,2,-17.096390306662,3
"5073",130,6.0254325697897,3,6.65276623634947,3
"5074",130,6.0254325697897,4,8.71011450659243,3
"5075",130,6.0254325697897,5,-1.27420015370558,3
"5076",130,6.61363019724376,1,8.11176867075759,3
"5077",130,6.61363019724376,2,-20.0032827458425,3
"5078",130,6.61363019724376,3,0.262784092909735,3
"5079",130,6.61363019724376,4,2.97387604283865,3
"5080",130,6.61363019724376,5,-3.18836902041049,3
"5081",130,6.8013033530442,1,2.53240630030527,3
"5082",130,6.8013033530442,2,-22.6148197554409,3
"5083",130,6.8013033530442,3,6.27178471027929,3
"5084",130,6.8013033530442,4,1.90691345779997,3
"5085",130,6.8013033530442,5,-6.54789281238677,3
"5086",130,8.28077944065444,1,-5.94106157524632,3
"5087",130,8.28077944065444,2,-35.9150988293169,3
"5088",130,8.28077944065444,3,-12.4575569014905,3
"5089",130,8.28077944065444,4,-7.56842193611225,3
"5090",130,8.28077944065444,5,-20.6258055076477,3
"5091",130,9.56370786135085,1,7.92403503599782,3
"5092",130,9.56370786135085,2,-18.202809880213,3
"5093",130,9.56370786135085,3,5.76984425030382,3
"5094",130,9.56370786135085,4,7.06371198902811,3
"5095",130,9.56370786135085,5,-2.9544085975915,3
"5096",130,10.5427986857248,1,6.84654002829894,3
"5097",130,10.5427986857248,2,-13.7793394379508,3
"5098",130,10.5427986857248,3,7.17360690618824,3
"5099",130,10.5427986857248,4,14.097382306086,3
"5100",130,10.5427986857248,5,-8.90516765684253,3
"5101",131,0,1,5.52805057509723,3
"5102",131,0,2,0.667402472861221,3
"5103",131,0,3,7.44775893358748,3
"5104",131,0,4,6.90035190583239,3
"5105",131,0,5,-6.30972842154047,3
"5106",131,1.30800059763715,1,1.49442498544788,3
"5107",131,1.30800059763715,2,-4.58759438882971,3
"5108",131,1.30800059763715,3,5.15733545381611,3
"5109",131,1.30800059763715,4,6.06567879870866,3
"5110",131,1.30800059763715,5,-6.51183625039464,3
"5111",131,1.97294167638756,1,-5.74655100439246,3
"5112",131,1.97294167638756,2,-9.40031269857217,3
"5113",131,1.97294167638756,3,4.49692800605026,3
"5114",131,1.97294167638756,4,9.43071654019562,3
"5115",131,1.97294167638756,5,-4.08329556768928,3
"5116",131,7.73186913481914,1,5.43780866666886,3
"5117",131,7.73186913481914,2,-15.8172744297886,3
"5118",131,7.73186913481914,3,12.4169434577038,3
"5119",131,7.73186913481914,4,22.4288229623289,3
"5120",131,7.73186913481914,5,-2.44034102241101,3
"5121",131,9.60931312874891,1,-4.20443473375254,3
"5122",131,9.60931312874891,2,-16.6148092098149,3
"5123",131,9.60931312874891,3,0.521855346997793,3
"5124",131,9.60931312874891,4,12.7744100065293,3
"5125",131,9.60931312874891,5,-13.7202601720009,3
"5126",131,9.88115113368258,1,-10.1929936188756,3
"5127",131,9.88115113368258,2,-22.0209442995094,3
"5128",131,9.88115113368258,3,-7.59757360238937,3
"5129",131,9.88115113368258,4,-2.75038919191853,3
"5130",131,9.88115113368258,5,-23.0919012644162,3
"5131",131,10.4913752445718,1,9.3618035901476,3
"5132",131,10.4913752445718,2,0.364733034101815,3
"5133",131,10.4913752445718,3,17.36570136023,3
"5134",131,10.4913752445718,4,25.6418730638889,3
"5135",131,10.4913752445718,5,-3.03676564490441,3
"5136",132,0,1,-1.60887338676198,3
"5137",132,0,2,3.48482142526476,3
"5138",132,0,3,6.19600352591698,3
"5139",132,0,4,3.49267612659407,3
"5140",132,0,5,-5.986616161647,3
"5141",132,5.02296623028815,1,4.20682280725113,3
"5142",132,5.02296623028815,2,-15.4520996869655,3
"5143",132,5.02296623028815,3,2.43444788480842,3
"5144",132,5.02296623028815,4,5.41519789759751,3
"5145",132,5.02296623028815,5,-9.07704645081318,3
"5146",132,6.9354489519028,1,-2.73390670296398,3
"5147",132,6.9354489519028,2,-21.9524514240331,3
"5148",132,6.9354489519028,3,2.21973851218406,3
"5149",132,6.9354489519028,4,7.47470689663071,3
"5150",132,6.9354489519028,5,-13.6258877092338,3
"5151",132,7.40247487684246,1,-1.39718089626178,3
"5152",132,7.40247487684246,2,-14.2511944482206,3
"5153",132,7.40247487684246,3,0.34350950754276,3
"5154",132,7.40247487684246,4,1.47644850750372,3
"5155",132,7.40247487684246,5,-16.1755012903745,3
"5156",132,7.53013327205554,1,11.1011994371107,3
"5157",132,7.53013327205554,2,-11.9461545799872,3
"5158",132,7.53013327205554,3,15.7236968718664,3
"5159",132,7.53013327205554,4,17.2171539690851,3
"5160",132,7.53013327205554,5,-12.7764322824387,3
"5161",132,9.21156258997507,1,-3.68371936089746,3
"5162",132,9.21156258997507,2,-22.2061896132437,3
"5163",132,9.21156258997507,3,3.98820458600857,3
"5164",132,9.21156258997507,4,11.2649925121583,3
"5165",132,9.21156258997507,5,-18.1950590220982,3
"5166",132,10.5561397377169,1,6.1275774136879,3
"5167",132,10.5561397377169,2,-2.85615832489359,3
"5168",132,10.5561397377169,3,9.66857182256833,3
"5169",132,10.5561397377169,4,12.4690115901542,3
"5170",132,10.5561397377169,5,-9.31550872417418,3
"5171",133,0,1,-5.06598069126802,3
"5172",133,0,2,-5.29845405127242,3
"5173",133,0,3,0.762110878473628,3
"5174",133,0,4,-4.04814313147297,3
"5175",133,0,5,-4.65772828061825,3
"5176",133,1.36191224725917,1,-6.79845342239082,3
"5177",133,1.36191224725917,2,-15.0897294542477,3
"5178",133,1.36191224725917,3,1.96910413516389,3
"5179",133,1.36191224725917,4,-2.75204710486121,3
"5180",133,1.36191224725917,5,-8.28448415450088,3
"5181",133,1.45546931889839,1,-1.27942210457465,3
"5182",133,1.45546931889839,2,-14.3265081643234,3
"5183",133,1.45546931889839,3,2.8651736332225,3
"5184",133,1.45546931889839,4,0.502221183607034,3
"5185",133,1.45546931889839,5,-3.46729505780946,3
"5186",133,2.94466518750414,1,-2.06865943913698,3
"5187",133,2.94466518750414,2,-14.5012778998089,3
"5188",133,2.94466518750414,3,9.1665338767445,3
"5189",133,2.94466518750414,4,-0.564458955627274,3
"5190",133,2.94466518750414,5,-2.27833075666875,3
"5191",133,3.7218313383637,1,-6.08715804042156,3
"5192",133,3.7218313383637,2,-24.2807366038209,3
"5193",133,3.7218313383637,3,4.27565866133258,3
"5194",133,3.7218313383637,4,6.5862663538272,3
"5195",133,3.7218313383637,5,-10.2999948829778,3
"5196",133,7.34519136184826,1,-1.89232111766072,3
"5197",133,7.34519136184826,2,-16.5963602187136,3
"5198",133,7.34519136184826,3,7.33294409593908,3
"5199",133,7.34519136184826,4,14.9860022795482,3
"5200",133,7.34519136184826,5,-10.7786319467838,3
"5201",133,8.41751087305602,1,10.2570365076344,3
"5202",133,8.41751087305602,2,-13.1169456670551,3
"5203",133,8.41751087305602,3,10.2472003630582,3
"5204",133,8.41751087305602,4,12.1076538707838,3
"5205",133,8.41751087305602,5,-0.680713665613836,3
"5206",133,8.86950111133046,1,-2.06988423499617,3
"5207",133,8.86950111133046,2,-23.8475881121092,3
"5208",133,8.86950111133046,3,-2.42365371229545,3
"5209",133,8.86950111133046,4,4.55467601755257,3
"5210",133,8.86950111133046,5,-10.3766051706637,3
"5211",133,9.96126880461816,1,-6.04485103656528,3
"5212",133,9.96126880461816,2,-16.8711477839974,3
"5213",133,9.96126880461816,3,2.61644485994333,3
"5214",133,9.96126880461816,4,10.4076782859937,3
"5215",133,9.96126880461816,5,-14.1424821097684,3
"5216",134,0,1,-0.603836519681503,3
"5217",134,0,2,-7.41114028755196,3
"5218",134,0,3,-6.26513795217908,3
"5219",134,0,4,2.37056358067619,3
"5220",134,0,5,-2.91394433075492,3
"5221",134,5.74944991071243,1,1.49698599645277,3
"5222",134,5.74944991071243,2,-24.4629053899012,3
"5223",134,5.74944991071243,3,0.693543234555161,3
"5224",134,5.74944991071243,4,3.38072617726096,3
"5225",134,5.74944991071243,5,-10.5009345873894,3
"5226",134,6.24708228034433,1,2.17626239237084,3
"5227",134,6.24708228034433,2,-23.2462261570807,3
"5228",134,6.24708228034433,3,-6.34280675415278,3
"5229",134,6.24708228034433,4,7.26665207250048,3
"5230",134,6.24708228034433,5,-6.17805159581588,3
"5231",134,7.4818807572592,1,7.91399316238375,3
"5232",134,7.4818807572592,2,-15.2001885484935,3
"5233",134,7.4818807572592,3,9.02173492427112,3
"5234",134,7.4818807572592,4,17.6789755772658,3
"5235",134,7.4818807572592,5,-3.27352597060101,3
"5236",134,8.92137299024034,1,-1.50326329246162,3
"5237",134,8.92137299024034,2,-26.672686476063,3
"5238",134,8.92137299024034,3,0.163921897753754,3
"5239",134,8.92137299024034,4,9.58814212643115,3
"5240",134,8.92137299024034,5,-10.3637479207598,3
"5241",134,9.69371670740657,1,-5.35955210858317,3
"5242",134,9.69371670740657,2,-32.8848579013966,3
"5243",134,9.69371670740657,3,-11.8916345807698,3
"5244",134,9.69371670740657,4,3.7518777835348,3
"5245",134,9.69371670740657,5,-16.6394799325793,3
"5246",135,0,1,-4.5128250171107,3
"5247",135,0,2,3.38790454988,3
"5248",135,0,3,9.57488701134767,3
"5249",135,0,4,8.30985805553956,3
"5250",135,0,5,2.70034833435035,3
"5251",135,1.8826950880466,1,-8.65459429994984,3
"5252",135,1.8826950880466,2,-9.67291249180886,3
"5253",135,1.8826950880466,3,8.58344743379581,3
"5254",135,1.8826950880466,4,8.4739576306318,3
"5255",135,1.8826950880466,5,-9.84115849900179,3
"5256",135,3.87020270223729,1,-10.7069645510351,3
"5257",135,3.87020270223729,2,-24.1373357361827,3
"5258",135,3.87020270223729,3,-3.69199657964616,3
"5259",135,3.87020270223729,4,3.33347175147206,3
"5260",135,3.87020270223729,5,-11.587143411013,3
"5261",135,5.97691932297312,1,-6.95714124441621,3
"5262",135,5.97691932297312,2,-23.7500475156778,3
"5263",135,5.97691932297312,3,6.54519572328099,3
"5264",135,5.97691932297312,4,5.32515437969446,3
"5265",135,5.97691932297312,5,-12.8176084693787,3
"5266",135,6.41460225498304,1,-9.32393495981803,3
"5267",135,6.41460225498304,2,-24.343882569223,3
"5268",135,6.41460225498304,3,0.841128685123078,3
"5269",135,6.41460225498304,4,10.2540286448185,3
"5270",135,6.41460225498304,5,-12.418909612747,3
"5271",136,0,1,-0.498758627959453,3
"5272",136,0,2,-10.8403508780041,3
"5273",136,0,3,-1.49058461117927,3
"5274",136,0,4,-7.15750968659706,3
"5275",136,0,5,-5.23487585033111,3
"5276",136,2.95817991741933,1,2.13922528800878,3
"5277",136,2.95817991741933,2,-14.621357287102,3
"5278",136,2.95817991741933,3,4.71669927363234,3
"5279",136,2.95817991741933,4,-3.88324927228777,3
"5280",136,2.95817991741933,5,-7.48614989918458,3
"5281",136,6.6854419602314,1,-1.55907367813171,3
"5282",136,6.6854419602314,2,-28.1837039688628,3
"5283",136,6.6854419602314,3,5.74580723884355,3
"5284",136,6.6854419602314,4,2.92539065456503,3
"5285",136,6.6854419602314,5,-8.17628512556895,3
"5286",136,7.79580092150718,1,-1.86929895186564,3
"5287",136,7.79580092150718,2,-28.9042751417838,3
"5288",136,7.79580092150718,3,1.15268997050369,3
"5289",136,7.79580092150718,4,8.11051685581618,3
"5290",136,7.79580092150718,5,-7.62814015236334,3
"5291",136,7.9093005664181,1,3.50238330421351,3
"5292",136,7.9093005664181,2,-23.226400823657,3
"5293",136,7.9093005664181,3,9.83837046775229,3
"5294",136,7.9093005664181,4,10.9419216744304,3
"5295",136,7.9093005664181,5,-2.07968412342196,3
"5296",136,8.11136859108228,1,3.05420015206383,3
"5297",136,8.11136859108228,2,-15.6150966719453,3
"5298",136,8.11136859108228,3,11.3295942103898,3
"5299",136,8.11136859108228,4,12.8570884874256,3
"5300",136,8.11136859108228,5,-5.87675327185027,3
"5301",136,10.8664908013307,1,5.62202237506606,3
"5302",136,10.8664908013307,2,-8.91918222751478,3
"5303",136,10.8664908013307,3,16.8758132549004,3
"5304",136,10.8664908013307,4,15.4917272068461,3
"5305",136,10.8664908013307,5,-1.98213745115002,3
"5306",137,0,1,-0.615939496495974,3
"5307",137,0,2,1.82190612105785,3
"5308",137,0,3,-1.05843510959439,3
"5309",137,0,4,10.6326673976183,3
"5310",137,0,5,4.33039671876634,3
"5311",137,0.989386758301407,1,-8.65609499347411,3
"5312",137,0.989386758301407,2,-9.27038767871429,3
"5313",137,0.989386758301407,3,5.53071120085304,3
"5314",137,0.989386758301407,4,11.2677985838985,3
"5315",137,0.989386758301407,5,-1.52830734127227,3
"5316",137,1.84449110575952,1,0.531371859326458,3
"5317",137,1.84449110575952,2,-11.6552397876469,3
"5318",137,1.84449110575952,3,2.64054653872681,3
"5319",137,1.84449110575952,4,7.6168188894285,3
"5320",137,1.84449110575952,5,0.129813939136784,3
"5321",137,2.97497627313714,1,-7.6030791229222,3
"5322",137,2.97497627313714,2,-16.0386643618096,3
"5323",137,2.97497627313714,3,3.93989645894183,3
"5324",137,2.97497627313714,4,8.94023712078768,3
"5325",137,2.97497627313714,5,-0.214602375899529,3
"5326",137,6.71278932678979,1,-0.970286922407117,3
"5327",137,6.71278932678979,2,-29.7293608203244,3
"5328",137,6.71278932678979,3,-0.891363527038295,3
"5329",137,6.71278932678979,4,11.4125763090531,3
"5330",137,6.71278932678979,5,-10.4188604260593,3
"5331",138,0,1,3.41710597892207,3
"5332",138,0,2,-2.41419384613283,3
"5333",138,0,3,5.51586501210496,3
"5334",138,0,4,-6.6770506554357,3
"5335",138,0,5,-2.67539178603007,3
"5336",138,3.48829102190211,1,12.5980358149683,3
"5337",138,3.48829102190211,2,-16.7091091296604,3
"5338",138,3.48829102190211,3,-0.725788547411323,3
"5339",138,3.48829102190211,4,-0.631905940924574,3
"5340",138,3.48829102190211,5,-0.96562182870589,3
"5341",138,4.39568564039655,1,1.28418848578495,3
"5342",138,4.39568564039655,2,-22.5447931471627,3
"5343",138,4.39568564039655,3,-3.03828449122719,3
"5344",138,4.39568564039655,4,-7.41231892445927,3
"5345",138,4.39568564039655,5,-10.3750262547639,3
"5346",138,5.81997079215944,1,13.3465522397024,3
"5347",138,5.81997079215944,2,-21.9495632892343,3
"5348",138,5.81997079215944,3,4.49443521221134,3
"5349",138,5.81997079215944,4,1.53724556932935,3
"5350",138,5.81997079215944,5,-10.5242169047215,3
"5351",138,5.82247035880573,1,-2.31211745584914,3
"5352",138,5.82247035880573,2,-27.4085802363508,3
"5353",138,5.82247035880573,3,4.53442442995863,3
"5354",138,5.82247035880573,4,-4.74042065355495,3
"5355",138,5.82247035880573,5,-11.9214841880971,3
"5356",138,6.40961645764764,1,1.23429602141307,3
"5357",138,6.40961645764764,2,-21.3108964887231,3
"5358",138,6.40961645764764,3,-2.81407644366162,3
"5359",138,6.40961645764764,4,0.850476221195667,3
"5360",138,6.40961645764764,5,-19.5535954824696,3
"5361",138,6.88504973181989,1,20.325156880414,3
"5362",138,6.88504973181989,2,-12.1436881455997,3
"5363",138,6.88504973181989,3,9.67328965932616,3
"5364",138,6.88504973181989,4,15.7900478065016,3
"5365",138,6.88504973181989,5,-1.65654615578018,3
"5366",138,7.32403143693227,1,3.73757777915576,3
"5367",138,7.32403143693227,2,-18.1464596364521,3
"5368",138,7.32403143693227,3,10.6391165569123,3
"5369",138,7.32403143693227,4,4.95381964849551,3
"5370",138,7.32403143693227,5,-12.6094791183921,3
"5371",138,7.34666157350875,1,3.70314223189259,3
"5372",138,7.34666157350875,2,-37.6100899291001,3
"5373",138,7.34666157350875,3,-5.26097636192149,3
"5374",138,7.34666157350875,4,-1.13953390856917,3
"5375",138,7.34666157350875,5,-12.6796100364304,3
"5376",138,8.12416455813218,1,7.59422909387,3
"5377",138,8.12416455813218,2,-26.5388136445449,3
"5378",138,8.12416455813218,3,-3.93831496496154,3
"5379",138,8.12416455813218,4,-4.43701672599959,3
"5380",138,8.12416455813218,5,-20.8912318827222,3
"5381",138,9.11600684828591,1,-3.14548396125423,3
"5382",138,9.11600684828591,2,-30.0425996673118,3
"5383",138,9.11600684828591,3,-13.0149463159941,3
"5384",138,9.11600684828591,4,2.56904324087601,3
"5385",138,9.11600684828591,5,-21.9741188136015,3
"5386",138,9.34911447833292,1,1.24253896423544,3
"5387",138,9.34911447833292,2,-26.8801067966406,3
"5388",138,9.34911447833292,3,-1.51168432412484,3
"5389",138,9.34911447833292,4,2.21433010568457,3
"5390",138,9.34911447833292,5,-11.8483956212281,3
"5391",139,0,1,-4.32930817087778,3
"5392",139,0,2,-1.35294626919011,3
"5393",139,0,3,-1.9909858309178,3
"5394",139,0,4,-3.29831863296426,3
"5395",139,0,5,-1.69280473640399,3
"5396",139,2.39581479935441,1,0.272109705259806,3
"5397",139,2.39581479935441,2,-13.6391199771579,3
"5398",139,2.39581479935441,3,-0.548849509658445,3
"5399",139,2.39581479935441,4,0.250779147886749,3
"5400",139,2.39581479935441,5,-6.58928993433073,3
"5401",139,2.5278343190439,1,-0.144849362213727,3
"5402",139,2.5278343190439,2,-11.0941053016885,3
"5403",139,2.5278343190439,3,-2.70911201990097,3
"5404",139,2.5278343190439,4,1.50662213166932,3
"5405",139,2.5278343190439,5,-9.59612489438423,3
"5406",139,4.13597623747773,1,4.7310377676053,3
"5407",139,4.13597623747773,2,-23.9167984441649,3
"5408",139,4.13597623747773,3,1.92416524511769,3
"5409",139,4.13597623747773,4,3.55393370412994,3
"5410",139,4.13597623747773,5,-8.99505483782682,3
"5411",139,4.38786710484419,1,3.79708425264924,3
"5412",139,4.38786710484419,2,-20.0275927013739,3
"5413",139,4.38786710484419,3,-1.64087527845264,3
"5414",139,4.38786710484419,4,0.595231671925577,3
"5415",139,4.38786710484419,5,-4.44480515145046,3
"5416",139,4.90035025216639,1,4.69320041762154,3
"5417",139,4.90035025216639,2,-28.756673018386,3
"5418",139,4.90035025216639,3,6.35792617591817,3
"5419",139,4.90035025216639,4,8.05501459882191,3
"5420",139,4.90035025216639,5,-1.44174432458035,3
"5421",139,6.32778835180216,1,2.6078440316954,3
"5422",139,6.32778835180216,2,-17.390809607884,3
"5423",139,6.32778835180216,3,6.08745329425624,3
"5424",139,6.32778835180216,4,11.1841405808961,3
"5425",139,6.32778835180216,5,-9.34809894618752,3
"5426",139,8.22653982916381,1,-3.41676238740088,3
"5427",139,8.22653982916381,2,-29.5967271600618,3
"5428",139,8.22653982916381,3,1.24597609390947,3
"5429",139,8.22653982916381,4,6.12808022498121,3
"5430",139,8.22653982916381,5,-12.6492611264579,3
"5431",139,9.50968148093671,1,-7.92107815925011,3
"5432",139,9.50968148093671,2,-26.5150784219903,3
"5433",139,9.50968148093671,3,1.3308085259246,3
"5434",139,9.50968148093671,4,2.34479634124959,3
"5435",139,9.50968148093671,5,-16.0884534050981,3
"5436",139,9.74604996154085,1,-7.44634714156263,3
"5437",139,9.74604996154085,2,-30.3561204860641,3
"5438",139,9.74604996154085,3,-8.81967092463411,3
"5439",139,9.74604996154085,4,-0.75615876109682,3
"5440",139,9.74604996154085,5,-16.9330264662138,3
"5441",139,9.84451068053022,1,14.9293907311395,3
"5442",139,9.84451068053022,2,-3.87493606998819,3
"5443",139,9.84451068053022,3,17.8297747065924,3
"5444",139,9.84451068053022,4,23.4066152486902,3
"5445",139,9.84451068053022,5,3.25860690185535,3
"5446",139,10.2157561718486,1,-4.47333422442024,3
"5447",139,10.2157561718486,2,-17.108277225094,3
"5448",139,10.2157561718486,3,-3.31256837365814,3
"5449",139,10.2157561718486,4,7.57027604012832,3
"5450",139,10.2157561718486,5,-16.4115671546726,3
"5451",140,0,1,-3.89447868530396,3
"5452",140,0,2,-4.54048710456277,3
"5453",140,0,3,-4.44796990996027,3
"5454",140,0,4,-0.280940649779732,3
"5455",140,0,5,-2.3180323936915,3
"5456",140,0.556153875077143,1,0.931182688622816,3
"5457",140,0.556153875077143,2,-8.51705592823656,3
"5458",140,0.556153875077143,3,-7.16759202985618,3
"5459",140,0.556153875077143,4,-10.0409084525964,3
"5460",140,0.556153875077143,5,-1.90019825958284,3
"5461",140,0.677127215312794,1,-5.52084062100525,3
"5462",140,0.677127215312794,2,-10.1568552453267,3
"5463",140,0.677127215312794,3,-6.47819231494387,3
"5464",140,0.677127215312794,4,-9.17266929104301,3
"5465",140,0.677127215312794,5,-2.50399615888927,3
"5466",140,2.36981245514471,1,-4.95551857827144,3
"5467",140,2.36981245514471,2,-22.3661827273485,3
"5468",140,2.36981245514471,3,1.04593152214846,3
"5469",140,2.36981245514471,4,-2.89442076337856,3
"5470",140,2.36981245514471,5,-1.0824240335002,3
"5471",140,3.33572752983309,1,-7.57513204094635,3
"5472",140,3.33572752983309,2,-24.2113102111983,3
"5473",140,3.33572752983309,3,-7.21350969662053,3
"5474",140,3.33572752983309,4,-5.25302849222887,3
"5475",140,3.33572752983309,5,-7.59194664350096,3
"5476",140,3.65924600418657,1,-8.63683413986351,3
"5477",140,3.65924600418657,2,-29.406517519041,3
"5478",140,3.65924600418657,3,-7.55155052951907,3
"5479",140,3.65924600418657,4,-3.75076933837023,3
"5480",140,3.65924600418657,5,-6.26426616198789,3
"5481",140,3.98764464678243,1,-9.55631779265105,3
"5482",140,3.98764464678243,2,-28.6588951981493,3
"5483",140,3.98764464678243,3,-9.10200935853996,3
"5484",140,3.98764464678243,4,-6.79572942164471,3
"5485",140,3.98764464678243,5,-11.4848023785903,3
"5486",140,7.67376528854948,1,0.152744122748804,3
"5487",140,7.67376528854948,2,-25.7643908620582,3
"5488",140,7.67376528854948,3,2.07775884886712,3
"5489",140,7.67376528854948,4,9.69328508406624,3
"5490",140,7.67376528854948,5,-4.22582426821964,3
"5491",140,9.18963716644794,1,4.59528505152534,3
"5492",140,9.18963716644794,2,-22.4203688820386,3
"5493",140,9.18963716644794,3,-0.641541146429494,3
"5494",140,9.18963716644794,4,16.3876344664867,3
"5495",140,9.18963716644794,5,-8.66279703575507,3
"5496",140,9.73790898430161,1,-6.3733139707701,3
"5497",140,9.73790898430161,2,-31.6275981912876,3
"5498",140,9.73790898430161,3,-7.72013261977435,3
"5499",140,9.73790898430161,4,1.78955236698713,3
"5500",140,9.73790898430161,5,-6.22259603515541,3
"5501",140,10.6260891947895,1,-3.13174730310825,3
"5502",140,10.6260891947895,2,-26.445543381543,3
"5503",140,10.6260891947895,3,3.58742349037406,3
"5504",140,10.6260891947895,4,12.450821751142,3
"5505",140,10.6260891947895,5,-2.84319902146138,3
"5506",141,0,1,3.01903211276644,3
"5507",141,0,2,-1.52267626009726,3
"5508",141,0,3,2.79243926142852,3
"5509",141,0,4,0.736873891453267,3
"5510",141,0,5,5.54033998466314,3
"5511",141,2.02254555025138,1,-8.54548478876855,3
"5512",141,2.02254555025138,2,-21.608034052149,3
"5513",141,2.02254555025138,3,-5.95472884923343,3
"5514",141,2.02254555025138,4,2.43226897132966,3
"5515",141,2.02254555025138,5,-6.57085961174712,3
"5516",141,3.40870829764754,1,1.91228744179056,3
"5517",141,3.40870829764754,2,-25.4909180055273,3
"5518",141,3.40870829764754,3,-1.2181961378943,3
"5519",141,3.40870829764754,4,9.03967623419375,3
"5520",141,3.40870829764754,5,-5.32082289731787,3
"5521",141,3.4366239226656,1,-3.14856344065816,3
"5522",141,3.4366239226656,2,-25.7414402853978,3
"5523",141,3.4366239226656,3,-3.32041851774283,3
"5524",141,3.4366239226656,4,8.68679008887334,3
"5525",141,3.4366239226656,5,-5.20661862074652,3
"5526",141,3.54143087530974,1,-2.51684429979961,3
"5527",141,3.54143087530974,2,-28.7814320384017,3
"5528",141,3.54143087530974,3,-3.27324659369861,3
"5529",141,3.54143087530974,4,2.84813070185533,3
"5530",141,3.54143087530974,5,-7.3413166180404,3
"5531",141,4.1009574024938,1,-1.79099134087707,3
"5532",141,4.1009574024938,2,-23.8705733967364,3
"5533",141,4.1009574024938,3,-1.91995679778748,3
"5534",141,4.1009574024938,4,6.98941599633639,3
"5535",141,4.1009574024938,5,-3.59417491368492,3
"5536",141,7.19107303651981,1,-10.1634047103175,3
"5537",141,7.19107303651981,2,-36.0967062500102,3
"5538",141,7.19107303651981,3,-8.53947113621613,3
"5539",141,7.19107303651981,4,2.14547446331367,3
"5540",141,7.19107303651981,5,-11.3678259032206,3
"5541",141,9.81044858985115,1,2.86966774147613,3
"5542",141,9.81044858985115,2,-29.6891762331945,3
"5543",141,9.81044858985115,3,2.0511760277693,3
"5544",141,9.81044858985115,4,7.32086623424888,3
"5545",141,9.81044858985115,5,-7.39444930550726,3
"5546",141,9.94716872030403,1,14.2138443601549,3
"5547",141,9.94716872030403,2,-14.7782634141393,3
"5548",141,9.94716872030403,3,4.47511206694335,3
"5549",141,9.94716872030403,4,21.3728676821135,3
"5550",141,9.94716872030403,5,4.00051920044442,3
"5551",142,0,1,-2.73033216289543,3
"5552",142,0,2,2.88247238043737,3
"5553",142,0,3,0.684007208383131,3
"5554",142,0,4,-2.78339835464693,3
"5555",142,0,5,7.45048593516549,3
"5556",142,1.14953423931729,1,6.85503287226984,3
"5557",142,1.14953423931729,2,-0.54237134208837,3
"5558",142,1.14953423931729,3,10.371865595006,3
"5559",142,1.14953423931729,4,11.6041286209057,3
"5560",142,1.14953423931729,5,5.10210019917739,3
"5561",142,2.04892814159393,1,4.03492181052054,3
"5562",142,2.04892814159393,2,-12.1055560951915,3
"5563",142,2.04892814159393,3,2.76997268611226,3
"5564",142,2.04892814159393,4,12.4616883748986,3
"5565",142,2.04892814159393,5,2.16126332785785,3
"5566",142,2.28589594573714,1,0.410086404369187,3
"5567",142,2.28589594573714,2,-15.1409484644189,3
"5568",142,2.28589594573714,3,1.92770971509851,3
"5569",142,2.28589594573714,4,7.63145154233271,3
"5570",142,2.28589594573714,5,-2.9868361755512,3
"5571",142,4.78905026032589,1,1.41049221368446,3
"5572",142,4.78905026032589,2,-21.0871488699192,3
"5573",142,4.78905026032589,3,4.53635349775599,3
"5574",142,4.78905026032589,4,3.85291112957481,3
"5575",142,4.78905026032589,5,-3.44899814839579,3
"5576",142,5.56938816874754,1,3.96788236495217,3
"5577",142,5.56938816874754,2,-14.9328244055611,3
"5578",142,5.56938816874754,3,6.52294981637792,3
"5579",142,5.56938816874754,4,11.4754506664857,3
"5580",142,5.56938816874754,5,-4.7329151212833,3
"5581",142,5.98834673967212,1,-4.31177116908172,3
"5582",142,5.98834673967212,2,-28.9966110328097,3
"5583",142,5.98834673967212,3,-2.04450697560687,3
"5584",142,5.98834673967212,4,2.83105072239058,3
"5585",142,5.98834673967212,5,-6.82306991332333,3
"5586",142,6.22499827260617,1,3.39971957443958,3
"5587",142,6.22499827260617,2,-23.0909215476325,3
"5588",142,6.22499827260617,3,8.22346895789593,3
"5589",142,6.22499827260617,4,13.1701338592155,3
"5590",142,6.22499827260617,5,0.351924387711703,3
"5591",142,7.51684905495495,1,3.41706378488117,3
"5592",142,7.51684905495495,2,-19.6085140150966,3
"5593",142,7.51684905495495,3,10.9400419322562,3
"5594",142,7.51684905495495,4,11.5432218397458,3
"5595",142,7.51684905495495,5,-7.38794712134428,3
"5596",142,8.48625781550072,1,1.28145241852585,3
"5597",142,8.48625781550072,2,-21.1290561389871,3
"5598",142,8.48625781550072,3,12.7280767982301,3
"5599",142,8.48625781550072,4,14.4635475380449,3
"5600",142,8.48625781550072,5,-3.00465014237986,3
"5601",142,9.86576962890103,1,-6.94262163245732,3
"5602",142,9.86576962890103,2,-24.4407720997933,3
"5603",142,9.86576962890103,3,5.19474672126825,3
"5604",142,9.86576962890103,4,10.0740398930911,3
"5605",142,9.86576962890103,5,-10.8426252539098,3
"5606",142,10.1377163628349,1,-4.33949472919952,3
"5607",142,10.1377163628349,2,-15.4569074872374,3
"5608",142,10.1377163628349,3,4.42931887031479,3
"5609",142,10.1377163628349,4,11.9583636245624,3
"5610",142,10.1377163628349,5,-15.0953573038483,3
"5611",143,0,1,4.32110158464718,3
"5612",143,0,2,8.82533583029555,3
"5613",143,0,3,1.94296552161118,3
"5614",143,0,4,0.737255650320824,3
"5615",143,0,5,9.50474156290273,3
"5616",143,0.611501187551767,1,10.3173214513814,3
"5617",143,0.611501187551767,2,2.52458985668632,3
"5618",143,0.611501187551767,3,-0.755266186601952,3
"5619",143,0.611501187551767,4,-0.135747456609795,3
"5620",143,0.611501187551767,5,-0.496532720044476,3
"5621",143,1.45886174193583,1,5.57909987981806,3
"5622",143,1.45886174193583,2,-10.5652278882211,3
"5623",143,1.45886174193583,3,0.125224644251005,3
"5624",143,1.45886174193583,4,-0.404536079800686,3
"5625",143,1.45886174193583,5,2.9550391023673,3
"5626",143,2.33225165714975,1,2.68517545601677,3
"5627",143,2.33225165714975,2,-5.66975900857357,3
"5628",143,2.33225165714975,3,0.236896548684454,3
"5629",143,2.33225165714975,4,4.87592290725829,3
"5630",143,2.33225165714975,5,1.46244114230329,3
"5631",143,4.00791472231504,1,3.05197929728373,3
"5632",143,4.00791472231504,2,-12.5570167380189,3
"5633",143,4.00791472231504,3,6.47566159343365,3
"5634",143,4.00791472231504,4,-1.2212795404818,3
"5635",143,4.00791472231504,5,5.47473003028429,3
"5636",143,4.0248853280209,1,3.56179218190615,3
"5637",143,4.0248853280209,2,-15.6713795155012,3
"5638",143,4.0248853280209,3,4.47003823190898,3
"5639",143,4.0248853280209,4,3.2678815311238,3
"5640",143,4.0248853280209,5,-4.4719762839483,3
"5641",143,4.05292076885235,1,8.68525543888394,3
"5642",143,4.05292076885235,2,-10.2751484817479,3
"5643",143,4.05292076885235,3,3.31765410478506,3
"5644",143,4.05292076885235,4,7.59778726712225,3
"5645",143,4.05292076885235,5,-4.76679360103985,3
"5646",143,6.69434659031685,1,-7.7677723872067,3
"5647",143,6.69434659031685,2,-25.2212395263736,3
"5648",143,6.69434659031685,3,-5.34840780335526,3
"5649",143,6.69434659031685,4,0.98123379841323,3
"5650",143,6.69434659031685,5,-10.1814763475929,3
"5651",143,7.37521139846649,1,7.64331471533034,3
"5652",143,7.37521139846649,2,-16.0179390821708,3
"5653",143,7.37521139846649,3,-0.357385356656774,3
"5654",143,7.37521139846649,4,11.8318428977108,3
"5655",143,7.37521139846649,5,-8.15692587871106,3
"5656",143,7.4623169740662,1,-10.066931729452,3
"5657",143,7.4623169740662,2,-25.6524224901732,3
"5658",143,7.4623169740662,3,-9.16688103098822,3
"5659",143,7.4623169740662,4,-3.17743161854921,3
"5660",143,7.4623169740662,5,-21.4807443338962,3
"5661",143,8.6187568991445,1,4.39718586218009,3
"5662",143,8.6187568991445,2,-13.643454517105,3
"5663",143,8.6187568991445,3,-1.06265976416919,3
"5664",143,8.6187568991445,4,6.16992577642619,3
"5665",143,8.6187568991445,5,-4.6838453370297,3
"5666",144,0,1,2.46807807487312,3
"5667",144,0,2,-3.40133799473128,3
"5668",144,0,3,0.768100476793826,3
"5669",144,0,4,-3.22537316185278,3
"5670",144,0,5,1.64266854962175,3
"5671",144,0.968784210388549,1,6.61639849029776,3
"5672",144,0.968784210388549,2,-11.4065141651228,3
"5673",144,0.968784210388549,3,-0.690781224931197,3
"5674",144,0.968784210388549,4,-3.77124699845589,3
"5675",144,0.968784210388549,5,0.369027185353599,3
"5676",144,1.19102729158476,1,8.10954449610797,3
"5677",144,1.19102729158476,2,-9.97389766035266,3
"5678",144,1.19102729158476,3,0.431117192624332,3
"5679",144,1.19102729158476,4,-0.316920489137149,3
"5680",144,1.19102729158476,5,0.883188033911732,3
"5681",144,5.18530647514854,1,0.210987050164218,3
"5682",144,5.18530647514854,2,-28.9345254358386,3
"5683",144,5.18530647514854,3,-3.88182718685934,3
"5684",144,5.18530647514854,4,6.84792507268618,3
"5685",144,5.18530647514854,5,-5.55006481304189,3
"5686",144,10.4060182268731,1,10.3302913377189,3
"5687",144,10.4060182268731,2,-6.36548039423727,3
"5688",144,10.4060182268731,3,6.84825166479478,3
"5689",144,10.4060182268731,4,15.4454339945418,3
"5690",144,10.4060182268731,5,-3.9154239955379,3
"5691",145,0,1,-3.51166496405344,3
"5692",145,0,2,-1.12062740660356,3
"5693",145,0,3,1.73839356997821,3
"5694",145,0,4,4.80936167844597,3
"5695",145,0,5,2.16246289782324,3
"5696",145,1.38748757680878,1,-2.29282389320381,3
"5697",145,1.38748757680878,2,-13.3229656767891,3
"5698",145,1.38748757680878,3,-2.58790351140365,3
"5699",145,1.38748757680878,4,8.90241657071677,3
"5700",145,1.38748757680878,5,0.139287787556137,3
"5701",145,2.26752422354184,1,-5.19106619118836,3
"5702",145,2.26752422354184,2,-16.1363213146769,3
"5703",145,2.26752422354184,3,2.88599402614263,3
"5704",145,2.26752422354184,4,7.02321525594128,3
"5705",145,2.26752422354184,5,-3.76768470196459,3
"5706",145,2.84777640993707,1,-5.37599077795881,3
"5707",145,2.84777640993707,2,-20.9582734716489,3
"5708",145,2.84777640993707,3,-0.383390419737306,3
"5709",145,2.84777640993707,4,4.10267866507623,3
"5710",145,2.84777640993707,5,-7.4795922533299,3
"5711",145,6.35493468644563,1,-5.67727400577418,3
"5712",145,6.35493468644563,2,-26.007858120066,3
"5713",145,6.35493468644563,3,-3.59821858542731,3
"5714",145,6.35493468644563,4,4.55544464976839,3
"5715",145,6.35493468644563,5,-10.4851185104795,3
"5716",145,7.72095534193795,1,6.54823037622608,3
"5717",145,7.72095534193795,2,-13.8266167446299,3
"5718",145,7.72095534193795,3,4.84694289452257,3
"5719",145,7.72095534193795,4,22.324225913512,3
"5720",145,7.72095534193795,5,0.793593185447914,3
"5721",145,8.2193271543365,1,1.60665103238923,3
"5722",145,8.2193271543365,2,-18.9400073856928,3
"5723",145,8.2193271543365,3,7.40970926717816,3
"5724",145,8.2193271543365,4,11.8207375958198,3
"5725",145,8.2193271543365,5,-6.63916544666941,3
"5726",146,0,1,-1.91568165620293,3
"5727",146,0,2,5.51789377063021,3
"5728",146,0,3,1.9210897871609,3
"5729",146,0,4,-13.3548652381717,3
"5730",146,0,5,-2.10745187714976,3
"5731",146,1.04280118574388,1,-2.00936081023996,3
"5732",146,1.04280118574388,2,1.50064029226419,3
"5733",146,1.04280118574388,3,3.22080172300929,3
"5734",146,1.04280118574388,4,-1.73304895541029,3
"5735",146,1.04280118574388,5,-3.66916917384729,3
"5736",146,5.46594720194116,1,0.0634641630705952,3
"5737",146,5.46594720194116,2,-20.8539056704415,3
"5738",146,5.46594720194116,3,-3.56595491603317,3
"5739",146,5.46594720194116,4,0.254030866816386,3
"5740",146,5.46594720194116,5,-9.52257107641071,3
"5741",146,6.99759397946764,1,-1.57256757214654,3
"5742",146,6.99759397946764,2,-23.801371290074,3
"5743",146,6.99759397946764,3,-9.11343902937961,3
"5744",146,6.99759397946764,4,1.24562059425002,3
"5745",146,6.99759397946764,5,-20.4000882367208,3
"5746",146,10.9172934836242,1,-1.98103228383002,3
"5747",146,10.9172934836242,2,-16.9711970878603,3
"5748",146,10.9172934836242,3,-0.563151998953447,3
"5749",146,10.9172934836242,4,-1.30108961350785,3
"5750",146,10.9172934836242,5,-13.9414881989939,3
"5751",147,0,1,7.07459887872487,3
"5752",147,0,2,-2.31692194671207,3
"5753",147,0,3,1.22295644956989,3
"5754",147,0,4,4.72663088025833,3
"5755",147,0,5,-5.09836670199677,3
"5756",147,1.31980563094839,1,-0.489536569130546,3
"5757",147,1.31980563094839,2,-10.6580569459333,3
"5758",147,1.31980563094839,3,-2.86877480540926,3
"5759",147,1.31980563094839,4,6.28242342550072,3
"5760",147,1.31980563094839,5,-0.0789142274860342,3
"5761",147,4.4083843784174,1,-5.79750548039613,3
"5762",147,4.4083843784174,2,-28.028436408971,3
"5763",147,4.4083843784174,3,-4.90015041013022,3
"5764",147,4.4083843784174,4,-1.32975258220914,3
"5765",147,4.4083843784174,5,-16.2868509780518,3
"5766",147,7.32098098401912,1,2.35289474436421,3
"5767",147,7.32098098401912,2,-19.9813287770019,3
"5768",147,7.32098098401912,3,5.95760433530252,3
"5769",147,7.32098098401912,4,8.98296147459662,3
"5770",147,7.32098098401912,5,-3.90188883499542,3
"5771",147,8.05114932707511,1,-12.8794397299882,3
"5772",147,8.05114932707511,2,-33.707365043715,3
"5773",147,8.05114932707511,3,-2.88998673461313,3
"5774",147,8.05114932707511,4,-0.720050712324124,3
"5775",147,8.05114932707511,5,-15.0692687494492,3
"5776",147,8.92124690616038,1,1.94825157898161,3
"5777",147,8.92124690616038,2,-25.2419316372826,3
"5778",147,8.92124690616038,3,0.421245205180535,3
"5779",147,8.92124690616038,4,6.80937893679148,3
"5780",147,8.92124690616038,5,-13.8129445715187,3
"5781",148,0,1,-0.858567465466724,3
"5782",148,0,2,-4.50191456676263,3
"5783",148,0,3,-12.5520398521853,3
"5784",148,0,4,-7.17460107461144,3
"5785",148,0,5,-8.386165560324,3
"5786",148,6.08851692301687,1,2.87378548531349,3
"5787",148,6.08851692301687,2,-21.4329359049134,3
"5788",148,6.08851692301687,3,-1.15199811431883,3
"5789",148,6.08851692301687,4,11.2936632517504,3
"5790",148,6.08851692301687,5,-6.25848740858587,3
"5791",148,7.59931855311152,1,-5.82020553453822,3
"5792",148,7.59931855311152,2,-24.76944523025,3
"5793",148,7.59931855311152,3,-11.4397396712324,3
"5794",148,7.59931855311152,4,0.262785987613939,3
"5795",148,7.59931855311152,5,-14.628876981792,3
"5796",148,7.98664981243201,1,-7.33646919311268,3
"5797",148,7.98664981243201,2,-21.6010713763313,3
"5798",148,7.98664981243201,3,-6.98610870671206,3
"5799",148,7.98664981243201,4,6.92484776822073,3
"5800",148,7.98664981243201,5,-9.10634234142228,3
"5801",149,0,1,3.93452152309578,3
"5802",149,0,2,-6.87260020587881,3
"5803",149,0,3,3.17209391268032,3
"5804",149,0,4,5.52800085014693,3
"5805",149,0,5,-2.78362448385306,3
"5806",149,1.05616529635154,1,-1.14280643819877,3
"5807",149,1.05616529635154,2,-5.97447194243626,3
"5808",149,1.05616529635154,3,4.89553167607402,3
"5809",149,1.05616529635154,4,-1.0290567624193,3
"5810",149,1.05616529635154,5,-5.18176004161572,3
"5811",149,1.76030108577106,1,2.02936336935099,3
"5812",149,1.76030108577106,2,-8.60305284061745,3
"5813",149,1.76030108577106,3,3.18144387479965,3
"5814",149,1.76030108577106,4,5.57831006510089,3
"5815",149,1.76030108577106,5,-4.73729542569163,3
"5816",149,3.70543206657749,1,9.12608775768098,3
"5817",149,3.70543206657749,2,-16.9296669916797,3
"5818",149,3.70543206657749,3,7.25189500761719,3
"5819",149,3.70543206657749,4,16.219193037973,3
"5820",149,3.70543206657749,5,7.4855294268661,3
"5821",149,3.80163019557949,1,1.4476746440383,3
"5822",149,3.80163019557949,2,-24.6630948430955,3
"5823",149,3.80163019557949,3,1.7254022439853,3
"5824",149,3.80163019557949,4,11.8985395770281,3
"5825",149,3.80163019557949,5,-13.7971353367842,3
"5826",149,4.12178858567495,1,-2.79075890281261,3
"5827",149,4.12178858567495,2,-26.4029287748943,3
"5828",149,4.12178858567495,3,3.71005008672962,3
"5829",149,4.12178858567495,4,2.37189013902283,3
"5830",149,4.12178858567495,5,-4.2852876692699,3
"5831",149,7.10634733154438,1,-1.64922306115841,3
"5832",149,7.10634733154438,2,-32.2211080274558,3
"5833",149,7.10634733154438,3,-2.06641501886628,3
"5834",149,7.10634733154438,4,5.62116586349261,3
"5835",149,7.10634733154438,5,-14.1657260838481,3
"5836",149,9.15754638204817,1,2.77571269356208,3
"5837",149,9.15754638204817,2,-20.9031162134859,3
"5838",149,9.15754638204817,3,7.27961879637825,3
"5839",149,9.15754638204817,4,15.0128480869916,3
"5840",149,9.15754638204817,5,-12.172760867056,3
"5841",150,0,1,-0.495746513943292,3
"5842",150,0,2,0.595905555839849,3
"5843",150,0,3,-0.713463088447825,3
"5844",150,0,4,3.43490790181523,3
"5845",150,0,5,-4.28827387010724,3
"5846",150,1.46508197218645,1,0.0178197020150104,3
"5847",150,1.46508197218645,2,-13.9215963979752,3
"5848",150,1.46508197218645,3,-3.6693881905311,3
"5849",150,1.46508197218645,4,-1.66242404392395,3
"5850",150,1.46508197218645,5,-6.55121236363716,3
"5851",150,1.72052294714376,1,5.01667692111921,3
"5852",150,1.72052294714376,2,-7.50950129075992,3
"5853",150,1.72052294714376,3,-7.09223043242446,3
"5854",150,1.72052294714376,4,0.155613435714823,3
"5855",150,1.72052294714376,5,-9.34904946714927,3
"5856",150,8.4382392532425,1,11.3258938197311,3
"5857",150,8.4382392532425,2,-10.5711618662995,3
"5858",150,8.4382392532425,3,10.830258702462,3
"5859",150,8.4382392532425,4,22.8114152568686,3
"5860",150,8.4382392532425,5,-2.51437194936489,3
"5861",151,0,1,11.3217503073482,4
"5862",151,0,2,-17.3518493819477,4
"5863",151,0,3,-3.839375655248,4
"5864",151,0,4,10.9353675235523,4
"5865",151,0,5,-2.89544154272327,4
"5866",151,0.942170883761719,1,20.9616042626498,4
"5867",151,0.942170883761719,2,-17.5415383409288,4
"5868",151,0.942170883761719,3,-3.94075000893903,4
"5869",151,0.942170883761719,4,15.4645988386784,4
"5870",151,0.942170883761719,5,-2.68077714029276,4
"5871",151,1.43270286708139,1,19.5168793796338,4
"5872",151,1.43270286708139,2,-17.446855553727,4
"5873",151,1.43270286708139,3,-4.76140745582168,4
"5874",151,1.43270286708139,4,14.1049075944059,4
"5875",151,1.43270286708139,5,-3.01457113318156,4
"5876",151,2.88345799432136,1,11.3573783315905,4
"5877",151,2.88345799432136,2,-12.0190522863212,4
"5878",151,2.88345799432136,3,-4.10536353940322,4
"5879",151,2.88345799432136,4,15.7410643397785,4
"5880",151,2.88345799432136,5,-12.7421593409303,4
"5881",151,5.74144480621908,1,12.4767671227777,4
"5882",151,5.74144480621908,2,-15.1891749247798,4
"5883",151,5.74144480621908,3,-7.99876604048121,4
"5884",151,5.74144480621908,4,13.9612796370853,4
"5885",151,5.74144480621908,5,-15.4307897619782,4
"5886",151,7.06293700379319,1,11.0755733036687,4
"5887",151,7.06293700379319,2,-12.1148804072485,4
"5888",151,7.06293700379319,3,-5.29038119013699,4
"5889",151,7.06293700379319,4,19.4882895246822,4
"5890",151,7.06293700379319,5,-6.84969431017918,4
"5891",151,7.34806316427421,1,24.6957655314798,4
"5892",151,7.34806316427421,2,-1.74440090162029,4
"5893",151,7.34806316427421,3,3.92525556742444,4
"5894",151,7.34806316427421,4,24.1348090908363,4
"5895",151,7.34806316427421,5,-3.50600200907392,4
"5896",151,7.66492252703756,1,24.3616890065597,4
"5897",151,7.66492252703756,2,-10.7977297832112,4
"5898",151,7.66492252703756,3,-3.6354108234169,4
"5899",151,7.66492252703756,4,16.9497707365901,4
"5900",151,7.66492252703756,5,-9.02312819760388,4
"5901",151,8.11262489447836,1,7.82755948684244,4
"5902",151,8.11262489447836,2,-15.6807348191894,4
"5903",151,8.11262489447836,3,-1.1263518704125,4
"5904",151,8.11262489447836,4,11.2072589274231,4
"5905",151,8.11262489447836,5,-14.6956632525174,4
"5906",151,10.4516859006835,1,11.8220824209653,4
"5907",151,10.4516859006835,2,-14.647948386635,4
"5908",151,10.4516859006835,3,-9.56993781794135,4
"5909",151,10.4516859006835,4,6.58432578304453,4
"5910",151,10.4516859006835,5,-16.4252242270813,4
"5911",152,0,1,21.4655337918108,4
"5912",152,0,2,-20.902434457157,4
"5913",152,0,3,3.51588959626622,4
"5914",152,0,4,15.8957135947427,4
"5915",152,0,5,-6.12235126124351,4
"5916",152,3.98445057135541,1,19.3559335036818,4
"5917",152,3.98445057135541,2,-13.3532450101118,4
"5918",152,3.98445057135541,3,1.82401934547922,4
"5919",152,3.98445057135541,4,16.8145666466676,4
"5920",152,3.98445057135541,5,-1.9964486625788,4
"5921",152,6.11226732644718,1,16.6929315503257,4
"5922",152,6.11226732644718,2,-15.3437397719449,4
"5923",152,6.11226732644718,3,2.19151442958378,4
"5924",152,6.11226732644718,4,15.1717290897657,4
"5925",152,6.11226732644718,5,-10.7332169648335,4
"5926",152,7.2296429569833,1,13.289486359533,4
"5927",152,7.2296429569833,2,-17.611449128033,4
"5928",152,7.2296429569833,3,4.19787793549346,4
"5929",152,7.2296429569833,4,13.020510240965,4
"5930",152,7.2296429569833,5,-9.77859212377313,4
"5931",152,7.34528544207569,1,13.5380792097098,4
"5932",152,7.34528544207569,2,-18.6863971899694,4
"5933",152,7.34528544207569,3,0.553119383444586,4
"5934",152,7.34528544207569,4,11.8816885439582,4
"5935",152,7.34528544207569,5,-17.5085968620818,4
"5936",152,7.41851852717809,1,18.4618612958097,4
"5937",152,7.41851852717809,2,-14.0671273017853,4
"5938",152,7.41851852717809,3,5.37412060236932,4
"5939",152,7.41851852717809,4,9.28405418595275,4
"5940",152,7.41851852717809,5,-5.14651211859385,4
"5941",152,8.01699768379331,1,14.1692642113507,4
"5942",152,8.01699768379331,2,-7.74911298302241,4
"5943",152,8.01699768379331,3,5.7273967025706,4
"5944",152,8.01699768379331,4,9.89711110046063,4
"5945",152,8.01699768379331,5,-10.6055476178537,4
"5946",152,8.19109038822353,1,16.6368520822302,4
"5947",152,8.19109038822353,2,-21.2306443038715,4
"5948",152,8.19109038822353,3,3.80470414867107,4
"5949",152,8.19109038822353,4,13.6959831911147,4
"5950",152,8.19109038822353,5,-12.5133697575259,4
"5951",152,10.2246172443265,1,17.3650726609496,4
"5952",152,10.2246172443265,2,-12.5090626729191,4
"5953",152,10.2246172443265,3,7.24832151865963,4
"5954",152,10.2246172443265,4,8.99057231836674,4
"5955",152,10.2246172443265,5,-15.5866445184086,4
"5956",153,0,1,15.9519099057583,4
"5957",153,0,2,-18.4726232173678,4
"5958",153,0,3,-2.52109146724738,4
"5959",153,0,4,8.93674648832095,4
"5960",153,0,5,-5.85420165016751,4
"5961",153,0.771018231054768,1,23.3075938352143,4
"5962",153,0.771018231054768,2,-11.5053839875428,4
"5963",153,0.771018231054768,3,4.04403151452366,4
"5964",153,0.771018231054768,4,12.0213810679543,4
"5965",153,0.771018231054768,5,-1.45048532007182,4
"5966",153,4.08568357303739,1,25.6108865713835,4
"5967",153,4.08568357303739,2,-9.96036189908671,4
"5968",153,4.08568357303739,3,4.46626077201582,4
"5969",153,4.08568357303739,4,18.5014524856738,4
"5970",153,4.08568357303739,5,-4.50775015054663,4
"5971",153,5.87974971777294,1,17.909630712488,4
"5972",153,5.87974971777294,2,-13.0820000354494,4
"5973",153,5.87974971777294,3,2.78283669616904,4
"5974",153,5.87974971777294,4,10.2827914139903,4
"5975",153,5.87974971777294,5,-12.9025952542081,4
"5976",153,6.01516999700107,1,24.7567865425856,4
"5977",153,6.01516999700107,2,-5.79064573069401,4
"5978",153,6.01516999700107,3,8.53322303086935,4
"5979",153,6.01516999700107,4,15.4233053782344,4
"5980",153,6.01516999700107,5,-7.30268335892111,4
"5981",153,6.18182520021219,1,23.2402479023364,4
"5982",153,6.18182520021219,2,-6.84958107203445,4
"5983",153,6.18182520021219,3,8.44837306059237,4
"5984",153,6.18182520021219,4,21.1000459958918,4
"5985",153,6.18182520021219,5,-8.66015361286781,4
"5986",154,0,1,22.6017782748256,4
"5987",154,0,2,-23.7412544262644,4
"5988",154,0,3,2.5295141098602,4
"5989",154,0,4,10.8418449832982,4
"5990",154,0,5,-4.0541641366711,4
"5991",154,0.831933321547695,1,13.3299350120382,4
"5992",154,0.831933321547695,2,-20.6580900789891,4
"5993",154,0.831933321547695,3,-1.20768794351874,4
"5994",154,0.831933321547695,4,4.40495315565726,4
"5995",154,0.831933321547695,5,-12.3634019219225,4
"5996",154,1.25446293666027,1,18.8130925080954,4
"5997",154,1.25446293666027,2,-22.4266712757541,4
"5998",154,1.25446293666027,3,4.36479094001155,4
"5999",154,1.25446293666027,4,14.6422166460071,4
"6000",154,1.25446293666027,5,-6.67010742125563,4
"6001",154,1.66318264615256,1,17.3491513683156,4
"6002",154,1.66318264615256,2,-25.5601148782622,4
"6003",154,1.66318264615256,3,0.347858995510587,4
"6004",154,1.66318264615256,4,11.7311204492221,4
"6005",154,1.66318264615256,5,-6.72295456673449,4
"6006",154,2.25773657218087,1,15.2494447488277,4
"6007",154,2.25773657218087,2,-22.6221186443758,4
"6008",154,2.25773657218087,3,-1.08978579079139,4
"6009",154,2.25773657218087,4,10.9337139912106,4
"6010",154,2.25773657218087,5,-5.94859208431616,4
"6011",154,3.80354589910712,1,20.2022583968495,4
"6012",154,3.80354589910712,2,-19.400054104852,4
"6013",154,3.80354589910712,3,0.248250889800099,4
"6014",154,3.80354589910712,4,14.6910409068814,4
"6015",154,3.80354589910712,5,-7.23040876590448,4
"6016",154,7.31155173864681,1,21.266581372158,4
"6017",154,7.31155173864681,2,-15.8930708601039,4
"6018",154,7.31155173864681,3,3.39491200662029,4
"6019",154,7.31155173864681,4,19.4237151683189,4
"6020",154,7.31155173864681,5,-16.9376964185887,4
"6021",154,10.1978586865589,1,4.53872368495513,4
"6022",154,10.1978586865589,2,-29.1145451071171,4
"6023",154,10.1978586865589,3,-13.4792812383426,4
"6024",154,10.1978586865589,4,-6.58569692666475,4
"6025",154,10.1978586865589,5,-28.570954997811,4
"6026",155,0,1,18.1065771204902,4
"6027",155,0,2,-24.2430376224407,4
"6028",155,0,3,-4.9930351074803,4
"6029",155,0,4,14.8879621414306,4
"6030",155,0,5,-2.64114498059562,4
"6031",155,3.68446074705571,1,17.5840443757565,4
"6032",155,3.68446074705571,2,-6.14437655138489,4
"6033",155,3.68446074705571,3,5.96982203276956,4
"6034",155,3.68446074705571,4,24.8313697926024,4
"6035",155,3.68446074705571,5,-3.28455641013867,4
"6036",155,4.27903391548898,1,18.4617541574802,4
"6037",155,4.27903391548898,2,-5.16019484809325,4
"6038",155,4.27903391548898,3,4.87275053668881,4
"6039",155,4.27903391548898,4,21.2940052990638,4
"6040",155,4.27903391548898,5,-0.811976748859162,4
"6041",155,5.00204463640694,1,18.5223190545818,4
"6042",155,5.00204463640694,2,-16.0017409672405,4
"6043",155,5.00204463640694,3,-1.28693162290332,4
"6044",155,5.00204463640694,4,22.8770817693055,4
"6045",155,5.00204463640694,5,-9.12693751982322,4
"6046",155,5.08125117910095,1,27.497881561692,4
"6047",155,5.08125117910095,2,-14.1656308452426,4
"6048",155,5.08125117910095,3,0.535639574413476,4
"6049",155,5.08125117910095,4,26.0012461157516,4
"6050",155,5.08125117910095,5,-0.981745638144295,4
"6051",155,7.66184621141292,1,25.5336888905046,4
"6052",155,7.66184621141292,2,-4.00300511273714,4
"6053",155,7.66184621141292,3,10.9143500292501,4
"6054",155,7.66184621141292,4,24.5945916587482,4
"6055",155,7.66184621141292,5,-0.322273686506553,4
"6056",156,0,1,21.8038095966726,4
"6057",156,0,2,-20.1131123867705,4
"6058",156,0,3,-2.99016213881993,4
"6059",156,0,4,19.7344779921435,4
"6060",156,0,5,11.385740362555,4
"6061",156,1.88338050001767,1,17.2258185938929,4
"6062",156,1.88338050001767,2,-28.3531350526167,4
"6063",156,1.88338050001767,3,-7.09835286013603,4
"6064",156,1.88338050001767,4,13.5389914936321,4
"6065",156,1.88338050001767,5,1.12780445899115,4
"6066",156,3.07489179226104,1,11.699769444452,4
"6067",156,3.07489179226104,2,-17.7925652785345,4
"6068",156,3.07489179226104,3,-1.85613230362608,4
"6069",156,3.07489179226104,4,16.6388710342738,4
"6070",156,3.07489179226104,5,2.00801758316872,4
"6071",156,6.66107514221221,1,22.716604894941,4
"6072",156,6.66107514221221,2,-12.3472812363589,4
"6073",156,6.66107514221221,3,-6.96772731781893,4
"6074",156,6.66107514221221,4,20.7417215306081,4
"6075",156,6.66107514221221,5,-4.91194051769757,4
"6076",156,10.1906636381755,1,17.2248789812397,4
"6077",156,10.1906636381755,2,-16.56558807996,4
"6078",156,10.1906636381755,3,-5.54289324393173,4
"6079",156,10.1906636381755,4,15.4009879218072,4
"6080",156,10.1906636381755,5,-7.66454334087154,4
"6081",156,10.3260566049721,1,22.5058437933498,4
"6082",156,10.3260566049721,2,-8.35323655856269,4
"6083",156,10.3260566049721,3,-0.574186081269052,4
"6084",156,10.3260566049721,4,20.5750604379429,4
"6085",156,10.3260566049721,5,3.47045688018084,4
"6086",157,0,1,17.7908905205527,4
"6087",157,0,2,-22.5233423863303,4
"6088",157,0,3,-2.46800735854851,4
"6089",157,0,4,12.4906546912925,4
"6090",157,0,5,3.98453996840214,4
"6091",157,1.28095544024836,1,23.2258930891103,4
"6092",157,1.28095544024836,2,-28.3656307540628,4
"6093",157,1.28095544024836,3,1.96394707436913,4
"6094",157,1.28095544024836,4,12.4472183202897,4
"6095",157,1.28095544024836,5,0.615437253017132,4
"6096",157,1.98854203021619,1,13.5773633463104,4
"6097",157,1.98854203021619,2,-22.8039357574961,4
"6098",157,1.98854203021619,3,-3.42575568742029,4
"6099",157,1.98854203021619,4,14.5021871725018,4
"6100",157,1.98854203021619,5,-4.64876210355091,4
"6101",157,2.15323348867241,1,20.4150902354397,4
"6102",157,2.15323348867241,2,-19.793475525901,4
"6103",157,2.15323348867241,3,5.86025844006403,4
"6104",157,2.15323348867241,4,17.8831704942749,4
"6105",157,2.15323348867241,5,2.60720667025709,4
"6106",157,5.57209928694647,1,17.5011926853602,4
"6107",157,5.57209928694647,2,-17.7044147449737,4
"6108",157,5.57209928694647,3,5.71407074086575,4
"6109",157,5.57209928694647,4,11.8709070699565,4
"6110",157,5.57209928694647,5,-6.34482808017445,4
"6111",157,6.49308558297344,1,16.7890945985014,4
"6112",157,6.49308558297344,2,-23.4045995461157,4
"6113",157,6.49308558297344,3,0.586826908253724,4
"6114",157,6.49308558297344,4,11.3978296588671,4
"6115",157,6.49308558297344,5,-13.769677373826,4
"6116",157,8.57360402750783,1,25.3897924310694,4
"6117",157,8.57360402750783,2,-10.9940277134666,4
"6118",157,8.57360402750783,3,8.12404207934708,4
"6119",157,8.57360402750783,4,11.3747579818424,4
"6120",157,8.57360402750783,5,-6.02073808520707,4
"6121",158,0,1,18.1246023463764,4
"6122",158,0,2,-21.3772372551431,4
"6123",158,0,3,6.85208548052734,4
"6124",158,0,4,7.98507175866503,4
"6125",158,0,5,1.45483341456216,4
"6126",158,0.529644285328686,1,22.9989073043264,4
"6127",158,0.529644285328686,2,-11.7958695617968,4
"6128",158,0.529644285328686,3,-6.16804912526391,4
"6129",158,0.529644285328686,4,13.5161164341224,4
"6130",158,0.529644285328686,5,4.90777802592999,4
"6131",158,5.28297294315416,1,19.8053278914697,4
"6132",158,5.28297294315416,2,-6.59780668490465,4
"6133",158,5.28297294315416,3,-0.0300608346724101,4
"6134",158,5.28297294315416,4,14.4887355377003,4
"6135",158,5.28297294315416,5,-3.00345089419247,4
"6136",158,8.59889179421589,1,19.7324178972013,4
"6137",158,8.59889179421589,2,-6.88897393899618,4
"6138",158,8.59889179421589,3,1.1277787339402,4
"6139",158,8.59889179421589,4,14.6646079314382,4
"6140",158,8.59889179421589,5,-3.44132585619656,4
"6141",159,0,1,19.9468424685444,4
"6142",159,0,2,-18.145705894113,4
"6143",159,0,3,3.87268860512508,4
"6144",159,0,4,11.4873167506083,4
"6145",159,0,5,3.38855827990977,4
"6146",159,2.12420213909354,1,16.9499646976141,4
"6147",159,2.12420213909354,2,-19.638218957701,4
"6148",159,2.12420213909354,3,-6.3722775392732,4
"6149",159,2.12420213909354,4,13.6453803460342,4
"6150",159,2.12420213909354,5,0.877503665577404,4
"6151",159,2.28957818076015,1,20.1279519935501,4
"6152",159,2.28957818076015,2,-20.1954812207345,4
"6153",159,2.28957818076015,3,-3.53130887247868,4
"6154",159,2.28957818076015,4,6.91711089979522,4
"6155",159,2.28957818076015,5,-3.74559618722215,4
"6156",159,4.4616959001869,1,17.8499142455675,4
"6157",159,4.4616959001869,2,-15.6815773382888,4
"6158",159,4.4616959001869,3,-5.90469062938468,4
"6159",159,4.4616959001869,4,13.8956236383284,4
"6160",159,4.4616959001869,5,-3.91277326814298,4
"6161",159,6.90951017779298,1,24.5895512646287,4
"6162",159,6.90951017779298,2,-2.07483518792793,4
"6163",159,6.90951017779298,3,7.90434900990976,4
"6164",159,6.90951017779298,4,17.175741077998,4
"6165",159,6.90951017779298,5,-0.557743304975871,4
"6166",159,8.70262237743009,1,17.2161622143588,4
"6167",159,8.70262237743009,2,-20.2184510109391,4
"6168",159,8.70262237743009,3,1.08637614086052,4
"6169",159,8.70262237743009,4,10.2592412083164,4
"6170",159,8.70262237743009,5,-12.7764595440772,4
"6171",159,9.63352208619472,1,22.6814691054198,4
"6172",159,9.63352208619472,2,-9.17625902626395,4
"6173",159,9.63352208619472,3,-2.40433853604486,4
"6174",159,9.63352208619472,4,16.1191708247798,4
"6175",159,9.63352208619472,5,-9.35646974543641,4
"6176",160,0,1,9.78429518725181,4
"6177",160,0,2,-25.1444575379488,4
"6178",160,0,3,-0.63821751293137,4
"6179",160,0,4,11.5670946943343,4
"6180",160,0,5,5.59742917820171,4
"6181",160,2.47435399901588,1,15.5937486984683,4
"6182",160,2.47435399901588,2,-25.1015929012779,4
"6183",160,2.47435399901588,3,-4.81200014869141,4
"6184",160,2.47435399901588,4,8.95728889095151,4
"6185",160,2.47435399901588,5,-4.00620607810702,4
"6186",160,5.33940941828769,1,5.20544769379555,4
"6187",160,5.33940941828769,2,-19.861775584666,4
"6188",160,5.33940941828769,3,-2.64950106486909,4
"6189",160,5.33940941828769,4,16.5578358816968,4
"6190",160,5.33940941828769,5,-5.43482945907637,4
"6191",160,6.6019365307875,1,15.9525216008095,4
"6192",160,6.6019365307875,2,-13.902566542684,4
"6193",160,6.6019365307875,3,0.577649598664295,4
"6194",160,6.6019365307875,4,17.7466210803116,4
"6195",160,6.6019365307875,5,-3.22565544105443,4
"6196",160,9.21181444765534,1,10.9698725928214,4
"6197",160,9.21181444765534,2,-20.7700134727032,4
"6198",160,9.21181444765534,3,0.343868141590606,4
"6199",160,9.21181444765534,4,7.43432267760063,4
"6200",160,9.21181444765534,5,-10.1661258100076,4
"6201",161,0,1,19.279535262249,4
"6202",161,0,2,-17.1238741560512,4
"6203",161,0,3,-3.24522718342376,4
"6204",161,0,4,11.7346034356058,4
"6205",161,0,5,-2.77370750374352,4
"6206",161,1.31671858543996,1,21.9674763612845,4
"6207",161,1.31671858543996,2,-17.3404250194606,4
"6208",161,1.31671858543996,3,5.11246302113823,4
"6209",161,1.31671858543996,4,19.3505258578924,4
"6210",161,1.31671858543996,5,0.520178276118206,4
"6211",161,2.14319859037641,1,25.8054056602944,4
"6212",161,2.14319859037641,2,-15.8486233579336,4
"6213",161,2.14319859037641,3,-3.07862117921385,4
"6214",161,2.14319859037641,4,24.5241437385007,4
"6215",161,2.14319859037641,5,2.24622853862257,4
"6216",161,4.09576214873232,1,15.6494801422765,4
"6217",161,4.09576214873232,2,-17.597262131578,4
"6218",161,4.09576214873232,3,2.31408487536676,4
"6219",161,4.09576214873232,4,26.7021861609161,4
"6220",161,4.09576214873232,5,-2.08445376397453,4
"6221",161,4.10525617923122,1,16.5557658618657,4
"6222",161,4.10525617923122,2,-13.4502932125282,4
"6223",161,4.10525617923122,3,-0.488068939289027,4
"6224",161,4.10525617923122,4,17.0794319508061,4
"6225",161,4.10525617923122,5,-10.0289297459754,4
"6226",161,4.91727430303581,1,16.9183681212365,4
"6227",161,4.91727430303581,2,-12.1851350829486,4
"6228",161,4.91727430303581,3,1.98639204150887,4
"6229",161,4.91727430303581,4,20.9027471481376,4
"6230",161,4.91727430303581,5,-5.23824369294402,4
"6231",161,6.85345017758664,1,24.6406645397236,4
"6232",161,6.85345017758664,2,-10.2919303041438,4
"6233",161,6.85345017758664,3,8.215356239052,4
"6234",161,6.85345017758664,4,25.2465774626118,4
"6235",161,6.85345017758664,5,-0.0331241836614655,4
"6236",161,7.29027950810269,1,19.3067143730081,4
"6237",161,7.29027950810269,2,-8.29055701686278,4
"6238",161,7.29027950810269,3,1.68665635829105,4
"6239",161,7.29027950810269,4,20.582797194219,4
"6240",161,7.29027950810269,5,-9.70966889045321,4
"6241",161,8.94806545006577,1,15.3724700119156,4
"6242",161,8.94806545006577,2,-12.6168515503601,4
"6243",161,8.94806545006577,3,-1.05724292840338,4
"6244",161,8.94806545006577,4,13.1215214480496,4
"6245",161,8.94806545006577,5,-10.8622856494528,4
"6246",161,9.17024027218577,1,25.3541710634658,4
"6247",161,9.17024027218577,2,-13.827968535991,4
"6248",161,9.17024027218577,3,8.81918215631199,4
"6249",161,9.17024027218577,4,13.9511654789818,4
"6250",161,9.17024027218577,5,-4.01729439731045,4
"6251",162,0,1,17.5611348277365,4
"6252",162,0,2,-24.4634158742845,4
"6253",162,0,3,-1.17047593112399,4
"6254",162,0,4,8.13550667749078,4
"6255",162,0,5,-3.30156492189045,4
"6256",162,2.13689596322365,1,8.45229025231351,4
"6257",162,2.13689596322365,2,-26.6740332203484,4
"6258",162,2.13689596322365,3,-6.18115434204086,4
"6259",162,2.13689596322365,4,12.7274759557942,4
"6260",162,2.13689596322365,5,-3.11581929437663,4
"6261",162,4.44868019421119,1,17.2543848392984,4
"6262",162,4.44868019421119,2,-13.3328303611477,4
"6263",162,4.44868019421119,3,-5.3889634012803,4
"6264",162,4.44868019421119,4,19.5345517075237,4
"6265",162,4.44868019421119,5,-4.22150980172339,4
"6266",162,8.25761122081894,1,21.6117650959924,4
"6267",162,8.25761122081894,2,-18.3990325981793,4
"6268",162,8.25761122081894,3,-1.10884486967774,4
"6269",162,8.25761122081894,4,15.6894365323425,4
"6270",162,8.25761122081894,5,-5.48646669905367,4
"6271",162,8.71228024095763,1,14.5228957308337,4
"6272",162,8.71228024095763,2,-18.9081561362126,4
"6273",162,8.71228024095763,3,-6.78337587430446,4
"6274",162,8.71228024095763,4,1.43159448522001,4
"6275",162,8.71228024095763,5,-12.2652278679683,4
"6276",163,0,1,20.7261673951465,4
"6277",163,0,2,-13.663691711998,4
"6278",163,0,3,-3.58624353206514,4
"6279",163,0,4,14.8870748836124,4
"6280",163,0,5,-3.79657162692217,4
"6281",163,1.91701133688912,1,19.5696252295166,4
"6282",163,1.91701133688912,2,-18.6255135383623,4
"6283",163,1.91701133688912,3,0.640573612233905,4
"6284",163,1.91701133688912,4,17.717524378456,4
"6285",163,1.91701133688912,5,-6.27888630915303,4
"6286",163,5.39798832777888,1,19.739631758459,4
"6287",163,5.39798832777888,2,-22.3054323242874,4
"6288",163,5.39798832777888,3,-3.3758040947657,4
"6289",163,5.39798832777888,4,12.9747660254216,4
"6290",163,5.39798832777888,5,-12.0189118758821,4
"6291",163,5.73603771487251,1,23.8401745018413,4
"6292",163,5.73603771487251,2,-10.143974716397,4
"6293",163,5.73603771487251,3,0.18165207581891,4
"6294",163,5.73603771487251,4,15.0914502980826,4
"6295",163,5.73603771487251,5,-8.30012356385306,4
"6296",163,6.82287783431821,1,30.7351675389092,4
"6297",163,6.82287783431821,2,-6.56290632570112,4
"6298",163,6.82287783431821,3,2.23796221575536,4
"6299",163,6.82287783431821,4,12.4389225641769,4
"6300",163,6.82287783431821,5,-5.81036141300856,4
"6301",163,7.73798267985694,1,23.7997579167252,4
"6302",163,7.73798267985694,2,-2.15082894757261,4
"6303",163,7.73798267985694,3,2.37311125222607,4
"6304",163,7.73798267985694,4,13.6991669204428,4
"6305",163,7.73798267985694,5,-12.82872723968,4
"6306",163,8.35748762928415,1,20.4551459434144,4
"6307",163,8.35748762928415,2,-12.1594774555815,4
"6308",163,8.35748762928415,3,-5.09630612515352,4
"6309",163,8.35748762928415,4,11.1951640736144,4
"6310",163,8.35748762928415,5,-10.5982279544901,4
"6311",163,8.86348803213332,1,15.4560930648661,4
"6312",163,8.86348803213332,2,-11.6172725905659,4
"6313",163,8.86348803213332,3,-9.93551722064511,4
"6314",163,8.86348803213332,4,-0.31453446655432,4
"6315",163,8.86348803213332,5,-15.959290342252,4
"6316",163,9.03449867828749,1,15.880479101013,4
"6317",163,9.03449867828749,2,-18.5220894952091,4
"6318",163,9.03449867828749,3,-2.9078382923392,4
"6319",163,9.03449867828749,4,2.9214964851411,4
"6320",163,9.03449867828749,5,-16.1187277544271,4
"6321",163,9.80283369717654,1,12.2038864025655,4
"6322",163,9.80283369717654,2,-10.5369342466529,4
"6323",163,9.80283369717654,3,-1.19323370237044,4
"6324",163,9.80283369717654,4,0.99475411668817,4
"6325",163,9.80283369717654,5,-18.2653908523775,4
"6326",163,10.0161185746547,1,23.3500784916114,4
"6327",163,10.0161185746547,2,-8.90170510169332,4
"6328",163,10.0161185746547,3,1.94921873402702,4
"6329",163,10.0161185746547,4,3.41976754034118,4
"6330",163,10.0161185746547,5,-6.41345986719851,4
"6331",164,0,1,18.9240011285243,4
"6332",164,0,2,-28.050692434074,4
"6333",164,0,3,-0.881046769395075,4
"6334",164,0,4,13.9613919686662,4
"6335",164,0,5,-4.45373124301824,4
"6336",164,1.60134837939404,1,18.5091638359514,4
"6337",164,1.60134837939404,2,-21.0200107480196,4
"6338",164,1.60134837939404,3,4.67478370486137,4
"6339",164,1.60134837939404,4,9.41670482540474,4
"6340",164,1.60134837939404,5,-8.81834481641132,4
"6341",164,2.58733830391429,1,18.7745633667546,4
"6342",164,2.58733830391429,2,-15.7096020243279,4
"6343",164,2.58733830391429,3,0.694975801153566,4
"6344",164,2.58733830391429,4,12.2322684159263,4
"6345",164,2.58733830391429,5,-4.99972167615796,4
"6346",164,5.35520768212155,1,23.6428030159505,4
"6347",164,5.35520768212155,2,-12.8467270395627,4
"6348",164,5.35520768212155,3,4.53317365894049,4
"6349",164,5.35520768212155,4,20.6321484520412,4
"6350",164,5.35520768212155,5,-8.45094256860049,4
"6351",164,9.56944421271328,1,12.908133939917,4
"6352",164,9.56944421271328,2,-20.6193882133604,4
"6353",164,9.56944421271328,3,-7.20724117689872,4
"6354",164,9.56944421271328,4,6.13044541896996,4
"6355",164,9.56944421271328,5,-20.1674147856487,4
"6356",164,9.80992594256531,1,6.21332472800266,4
"6357",164,9.80992594256531,2,-21.7687768882586,4
"6358",164,9.80992594256531,3,-12.7712784556944,4
"6359",164,9.80992594256531,4,-5.48946784923576,4
"6360",164,9.80992594256531,5,-25.2215068571657,4
"6361",165,0,1,21.7782560200123,4
"6362",165,0,2,-25.6173989652782,4
"6363",165,0,3,1.09001518932425,4
"6364",165,0,4,12.042309072703,4
"6365",165,0,5,-0.171959392011591,4
"6366",165,1.9213075931184,1,31.0953556733944,4
"6367",165,1.9213075931184,2,-24.4987922456943,4
"6368",165,1.9213075931184,3,2.48160591853601,4
"6369",165,1.9213075931184,4,17.5787154767908,4
"6370",165,1.9213075931184,5,-0.144593012902804,4
"6371",165,2.91272121598013,1,17.1844393085047,4
"6372",165,2.91272121598013,2,-21.5734156914988,4
"6373",165,2.91272121598013,3,0.896999253534725,4
"6374",165,2.91272121598013,4,12.5618898211209,4
"6375",165,2.91272121598013,5,-7.26230568187625,4
"6376",165,3.28694620460737,1,22.5097070279146,4
"6377",165,3.28694620460737,2,-24.8388403795903,4
"6378",165,3.28694620460737,3,-1.03578384935476,4
"6379",165,3.28694620460737,4,10.5534267874334,4
"6380",165,3.28694620460737,5,-7.80654335128011,4
"6381",165,3.60830030567013,1,19.5799485374679,4
"6382",165,3.60830030567013,2,-25.8835761779923,4
"6383",165,3.60830030567013,3,-6.3230558991283,4
"6384",165,3.60830030567013,4,10.0353316687942,4
"6385",165,3.60830030567013,5,-5.55152690120301,4
"6386",165,5.1679919899907,1,25.9263506355485,4
"6387",165,5.1679919899907,2,-20.1918269959922,4
"6388",165,5.1679919899907,3,2.77034343007,4
"6389",165,5.1679919899907,4,15.7749154148646,4
"6390",165,5.1679919899907,5,-4.29548369903634,4
"6391",165,5.95177248225082,1,21.7362414611405,4
"6392",165,5.95177248225082,2,-25.0623075488578,4
"6393",165,5.95177248225082,3,2.00391427500942,4
"6394",165,5.95177248225082,4,7.62126618383786,4
"6395",165,5.95177248225082,5,-9.21192603615744,4
"6396",165,6.98307411442511,1,21.8262623743823,4
"6397",165,6.98307411442511,2,-19.906570490852,4
"6398",165,6.98307411442511,3,-2.48038715768683,4
"6399",165,6.98307411442511,4,6.71457371474481,4
"6400",165,6.98307411442511,5,-7.06312059358753,4
"6401",165,8.46502648270689,1,24.1433212523244,4
"6402",165,8.46502648270689,2,-14.3328004808487,4
"6403",165,8.46502648270689,3,4.21007947289851,4
"6404",165,8.46502648270689,4,14.3715553842847,4
"6405",165,8.46502648270689,5,-6.82685975964673,4
"6406",165,8.75373258127365,1,17.7317322703529,4
"6407",165,8.75373258127365,2,-23.9010351034806,4
"6408",165,8.75373258127365,3,-2.96326040749047,4
"6409",165,8.75373258127365,4,3.01432785060744,4
"6410",165,8.75373258127365,5,-19.7445700962404,4
"6411",165,9.73196138697676,1,21.8485281716232,4
"6412",165,9.73196138697676,2,-26.5902126762284,4
"6413",165,9.73196138697676,3,-8.92659268271589,4
"6414",165,9.73196138697676,4,2.11279366917557,4
"6415",165,9.73196138697676,5,-20.5468929495177,4
"6416",166,0,1,18.108161089397,4
"6417",166,0,2,-24.4844336523575,4
"6418",166,0,3,1.62291484555258,4
"6419",166,0,4,13.8033524417993,4
"6420",166,0,5,-6.00300326078997,4
"6421",166,1.80778999417089,1,15.202471854886,4
"6422",166,1.80778999417089,2,-17.0700323835652,4
"6423",166,1.80778999417089,3,6.79135165061897,4
"6424",166,1.80778999417089,4,17.7076247960665,4
"6425",166,1.80778999417089,5,0.108523779634322,4
"6426",166,2.77614208729938,1,24.8480945254367,4
"6427",166,2.77614208729938,2,-13.336612324524,4
"6428",166,2.77614208729938,3,0.535883004778256,4
"6429",166,2.77614208729938,4,19.8237520258407,4
"6430",166,2.77614208729938,5,0.73854345940407,4
"6431",166,3.81432528363075,1,21.2827577746359,4
"6432",166,3.81432528363075,2,-24.3411767225852,4
"6433",166,3.81432528363075,3,-2.90907141756139,4
"6434",166,3.81432528363075,4,18.5780874671295,4
"6435",166,3.81432528363075,5,-10.1078964776241,4
"6436",166,6.2348831652198,1,17.4927658611207,4
"6437",166,6.2348831652198,2,-10.8613065925575,4
"6438",166,6.2348831652198,3,8.15491729449328,4
"6439",166,6.2348831652198,4,19.218515009635,4
"6440",166,6.2348831652198,5,-3.15401901963446,4
"6441",166,6.30098734144121,1,17.349213693266,4
"6442",166,6.30098734144121,2,-18.9201791803073,4
"6443",166,6.30098734144121,3,-1.33212776546374,4
"6444",166,6.30098734144121,4,13.4398000012781,4
"6445",166,6.30098734144121,5,-9.53220917262377,4
"6446",166,8.5761040635407,1,16.3031554359964,4
"6447",166,8.5761040635407,2,-18.2696416970001,4
"6448",166,8.5761040635407,3,-4.87081945740807,4
"6449",166,8.5761040635407,4,14.604416875343,4
"6450",166,8.5761040635407,5,-16.946887159067,4
"6451",166,9.6201370365452,1,19.7993837416706,4
"6452",166,9.6201370365452,2,-18.0658578221518,4
"6453",166,9.6201370365452,3,2.67382952269383,4
"6454",166,9.6201370365452,4,7.14988371868403,4
"6455",166,9.6201370365452,5,-12.2586013429884,4
"6456",166,10.9608211726882,1,9.58362177826845,4
"6457",166,10.9608211726882,2,-22.5649318810674,4
"6458",166,10.9608211726882,3,-6.3490395808091,4
"6459",166,10.9608211726882,4,-0.983797596080362,4
"6460",166,10.9608211726882,5,-18.3651435322545,4
"6461",167,0,1,20.060719833618,4
"6462",167,0,2,-18.46181166916,4
"6463",167,0,3,-3.88722173355859,4
"6464",167,0,4,14.2231102483351,4
"6465",167,0,5,4.39022561652373,4
"6466",167,2.34865157189779,1,18.693733214072,4
"6467",167,2.34865157189779,2,-17.0811282017397,4
"6468",167,2.34865157189779,3,-9.53942338110657,4
"6469",167,2.34865157189779,4,5.77466854674489,4
"6470",167,2.34865157189779,5,-5.98880963206132,4
"6471",167,2.50277536117937,1,24.6381102977126,4
"6472",167,2.50277536117937,2,-14.7064397232494,4
"6473",167,2.50277536117937,3,3.99486098816832,4
"6474",167,2.50277536117937,4,17.2680492675628,4
"6475",167,2.50277536117937,5,-3.05234069323072,4
"6476",167,2.96741671185009,1,20.9268427689173,4
"6477",167,2.96741671185009,2,-23.6396173351136,4
"6478",167,2.96741671185009,3,-6.36654635930365,4
"6479",167,2.96741671185009,4,4.56060844897491,4
"6480",167,2.96741671185009,5,-12.9121602195445,4
"6481",167,3.16213474655524,1,25.5439738654869,4
"6482",167,3.16213474655524,2,-19.8288237855639,4
"6483",167,3.16213474655524,3,-3.86950887409929,4
"6484",167,3.16213474655524,4,10.5625585592435,4
"6485",167,3.16213474655524,5,-5.90539107218257,4
"6486",167,5.0414309350308,1,19.5672125107906,4
"6487",167,5.0414309350308,2,-20.4851022041783,4
"6488",167,5.0414309350308,3,-2.09727106819708,4
"6489",167,5.0414309350308,4,13.0140144743481,4
"6490",167,5.0414309350308,5,-15.0972974630458,4
"6491",167,6.02177080931142,1,21.5849883475782,4
"6492",167,6.02177080931142,2,-8.44792005117169,4
"6493",167,6.02177080931142,3,2.22301493326009,4
"6494",167,6.02177080931142,4,11.9854450533731,4
"6495",167,6.02177080931142,5,-13.3596571241006,4
"6496",167,10.3952631208813,1,17.3438246951061,4
"6497",167,10.3952631208813,2,-16.2059888279495,4
"6498",167,10.3952631208813,3,-7.0033107256982,4
"6499",167,10.3952631208813,4,2.57084298694809,4
"6500",167,10.3952631208813,5,-18.0346450808986,4
"6501",168,0,1,18.0675754434622,4
"6502",168,0,2,-13.5483929573933,4
"6503",168,0,3,1.22790584371041,4
"6504",168,0,4,15.305767424674,4
"6505",168,0,5,-5.38436609283154,4
"6506",168,1.21620612149127,1,16.5562199098961,4
"6507",168,1.21620612149127,2,-23.1912686786595,4
"6508",168,1.21620612149127,3,0.126581008773544,4
"6509",168,1.21620612149127,4,18.437178398016,4
"6510",168,1.21620612149127,5,-3.93422007148241,4
"6511",168,5.49461224419065,1,18.5483755211927,4
"6512",168,5.49461224419065,2,-8.55683720773708,4
"6513",168,5.49461224419065,3,-1.4322415459993,4
"6514",168,5.49461224419065,4,16.7633126826619,4
"6515",168,5.49461224419065,5,-14.3015568452299,4
"6516",168,6.92018492822535,1,15.5684231353025,4
"6517",168,6.92018492822535,2,-14.1749490691159,4
"6518",168,6.92018492822535,3,-3.26213123838871,4
"6519",168,6.92018492822535,4,22.5629652058354,4
"6520",168,6.92018492822535,5,-13.8768571566605,4
"6521",168,9.45097706676461,1,18.6943107284769,4
"6522",168,9.45097706676461,2,4.65742435452403,4
"6523",168,9.45097706676461,3,6.64422915622487,4
"6524",168,9.45097706676461,4,18.4523895697434,4
"6525",168,9.45097706676461,5,-6.66352649696446,4
"6526",168,9.73230040387716,1,21.124769467531,4
"6527",168,9.73230040387716,2,-4.24896907202934,4
"6528",168,9.73230040387716,3,8.03444701483014,4
"6529",168,9.73230040387716,4,18.3725870432948,4
"6530",168,9.73230040387716,5,-10.8947736541883,4
"6531",168,10.0679749784758,1,29.1511854432094,4
"6532",168,10.0679749784758,2,11.3550788130265,4
"6533",168,10.0679749784758,3,17.5745761741194,4
"6534",168,10.0679749784758,4,26.8855196179139,4
"6535",168,10.0679749784758,5,-0.307767362240026,4
"6536",169,0,1,20.8531660564301,4
"6537",169,0,2,-24.1844797988653,4
"6538",169,0,3,-6.70396676231901,4
"6539",169,0,4,7.66483283807022,4
"6540",169,0,5,-2.98718689922412,4
"6541",169,1.04787024541292,1,20.6276988150081,4
"6542",169,1.04787024541292,2,-20.4563315135621,4
"6543",169,1.04787024541292,3,-1.63772228212326,4
"6544",169,1.04787024541292,4,16.3802243421569,4
"6545",169,1.04787024541292,5,2.04495956591918,4
"6546",169,2.74062920338474,1,17.7170350500112,4
"6547",169,2.74062920338474,2,-20.6098107676594,4
"6548",169,2.74062920338474,3,-1.00950103169769,4
"6549",169,2.74062920338474,4,16.4861842959536,4
"6550",169,2.74062920338474,5,-4.60257570107651,4
"6551",169,9.4065730329603,1,20.579123661552,4
"6552",169,9.4065730329603,2,-15.5567908776841,4
"6553",169,9.4065730329603,3,-10.2448380620038,4
"6554",169,9.4065730329603,4,8.73618619775798,4
"6555",169,9.4065730329603,5,-14.0848506979403,4
"6556",170,0,1,23.8775381335595,4
"6557",170,0,2,-20.1612431427486,4
"6558",170,0,3,-9.03508509925226,4
"6559",170,0,4,1.26330814657616,4
"6560",170,0,5,-0.214732323649717,4
"6561",170,0.951111690839753,1,18.8995253953697,4
"6562",170,0.951111690839753,2,-25.0683185052096,4
"6563",170,0.951111690839753,3,-3.93654484006461,4
"6564",170,0.951111690839753,4,13.4060399841826,4
"6565",170,0.951111690839753,5,-0.419240283925016,4
"6566",170,2.90740578214172,1,18.9761335072575,4
"6567",170,2.90740578214172,2,-19.6691327139162,4
"6568",170,2.90740578214172,3,1.33329565257658,4
"6569",170,2.90740578214172,4,11.6911902506705,4
"6570",170,2.90740578214172,5,0.0388019501961447,4
"6571",170,3.73768054042011,1,22.1702308737665,4
"6572",170,3.73768054042011,2,-13.0634893371134,4
"6573",170,3.73768054042011,3,-5.45967029781396,4
"6574",170,3.73768054042011,4,10.3664028051386,4
"6575",170,3.73768054042011,5,-3.91035284799966,4
"6576",170,5.35579059179872,1,23.3250018140599,4
"6577",170,5.35579059179872,2,-6.42499043200171,4
"6578",170,5.35579059179872,3,1.61011088403339,4
"6579",170,5.35579059179872,4,18.7038221691062,4
"6580",170,5.35579059179872,5,-9.47612658337295,4
"6581",170,6.02415253792424,1,23.3117297892523,4
"6582",170,6.02415253792424,2,-15.0864300377495,4
"6583",170,6.02415253792424,3,-0.669964743810771,4
"6584",170,6.02415253792424,4,16.5168559658286,4
"6585",170,6.02415253792424,5,-4.32634839777166,4
"6586",170,7.64869783772156,1,25.5858060381894,4
"6587",170,7.64869783772156,2,-14.2629289127273,4
"6588",170,7.64869783772156,3,-0.0367905902824681,4
"6589",170,7.64869783772156,4,7.59266782979405,4
"6590",170,7.64869783772156,5,-7.99230594738799,4
"6591",170,7.78884705225937,1,12.186713674321,4
"6592",170,7.78884705225937,2,-19.8733955914089,4
"6593",170,7.78884705225937,3,-5.24122749852364,4
"6594",170,7.78884705225937,4,2.67595927660051,4
"6595",170,7.78884705225937,5,-13.9051305129969,4
"6596",170,7.8466410911642,1,27.2571712367394,4
"6597",170,7.8466410911642,2,-18.7763736034558,4
"6598",170,7.8466410911642,3,-1.92039140090412,4
"6599",170,7.8466410911642,4,12.7901179460621,4
"6600",170,7.8466410911642,5,-8.79700327939065,4
"6601",170,9.76862245891243,1,20.0524470992325,4
"6602",170,9.76862245891243,2,-12.7150113399881,4
"6603",170,9.76862245891243,3,-4.32601513622613,4
"6604",170,9.76862245891243,4,6.45591992664361,4
"6605",170,9.76862245891243,5,-13.9275512400741,4
"6606",170,10.1276956585934,1,30.7616077820645,4
"6607",170,10.1276956585934,2,-10.6168936233063,4
"6608",170,10.1276956585934,3,4.6692551820602,4
"6609",170,10.1276956585934,4,11.8338982930416,4
"6610",170,10.1276956585934,5,-11.1965496540234,4
"6611",170,10.1682714365888,1,18.8483421832563,4
"6612",170,10.1682714365888,2,-12.654266911431,4
"6613",170,10.1682714365888,3,-8.34162708159048,4
"6614",170,10.1682714365888,4,8.78432320518078,4
"6615",170,10.1682714365888,5,-7.40910593359902,4
"6616",171,0,1,11.9240153544704,4
"6617",171,0,2,-25.300988956168,4
"6618",171,0,3,1.43172069447015,4
"6619",171,0,4,11.0168534906573,4
"6620",171,0,5,-4.31706170590227,4
"6621",171,1.37139169988222,1,10.9120961828312,4
"6622",171,1.37139169988222,2,-25.5304329608404,4
"6623",171,1.37139169988222,3,-1.16748676253589,4
"6624",171,1.37139169988222,4,16.4299697318164,4
"6625",171,1.37139169988222,5,-4.91597528792932,4
"6626",171,2.30918923020363,1,19.0847863540967,4
"6627",171,2.30918923020363,2,-19.8130162477685,4
"6628",171,2.30918923020363,3,1.91529255662225,4
"6629",171,2.30918923020363,4,13.3173733869948,4
"6630",171,2.30918923020363,5,-3.86121023178293,4
"6631",171,6.7835073285969,1,17.3871796838495,4
"6632",171,6.7835073285969,2,-10.569187778875,4
"6633",171,6.7835073285969,3,9.26228349078339,4
"6634",171,6.7835073285969,4,18.859749006477,4
"6635",171,6.7835073285969,5,-13.8435730756672,4
"6636",171,10.1013702444034,1,15.647447443333,4
"6637",171,10.1013702444034,2,-12.1474088280665,4
"6638",171,10.1013702444034,3,11.9707497496198,4
"6639",171,10.1013702444034,4,16.0202000131155,4
"6640",171,10.1013702444034,5,-10.8447068003074,4
"6641",171,10.9762040196219,1,15.0701456717269,4
"6642",171,10.9762040196219,2,-6.82447217700015,4
"6643",171,10.9762040196219,3,2.92091476342918,4
"6644",171,10.9762040196219,4,9.04333786050836,4
"6645",171,10.9762040196219,5,-9.64628148483913,4
"6646",172,0,1,20.5190726463883,4
"6647",172,0,2,-25.4376372760873,4
"6648",172,0,3,-4.03558562721644,4
"6649",172,0,4,10.1192869984779,4
"6650",172,0,5,-3.2177718710083,4
"6651",172,0.668542406172492,1,15.0646421432885,4
"6652",172,0.668542406172492,2,-18.0014421591194,4
"6653",172,0.668542406172492,3,-2.53054073476331,4
"6654",172,0.668542406172492,4,12.7402991875691,4
"6655",172,0.668542406172492,5,-0.869620376054535,4
"6656",172,3.26776137039997,1,21.1307195928635,4
"6657",172,3.26776137039997,2,-13.3768429959448,4
"6658",172,3.26776137039997,3,6.57042173496488,4
"6659",172,3.26776137039997,4,20.027961021705,4
"6660",172,3.26776137039997,5,2.71855001825354,4
"6661",172,3.39291313127615,1,18.6255698573133,4
"6662",172,3.39291313127615,2,-13.6214797999346,4
"6663",172,3.39291313127615,3,2.9585179158329,4
"6664",172,3.39291313127615,4,13.7597669393201,4
"6665",172,3.39291313127615,5,-6.91957423202605,4
"6666",172,4.45824344700668,1,6.57335875511583,4
"6667",172,4.45824344700668,2,-25.3068807144819,4
"6668",172,4.45824344700668,3,-4.95905281405858,4
"6669",172,4.45824344700668,4,13.9448002456559,4
"6670",172,4.45824344700668,5,-7.92468628142795,4
"6671",172,4.53760842478368,1,11.7997039666712,4
"6672",172,4.53760842478368,2,-19.2155971551896,4
"6673",172,4.53760842478368,3,1.67000336302537,4
"6674",172,4.53760842478368,4,18.0442835607376,4
"6675",172,4.53760842478368,5,-3.18334080231062,4
"6676",172,4.88382029288914,1,16.1860917160071,4
"6677",172,4.88382029288914,2,-12.9699035643771,4
"6678",172,4.88382029288914,3,6.46564046645983,4
"6679",172,4.88382029288914,4,19.3674860935878,4
"6680",172,4.88382029288914,5,-3.98424238936516,4
"6681",172,5.16499040217604,1,15.9660420931982,4
"6682",172,5.16499040217604,2,-19.3784549205392,4
"6683",172,5.16499040217604,3,-2.79960996665772,4
"6684",172,5.16499040217604,4,14.0518294446415,4
"6685",172,5.16499040217604,5,-9.31131898825833,4
"6686",172,6.28847613069229,1,18.0084331832003,4
"6687",172,6.28847613069229,2,-14.1672478460654,4
"6688",172,6.28847613069229,3,0.170913705361405,4
"6689",172,6.28847613069229,4,23.4516268494459,4
"6690",172,6.28847613069229,5,-7.24629905411697,4
"6691",172,8.73354259482585,1,15.1426470766295,4
"6692",172,8.73354259482585,2,-17.3545317005717,4
"6693",172,8.73354259482585,3,-1.2952373585245,4
"6694",172,8.73354259482585,4,14.0499714026333,4
"6695",172,8.73354259482585,5,-8.8889539234586,4
"6696",172,8.88404258037917,1,18.9500562009417,4
"6697",172,8.88404258037917,2,-17.563639036872,4
"6698",172,8.88404258037917,3,1.52422217269071,4
"6699",172,8.88404258037917,4,8.9325744161805,4
"6700",172,8.88404258037917,5,-11.5956482512344,4
"6701",173,0,1,16.6840303090231,4
"6702",173,0,2,-29.1158708864842,4
"6703",173,0,3,-3.77094097700871,4
"6704",173,0,4,1.36630973027521,4
"6705",173,0,5,-4.410041919698,4
"6706",173,1.17137637361884,1,14.5003008279186,4
"6707",173,1.17137637361884,2,-24.9221835524497,4
"6708",173,1.17137637361884,3,-11.705184516312,4
"6709",173,1.17137637361884,4,7.20132830700184,4
"6710",173,1.17137637361884,5,-2.04840644480249,4
"6711",173,3.09259650146123,1,12.9532298068276,4
"6712",173,3.09259650146123,2,-20.0868343454094,4
"6713",173,3.09259650146123,3,-8.33903504560403,4
"6714",173,3.09259650146123,4,10.8921066381841,4
"6715",173,3.09259650146123,5,-8.71974598116691,4
"6716",173,3.67797516181599,1,21.9963670854007,4
"6717",173,3.67797516181599,2,-21.8562988832781,4
"6718",173,3.67797516181599,3,5.30055912120537,4
"6719",173,3.67797516181599,4,17.8336582861272,4
"6720",173,3.67797516181599,5,-2.10686457686913,4
"6721",173,7.56296192971058,1,12.4597232395256,4
"6722",173,7.56296192971058,2,-14.4803015341921,4
"6723",173,7.56296192971058,3,1.51521093436377,4
"6724",173,7.56296192971058,4,15.882512849136,4
"6725",173,7.56296192971058,5,-11.4610304544244,4
"6726",173,10.8541651620762,1,8.87397836367199,4
"6727",173,10.8541651620762,2,-13.2841308514,4
"6728",173,10.8541651620762,3,-1.59094043502993,4
"6729",173,10.8541651620762,4,2.9725534861225,4
"6730",173,10.8541651620762,5,-11.6015800976639,4
"6731",174,0,1,22.1741794096998,4
"6732",174,0,2,-20.8751265796144,4
"6733",174,0,3,-5.63912736780333,4
"6734",174,0,4,4.55936636279673,4
"6735",174,0,5,-0.546015035718132,4
"6736",174,1.83452649321407,1,21.2112134671577,4
"6737",174,1.83452649321407,2,-24.717681167911,4
"6738",174,1.83452649321407,3,-3.98586361979561,4
"6739",174,1.83452649321407,4,5.61016620432727,4
"6740",174,1.83452649321407,5,-11.5834889637919,4
"6741",174,6.3200588823529,1,16.2197079944206,4
"6742",174,6.3200588823529,2,-21.5660933420951,4
"6743",174,6.3200588823529,3,-7.4640407944118,4
"6744",174,6.3200588823529,4,3.32790175735571,4
"6745",174,6.3200588823529,5,-18.0892596069389,4
"6746",174,10.6539089427097,1,25.5177046216022,4
"6747",174,10.6539089427097,2,-4.36880867756467,4
"6748",174,10.6539089427097,3,-3.93298192752394,4
"6749",174,10.6539089427097,4,5.43370793413928,4
"6750",174,10.6539089427097,5,-10.5209227778592,4
"6751",175,0,1,19.4832192013658,4
"6752",175,0,2,-13.7428780114449,4
"6753",175,0,3,-0.783194104348804,4
"6754",175,0,4,5.04380343351699,4
"6755",175,0,5,-0.627283947846976,4
"6756",175,2.80279196985066,1,25.2468093923924,4
"6757",175,2.80279196985066,2,-13.2635444480213,4
"6758",175,2.80279196985066,3,-3.64424394143724,4
"6759",175,2.80279196985066,4,13.1497254741042,4
"6760",175,2.80279196985066,5,-9.540152522027,4
"6761",175,2.92356886202469,1,16.2854970585095,4
"6762",175,2.92356886202469,2,-16.6121531756214,4
"6763",175,2.92356886202469,3,-1.92909708284176,4
"6764",175,2.92356886202469,4,9.62232088849534,4
"6765",175,2.92356886202469,5,-12.066932355327,4
"6766",175,9.5033908598125,1,23.9534136955115,4
"6767",175,9.5033908598125,2,-8.30383399376109,4
"6768",175,9.5033908598125,3,2.17787441072079,4
"6769",175,9.5033908598125,4,5.00283576784379,4
"6770",175,9.5033908598125,5,-8.48276259360474,4
"6771",176,0,1,21.4656851059996,4
"6772",176,0,2,-16.2762276471886,4
"6773",176,0,3,2.89505820017399,4
"6774",176,0,4,5.14699386138491,4
"6775",176,0,5,-0.690850542706698,4
"6776",176,4.18985098158009,1,24.9820449098627,4
"6777",176,4.18985098158009,2,-16.7527993976848,4
"6778",176,4.18985098158009,3,-1.50591291324882,4
"6779",176,4.18985098158009,4,11.4914056276798,4
"6780",176,4.18985098158009,5,-7.44321756252185,4
"6781",176,9.7067809557775,1,17.2797776893128,4
"6782",176,9.7067809557775,2,-12.9658626642131,4
"6783",176,9.7067809557775,3,2.45112484522129,4
"6784",176,9.7067809557775,4,7.37421651488857,4
"6785",176,9.7067809557775,5,-22.9625200288155,4
"6786",176,9.89943884790409,1,19.9018522530715,4
"6787",176,9.89943884790409,2,-10.8192465012276,4
"6788",176,9.89943884790409,3,-0.999616800332031,4
"6789",176,9.89943884790409,4,5.70904136698848,4
"6790",176,9.89943884790409,5,-15.0956532587627,4
"6791",176,10.7039623226738,1,16.2165423691447,4
"6792",176,10.7039623226738,2,-9.4401955509684,4
"6793",176,10.7039623226738,3,-9.45212100345227,4
"6794",176,10.7039623226738,4,1.91001195623902,4
"6795",176,10.7039623226738,5,-19.8326754830329,4
"6796",177,0,1,15.760254455748,4
"6797",177,0,2,-24.77906656566,4
"6798",177,0,3,-3.5169941880023,4
"6799",177,0,4,1.50910973812737,4
"6800",177,0,5,-5.04686839598722,4
"6801",177,0.822621134342626,1,13.2969467924913,4
"6802",177,0.822621134342626,2,-21.9866738779884,4
"6803",177,0.822621134342626,3,0.133357298703115,4
"6804",177,0.822621134342626,4,14.6559487555957,4
"6805",177,0.822621134342626,5,-3.92020825116019,4
"6806",177,1.62738083035219,1,21.4785126968296,4
"6807",177,1.62738083035219,2,-17.1477518921754,4
"6808",177,1.62738083035219,3,-8.41736045864268,4
"6809",177,1.62738083035219,4,4.97683654584198,4
"6810",177,1.62738083035219,5,-2.73660459557456,4
"6811",177,2.62885177694261,1,12.1511786722688,4
"6812",177,2.62885177694261,2,-24.0656825815059,4
"6813",177,2.62885177694261,3,-7.76699710174687,4
"6814",177,2.62885177694261,4,10.2570280310398,4
"6815",177,2.62885177694261,5,-11.5277835909083,4
"6816",177,8.27955208276398,1,17.8756259547495,4
"6817",177,8.27955208276398,2,-11.134706434104,4
"6818",177,8.27955208276398,3,2.44352888055148,4
"6819",177,8.27955208276398,4,17.5394640514759,4
"6820",177,8.27955208276398,5,-4.40714995515264,4
"6821",177,10.0287276451709,1,12.3898492332428,4
"6822",177,10.0287276451709,2,-15.986243101911,4
"6823",177,10.0287276451709,3,-10.3113307160141,4
"6824",177,10.0287276451709,4,7.59903127560707,4
"6825",177,10.0287276451709,5,-13.7327771414151,4
"6826",177,10.9183770894306,1,18.4760520256472,4
"6827",177,10.9183770894306,2,-5.24022443561356,4
"6828",177,10.9183770894306,3,4.04422405894053,4
"6829",177,10.9183770894306,4,2.06318988620819,4
"6830",177,10.9183770894306,5,-7.68748188877978,4
"6831",178,0,1,23.9011339794685,4
"6832",178,0,2,-25.6309890179946,4
"6833",178,0,3,-1.20872136845149,4
"6834",178,0,4,7.2059522830434,4
"6835",178,0,5,0.446944820683458,4
"6836",178,1.6891926570097,1,21.2994275115122,4
"6837",178,1.6891926570097,2,-24.8175011155573,4
"6838",178,1.6891926570097,3,0.0234722581178257,4
"6839",178,1.6891926570097,4,6.16234004497731,4
"6840",178,1.6891926570097,5,6.31472097960228,4
"6841",178,1.83642849163152,1,24.4856487835664,4
"6842",178,1.83642849163152,2,-12.7643811811911,4
"6843",178,1.83642849163152,3,-1.6845114918575,4
"6844",178,1.83642849163152,4,7.06707536431665,4
"6845",178,1.83642849163152,5,1.3124609430367,4
"6846",178,3.20078545773868,1,17.9503442675984,4
"6847",178,3.20078545773868,2,-20.146476194184,4
"6848",178,3.20078545773868,3,-2.9773194296125,4
"6849",178,3.20078545773868,4,1.92811151058537,4
"6850",178,3.20078545773868,5,-4.13703682802683,4
"6851",178,3.41967653448228,1,19.6766977843627,4
"6852",178,3.41967653448228,2,-16.9536322551452,4
"6853",178,3.41967653448228,3,4.03746402945141,4
"6854",178,3.41967653448228,4,11.9723517913059,4
"6855",178,3.41967653448228,5,1.00280907142216,4
"6856",178,4.0131662535714,1,20.2866526930806,4
"6857",178,4.0131662535714,2,-20.7703973346943,4
"6858",178,4.0131662535714,3,3.23897717249104,4
"6859",178,4.0131662535714,4,11.2162575318209,4
"6860",178,4.0131662535714,5,1.65118433376642,4
"6861",178,6.04309034033213,1,21.9667937807048,4
"6862",178,6.04309034033213,2,-15.5281750140152,4
"6863",178,6.04309034033213,3,2.06275726311194,4
"6864",178,6.04309034033213,4,8.29674495654016,4
"6865",178,6.04309034033213,5,-3.62254476884302,4
"6866",178,8.4822472470114,1,17.9261266492719,4
"6867",178,8.4822472470114,2,-11.9581288551852,4
"6868",178,8.4822472470114,3,-1.463428824634,4
"6869",178,8.4822472470114,4,1.29360789231113,4
"6870",178,8.4822472470114,5,-4.82931066009346,4
"6871",178,9.54731353034731,1,16.739250896496,4
"6872",178,9.54731353034731,2,-14.8973122656488,4
"6873",178,9.54731353034731,3,-7.68683190343896,4
"6874",178,9.54731353034731,4,3.87714590101267,4
"6875",178,9.54731353034731,5,-18.3373776792319,4
"6876",178,9.68702726904303,1,14.3103931311693,4
"6877",178,9.68702726904303,2,-23.5086731412451,4
"6878",178,9.68702726904303,3,-1.0217840632863,4
"6879",178,9.68702726904303,4,-0.564907205795718,4
"6880",178,9.68702726904303,5,-8.85955461082695,4
"6881",179,0,1,15.2983612953921,4
"6882",179,0,2,-25.7669603876152,4
"6883",179,0,3,-7.54428661908709,4
"6884",179,0,4,9.91008839315435,4
"6885",179,0,5,0.0381983329867424,4
"6886",179,1.93870615225751,1,10.7345167991295,4
"6887",179,1.93870615225751,2,-22.1837727538176,4
"6888",179,1.93870615225751,3,-7.75022016749668,4
"6889",179,1.93870615225751,4,13.5117006978039,4
"6890",179,1.93870615225751,5,-3.81962155350192,4
"6891",179,2.56082492240239,1,17.3997938503723,4
"6892",179,2.56082492240239,2,-26.8089076499147,4
"6893",179,2.56082492240239,3,-5.92306543167135,4
"6894",179,2.56082492240239,4,12.096958437481,4
"6895",179,2.56082492240239,5,-4.98072236988252,4
"6896",179,4.01748076698277,1,17.2859970678119,4
"6897",179,4.01748076698277,2,-20.4063208100183,4
"6898",179,4.01748076698277,3,-3.24204941308557,4
"6899",179,4.01748076698277,4,10.9466814933024,4
"6900",179,4.01748076698277,5,-10.5967113978857,4
"6901",179,8.35808565467596,1,14.5240793240937,4
"6902",179,8.35808565467596,2,-10.1411663424972,4
"6903",179,8.35808565467596,3,4.372452325345,4
"6904",179,8.35808565467596,4,16.7776190386958,4
"6905",179,8.35808565467596,5,-8.67163474744807,4
"6906",179,8.61364769225474,1,14.5841542045234,4
"6907",179,8.61364769225474,2,-17.9592905211869,4
"6908",179,8.61364769225474,3,-2.6619866223842,4
"6909",179,8.61364769225474,4,12.4177381249813,4
"6910",179,8.61364769225474,5,-13.2365820491217,4
"6911",179,8.72773678402882,1,19.5764051728424,4
"6912",179,8.72773678402882,2,-20.7294051618848,4
"6913",179,8.72773678402882,3,-4.77270855187383,4
"6914",179,8.72773678402882,4,16.6272957761766,4
"6915",179,8.72773678402882,5,-6.0250803757519,4
"6916",179,8.8105201208964,1,12.4792181409815,4
"6917",179,8.8105201208964,2,-15.5955974066633,4
"6918",179,8.8105201208964,3,0.10749461290785,4
"6919",179,8.8105201208964,4,11.99089018535,4
"6920",179,8.8105201208964,5,-8.12092740590781,4
"6921",179,9.04442431707866,1,12.4943410128966,4
"6922",179,9.04442431707866,2,-18.2449137874772,4
"6923",179,9.04442431707866,3,-8.13927654488958,4
"6924",179,9.04442431707866,4,14.5526523703839,4
"6925",179,9.04442431707866,5,-8.73796610355391,4
"6926",179,9.31341794447508,1,19.4171197526208,4
"6927",179,9.31341794447508,2,-16.706242360202,4
"6928",179,9.31341794447508,3,-0.774372533764668,4
"6929",179,9.31341794447508,4,15.033768188961,4
"6930",179,9.31341794447508,5,-10.9878684833124,4
"6931",179,10.867468839162,1,4.64898548963311,4
"6932",179,10.867468839162,2,-24.4051963808312,4
"6933",179,10.867468839162,3,-10.2014319229941,4
"6934",179,10.867468839162,4,-3.52413069374059,4
"6935",179,10.867468839162,5,-21.9440960753365,4
"6936",180,0,1,25.5870581695992,4
"6937",180,0,2,-20.2172760933637,4
"6938",180,0,3,3.87130951905452,4
"6939",180,0,4,9.12790967505594,4
"6940",180,0,5,0.846109578316957,4
"6941",180,2.64516704319976,1,31.3008148479614,4
"6942",180,2.64516704319976,2,-16.4283673548192,4
"6943",180,2.64516704319976,3,7.15210241739587,4
"6944",180,2.64516704319976,4,15.1804116911475,4
"6945",180,2.64516704319976,5,3.24040165050576,4
"6946",180,4.28306123276707,1,22.4481997107689,4
"6947",180,4.28306123276707,2,-18.1344063805555,4
"6948",180,4.28306123276707,3,7.77061700802511,4
"6949",180,4.28306123276707,4,23.1326471228503,4
"6950",180,4.28306123276707,5,-11.8585265040544,4
"6951",180,4.88829856843222,1,28.2500823101779,4
"6952",180,4.88829856843222,2,-18.0644943098162,4
"6953",180,4.88829856843222,3,1.8551974553963,4
"6954",180,4.88829856843222,4,17.2631954467838,4
"6955",180,4.88829856843222,5,-0.638440702828499,4
"6956",180,5.2557314086007,1,21.505259064523,4
"6957",180,5.2557314086007,2,-18.7114566903309,4
"6958",180,5.2557314086007,3,1.47866557480851,4
"6959",180,5.2557314086007,4,13.6020042418128,4
"6960",180,5.2557314086007,5,-7.47550137740765,4
"6961",180,5.46270390448626,1,20.3743655169151,4
"6962",180,5.46270390448626,2,-17.6004306541973,4
"6963",180,5.46270390448626,3,7.55152886318116,4
"6964",180,5.46270390448626,4,21.7725837644643,4
"6965",180,5.46270390448626,5,-0.514340435253994,4
"6966",180,7.96934847254306,1,27.2938459376288,4
"6967",180,7.96934847254306,2,-10.0489344860157,4
"6968",180,7.96934847254306,3,5.94193256221399,4
"6969",180,7.96934847254306,4,25.5794049659436,4
"6970",180,7.96934847254306,5,-2.6242792213205,4
"6971",180,9.38099226879422,1,23.7742676852125,4
"6972",180,9.38099226879422,2,-7.4711987547379,4
"6973",180,9.38099226879422,3,9.7860750781411,4
"6974",180,9.38099226879422,4,18.0666108752997,4
"6975",180,9.38099226879422,5,0.553470780412237,4
"6976",181,0,1,24.2142114904218,4
"6977",181,0,2,-17.4101188303379,4
"6978",181,0,3,6.4320134033277,4
"6979",181,0,4,13.0795137463495,4
"6980",181,0,5,1.66333910917932,4
"6981",181,2.7574970012065,1,21.5957171964286,4
"6982",181,2.7574970012065,2,-9.14498539389649,4
"6983",181,2.7574970012065,3,5.60598781459806,4
"6984",181,2.7574970012065,4,21.1817736238352,4
"6985",181,2.7574970012065,5,-1.0995381926061,4
"6986",181,2.79117627290543,1,16.9978394843115,4
"6987",181,2.79117627290543,2,-11.4064417680821,4
"6988",181,2.79117627290543,3,1.6004624260121,4
"6989",181,2.79117627290543,4,17.4532975803136,4
"6990",181,2.79117627290543,5,-7.68077328633646,4
"6991",181,3.69779389281757,1,22.9185565512106,4
"6992",181,3.69779389281757,2,-10.1330314128698,4
"6993",181,3.69779389281757,3,5.45782287688207,4
"6994",181,3.69779389281757,4,22.1398660585055,4
"6995",181,3.69779389281757,5,-3.8252212395946,4
"6996",181,5.31231706310064,1,9.86789586381433,4
"6997",181,5.31231706310064,2,-12.4264255539123,4
"6998",181,5.31231706310064,3,0.990031431546813,4
"6999",181,5.31231706310064,4,12.360713676925,4
"7000",181,5.31231706310064,5,-10.061251131915,4
"7001",181,8.18678816198371,1,19.0810324089838,4
"7002",181,8.18678816198371,2,-8.19035082111691,4
"7003",181,8.18678816198371,3,-2.06282599491328,4
"7004",181,8.18678816198371,4,10.1198129480354,4
"7005",181,8.18678816198371,5,-12.0412312459746,4
"7006",181,8.71184298046865,1,2.87413778950307,4
"7007",181,8.71184298046865,2,-19.9187814840017,4
"7008",181,8.71184298046865,3,-1.88787686302595,4
"7009",181,8.71184298046865,4,6.28396245273773,4
"7010",181,8.71184298046865,5,-17.8445348179202,4
"7011",181,8.90506123704836,1,26.7202390009295,4
"7012",181,8.90506123704836,2,0.147948549165779,4
"7013",181,8.90506123704836,3,15.7906810639505,4
"7014",181,8.90506123704836,4,20.1829286048559,4
"7015",181,8.90506123704836,5,-10.0134419230038,4
"7016",181,9.64382111711893,1,14.8922288196111,4
"7017",181,9.64382111711893,2,-9.28487782874217,4
"7018",181,9.64382111711893,3,3.52524146246649,4
"7019",181,9.64382111711893,4,11.9688215827285,4
"7020",181,9.64382111711893,5,-10.4832054477353,4
"7021",181,9.68341821676586,1,15.7633174435327,4
"7022",181,9.68341821676586,2,-12.9324606581376,4
"7023",181,9.68341821676586,3,4.75205793523444,4
"7024",181,9.68341821676586,4,10.5663515974271,4
"7025",181,9.68341821676586,5,-12.5382826919083,4
"7026",181,10.3352907346562,1,16.4406006637983,4
"7027",181,10.3352907346562,2,-4.98106874979369,4
"7028",181,10.3352907346562,3,-0.451661357785852,4
"7029",181,10.3352907346562,4,11.2143254175155,4
"7030",181,10.3352907346562,5,-9.51317456931667,4
"7031",181,10.3885729222093,1,19.3276989427339,4
"7032",181,10.3885729222093,2,-8.73691802098181,4
"7033",181,10.3885729222093,3,1.93967612350116,4
"7034",181,10.3885729222093,4,11.6926053382581,4
"7035",181,10.3885729222093,5,-18.8713870013296,4
"7036",182,0,1,14.0568928756474,4
"7037",182,0,2,-26.4031001733312,4
"7038",182,0,3,-1.49837803584653,4
"7039",182,0,4,12.9425755915539,4
"7040",182,0,5,0.454797514278381,4
"7041",182,0.832429120899178,1,23.2704670296728,4
"7042",182,0.832429120899178,2,-29.7622119291948,4
"7043",182,0.832429120899178,3,-1.5475494074845,4
"7044",182,0.832429120899178,4,10.9301856840397,4
"7045",182,0.832429120899178,5,1.30580385412759,4
"7046",182,0.865118194720708,1,19.4720854513488,4
"7047",182,0.865118194720708,2,-27.169054694103,4
"7048",182,0.865118194720708,3,1.09445310083997,4
"7049",182,0.865118194720708,4,16.0468701399982,4
"7050",182,0.865118194720708,5,4.06940138044054,4
"7051",182,1.39563548238948,1,19.3831666738679,4
"7052",182,1.39563548238948,2,-22.8773870257536,4
"7053",182,1.39563548238948,3,1.8450686350026,4
"7054",182,1.39563548238948,4,14.9279290330385,4
"7055",182,1.39563548238948,5,-1.88486173723355,4
"7056",182,3.36277011292987,1,24.3627814667699,4
"7057",182,3.36277011292987,2,-19.4670048537838,4
"7058",182,3.36277011292987,3,2.00083184057787,4
"7059",182,3.36277011292987,4,20.1203305647583,4
"7060",182,3.36277011292987,5,-3.22265458281135,4
"7061",182,3.76572906540241,1,18.3517566900667,4
"7062",182,3.76572906540241,2,-19.7809733141544,4
"7063",182,3.76572906540241,3,1.65324532526838,4
"7064",182,3.76572906540241,4,21.0744213786249,4
"7065",182,3.76572906540241,5,-0.943115176172223,4
"7066",182,6.48610990680754,1,14.9333269756194,4
"7067",182,6.48610990680754,2,-21.7235552613324,4
"7068",182,6.48610990680754,3,-7.91318368182093,4
"7069",182,6.48610990680754,4,17.1693551189104,4
"7070",182,6.48610990680754,5,-7.75028109145209,4
"7071",182,7.57491838175338,1,12.8096518884541,4
"7072",182,7.57491838175338,2,-25.6080238738015,4
"7073",182,7.57491838175338,3,-2.75028581555953,4
"7074",182,7.57491838175338,4,10.9331633375037,4
"7075",182,7.57491838175338,5,-8.76131629746263,4
"7076",182,8.169250503066,1,22.8739755053801,4
"7077",182,8.169250503066,2,-6.44011510870174,4
"7078",182,8.169250503066,3,12.8950603858957,4
"7079",182,8.169250503066,4,22.5911914742072,4
"7080",182,8.169250503066,5,2.07065737055721,4
"7081",182,8.28433494130149,1,28.8254882890112,4
"7082",182,8.28433494130149,2,-18.0723711350842,4
"7083",182,8.28433494130149,3,9.41327412413718,4
"7084",182,8.28433494130149,4,24.8035163465268,4
"7085",182,8.28433494130149,5,-2.94922062203053,4
"7086",183,0,1,31.4207618335609,4
"7087",183,0,2,-14.5397027919565,4
"7088",183,0,3,2.21068839768887,4
"7089",183,0,4,14.7540178150709,4
"7090",183,0,5,3.62390005286655,4
"7091",183,2.23272939841263,1,26.848169391384,4
"7092",183,2.23272939841263,2,-18.9073666426343,4
"7093",183,2.23272939841263,3,2.87672247420472,4
"7094",183,2.23272939841263,4,13.5082768168178,4
"7095",183,2.23272939841263,5,-6.8592818665103,4
"7096",183,2.84451917023398,1,22.7281090899087,4
"7097",183,2.84451917023398,2,-11.226543000475,4
"7098",183,2.84451917023398,3,3.0867870144175,4
"7099",183,2.84451917023398,4,13.8756334301085,4
"7100",183,2.84451917023398,5,-6.84722244592255,4
"7101",183,4.69651144219097,1,21.2062648763703,4
"7102",183,4.69651144219097,2,-19.7215263269371,4
"7103",183,4.69651144219097,3,3.97796785798362,4
"7104",183,4.69651144219097,4,14.9121302075707,4
"7105",183,4.69651144219097,5,-16.0364034796614,4
"7106",183,5.27111362235155,1,21.0476344901331,4
"7107",183,5.27111362235155,2,-17.9068951635155,4
"7108",183,5.27111362235155,3,1.35086455484526,4
"7109",183,5.27111362235155,4,10.2225863491265,4
"7110",183,5.27111362235155,5,-12.3739785333793,4
"7111",183,7.31850492826197,1,29.262663614455,4
"7112",183,7.31850492826197,2,-4.33902158940106,4
"7113",183,7.31850492826197,3,4.44429534293717,4
"7114",183,7.31850492826197,4,11.8290070258038,4
"7115",183,7.31850492826197,5,-10.7500991590245,4
"7116",184,0,1,13.1718381767616,4
"7117",184,0,2,-26.400882118509,4
"7118",184,0,3,-2.18517700161288,4
"7119",184,0,4,6.98497081964956,4
"7120",184,0,5,-4.04582017491507,4
"7121",184,1.94627455854788,1,27.2606758648336,4
"7122",184,1.94627455854788,2,-16.9104025121957,4
"7123",184,1.94627455854788,3,4.58132003600351,4
"7124",184,1.94627455854788,4,11.6651051981961,4
"7125",184,1.94627455854788,5,2.38729040347583,4
"7126",184,2.03406821086537,1,21.1579341659497,4
"7127",184,2.03406821086537,2,-25.0524014476398,4
"7128",184,2.03406821086537,3,2.13638717928935,4
"7129",184,2.03406821086537,4,11.3600537981565,4
"7130",184,2.03406821086537,5,-1.01931173159317,4
"7131",184,2.30856465024408,1,17.4834002653384,4
"7132",184,2.30856465024408,2,-23.1653984074387,4
"7133",184,2.30856465024408,3,2.46542694037268,4
"7134",184,2.30856465024408,4,16.6342145086627,4
"7135",184,2.30856465024408,5,-8.59637190511235,4
"7136",184,2.6266331137158,1,22.4239084508154,4
"7137",184,2.6266331137158,2,-23.6307457465806,4
"7138",184,2.6266331137158,3,4.53042653801048,4
"7139",184,2.6266331137158,4,15.3679963712712,4
"7140",184,2.6266331137158,5,-5.177075660477,4
"7141",184,4.78000513452571,1,15.2909285643983,4
"7142",184,4.78000513452571,2,-18.8999428667426,4
"7143",184,4.78000513452571,3,-3.53355963792312,4
"7144",184,4.78000513452571,4,9.49008114707041,4
"7145",184,4.78000513452571,5,-13.3678366330597,4
"7146",184,5.96209519030526,1,26.2670892588404,4
"7147",184,5.96209519030526,2,-16.3822507396043,4
"7148",184,5.96209519030526,3,6.46485003584085,4
"7149",184,5.96209519030526,4,24.6148551848633,4
"7150",184,5.96209519030526,5,-7.99939466779121,4
"7151",184,5.98611017863732,1,20.1878959490177,4
"7152",184,5.98611017863732,2,-13.3703388130567,4
"7153",184,5.98611017863732,3,6.39904263441785,4
"7154",184,5.98611017863732,4,8.63801681463115,4
"7155",184,5.98611017863732,5,-4.68317304514051,4
"7156",184,7.24515123525634,1,29.5112345293021,4
"7157",184,7.24515123525634,2,-10.8411505951884,4
"7158",184,7.24515123525634,3,10.8947429706594,4
"7159",184,7.24515123525634,4,29.452754228865,4
"7160",184,7.24515123525634,5,-3.31190328074608,4
"7161",184,8.28702276374679,1,21.3853235276193,4
"7162",184,8.28702276374679,2,-11.5664853803081,4
"7163",184,8.28702276374679,3,6.71045806868343,4
"7164",184,8.28702276374679,4,16.0866523011484,4
"7165",184,8.28702276374679,5,-5.84448395042754,4
"7166",184,8.37544948165305,1,18.0021003822969,4
"7167",184,8.37544948165305,2,-20.2057597961542,4
"7168",184,8.37544948165305,3,2.13034081949701,4
"7169",184,8.37544948165305,4,14.1414857849728,4
"7170",184,8.37544948165305,5,-13.3503080628777,4
"7171",184,8.84969014965463,1,23.9380349746734,4
"7172",184,8.84969014965463,2,-10.7127145758547,4
"7173",184,8.84969014965463,3,0.303846427027331,4
"7174",184,8.84969014965463,4,7.67606582472017,4
"7175",184,8.84969014965463,5,-13.5697968482173,4
"7176",185,0,1,13.8528324717773,4
"7177",185,0,2,-11.7732472287143,4
"7178",185,0,3,0.54447139257924,4
"7179",185,0,4,6.07684070688712,4
"7180",185,0,5,-9.55167927023057,4
"7181",185,2.76229868165683,1,27.7949122843617,4
"7182",185,2.76229868165683,2,-11.2118839094512,4
"7183",185,2.76229868165683,3,7.97393361032005,4
"7184",185,2.76229868165683,4,15.0057216290018,4
"7185",185,2.76229868165683,5,-9.26984279616821,4
"7186",185,3.02576989773661,1,21.660655902964,4
"7187",185,3.02576989773661,2,-13.56827453469,4
"7188",185,3.02576989773661,3,2.73168360176733,4
"7189",185,3.02576989773661,4,18.6726010683411,4
"7190",185,3.02576989773661,5,-6.44795372067418,4
"7191",185,4.31570039270446,1,29.0655444164169,4
"7192",185,4.31570039270446,2,-14.3386681540966,4
"7193",185,4.31570039270446,3,8.99829621942077,4
"7194",185,4.31570039270446,4,15.1623367684437,4
"7195",185,4.31570039270446,5,-9.94123181262184,4
"7196",185,5.17537698103115,1,22.3228489827638,4
"7197",185,5.17537698103115,2,-14.4941530469675,4
"7198",185,5.17537698103115,3,3.05049447401162,4
"7199",185,5.17537698103115,4,17.2693720850945,4
"7200",185,5.17537698103115,5,-3.68938615170762,4
"7201",185,5.26394184282981,1,21.9295569032411,4
"7202",185,5.26394184282981,2,-13.7278685651731,4
"7203",185,5.26394184282981,3,-2.49794730238937,4
"7204",185,5.26394184282981,4,16.1720127112106,4
"7205",185,5.26394184282981,5,-8.19731798552199,4
"7206",185,5.63309496280272,1,22.7925435113316,4
"7207",185,5.63309496280272,2,-14.5557480061372,4
"7208",185,5.63309496280272,3,4.37352635924159,4
"7209",185,5.63309496280272,4,11.8668043546713,4
"7210",185,5.63309496280272,5,-9.7850074973924,4
"7211",185,5.91994968336076,1,26.494823534471,4
"7212",185,5.91994968336076,2,-8.49672455581452,4
"7213",185,5.91994968336076,3,-1.97783791820331,4
"7214",185,5.91994968336076,4,17.1154166351062,4
"7215",185,5.91994968336076,5,-11.0788202205853,4
"7216",185,9.46465884696227,1,21.1184470289396,4
"7217",185,9.46465884696227,2,-10.3476500222882,4
"7218",185,9.46465884696227,3,1.99375848598142,4
"7219",185,9.46465884696227,4,10.1468753813425,4
"7220",185,9.46465884696227,5,-11.2852676960838,4
"7221",186,0,1,20.1522846865596,4
"7222",186,0,2,-17.7819356001211,4
"7223",186,0,3,9.4042078131443,4
"7224",186,0,4,10.9616592138118,4
"7225",186,0,5,6.52174098836217,4
"7226",186,5.00547131244093,1,11.1563583846481,4
"7227",186,5.00547131244093,2,-20.3034960646944,4
"7228",186,5.00547131244093,3,4.90181121989514,4
"7229",186,5.00547131244093,4,20.1143988039832,4
"7230",186,5.00547131244093,5,-6.66716988256074,4
"7231",186,5.23563394264784,1,24.0566146401909,4
"7232",186,5.23563394264784,2,-13.7073641056645,4
"7233",186,5.23563394264784,3,6.38621281941432,4
"7234",186,5.23563394264784,4,20.1370225486825,4
"7235",186,5.23563394264784,5,-1.57803248987435,4
"7236",186,5.5653275543591,1,15.8332466168887,4
"7237",186,5.5653275543591,2,-12.5963783724875,4
"7238",186,5.5653275543591,3,8.2051419113152,4
"7239",186,5.5653275543591,4,19.1865626734612,4
"7240",186,5.5653275543591,5,-12.8391909304743,4
"7241",186,6.4340590009233,1,20.7387571101621,4
"7242",186,6.4340590009233,2,-12.6512107165291,4
"7243",186,6.4340590009233,3,10.3479341791877,4
"7244",186,6.4340590009233,4,8.85650059986005,4
"7245",186,6.4340590009233,5,-3.59327947723761,4
"7246",186,9.30568276415579,1,15.8499655481974,4
"7247",186,9.30568276415579,2,-15.1921291096615,4
"7248",186,9.30568276415579,3,5.56643180906609,4
"7249",186,9.30568276415579,4,7.16524582337612,4
"7250",186,9.30568276415579,5,-16.3138112208156,4
"7251",186,9.5601221928373,1,15.3039233711852,4
"7252",186,9.5601221928373,2,-17.5052744224722,4
"7253",186,9.5601221928373,3,-4.2298064482024,4
"7254",186,9.5601221928373,4,4.94456288878489,4
"7255",186,9.5601221928373,5,-15.5442493061511,4
"7256",186,9.76096470048651,1,16.410421501617,4
"7257",186,9.76096470048651,2,-12.4622858139521,4
"7258",186,9.76096470048651,3,0.0831942312727243,4
"7259",186,9.76096470048651,4,15.3046576533946,4
"7260",186,9.76096470048651,5,-16.5143711329418,4
"7261",186,10.8008109603543,1,3.50038204691874,4
"7262",186,10.8008109603543,2,-19.2144608806009,4
"7263",186,10.8008109603543,3,-7.65242274236682,4
"7264",186,10.8008109603543,4,-0.216398382553062,4
"7265",186,10.8008109603543,5,-24.310299802595,4
"7266",187,0,1,11.8888844151488,4
"7267",187,0,2,-17.6214452995859,4
"7268",187,0,3,5.07843368106722,4
"7269",187,0,4,7.58919415264852,4
"7270",187,0,5,0.837048432149879,4
"7271",187,0.986398643348366,1,21.4250902868163,4
"7272",187,0.986398643348366,2,-10.9536013240391,4
"7273",187,0.986398643348366,3,1.39084200137094,4
"7274",187,0.986398643348366,4,15.77475607185,4
"7275",187,0.986398643348366,5,3.9740143524784,4
"7276",187,1.37762936099898,1,13.9076156186604,4
"7277",187,1.37762936099898,2,-18.8742087484661,4
"7278",187,1.37762936099898,3,1.56152739481053,4
"7279",187,1.37762936099898,4,19.1893527804224,4
"7280",187,1.37762936099898,5,-0.695142855389251,4
"7281",187,2.19836209644563,1,23.8082274408363,4
"7282",187,2.19836209644563,2,-9.38547816709875,4
"7283",187,2.19836209644563,3,-1.92082075257462,4
"7284",187,2.19836209644563,4,13.8415765399094,4
"7285",187,2.19836209644563,5,1.45303274451534,4
"7286",187,5.63923561980482,1,16.4470873207845,4
"7287",187,5.63923561980482,2,-16.9482813802108,4
"7288",187,5.63923561980482,3,-3.36774051326535,4
"7289",187,5.63923561980482,4,11.9040533671614,4
"7290",187,5.63923561980482,5,-10.2647174478395,4
"7291",187,7.35976081318222,1,12.5669967754431,4
"7292",187,7.35976081318222,2,-14.2474855929101,4
"7293",187,7.35976081318222,3,-5.33329252515498,4
"7294",187,7.35976081318222,4,13.8336295056792,4
"7295",187,7.35976081318222,5,-5.38815892703467,4
"7296",187,9.93606688186992,1,10.7594799105907,4
"7297",187,9.93606688186992,2,-17.0885399044207,4
"7298",187,9.93606688186992,3,-5.21107736636584,4
"7299",187,9.93606688186992,4,6.62042370773831,4
"7300",187,9.93606688186992,5,-7.21881429567317,4
"7301",187,10.0935891668778,1,22.4158364591108,4
"7302",187,10.0935891668778,2,-4.10667966744792,4
"7303",187,10.0935891668778,3,1.51575480038538,4
"7304",187,10.0935891668778,4,14.4817221420632,4
"7305",187,10.0935891668778,5,-6.90792527809134,4
"7306",187,10.8580356382299,1,17.4469979513561,4
"7307",187,10.8580356382299,2,-2.74713282553264,4
"7308",187,10.8580356382299,3,3.91690802430577,4
"7309",187,10.8580356382299,4,9.28869258561005,4
"7310",187,10.8580356382299,5,-4.77388366005525,4
"7311",188,0,1,18.502394827811,4
"7312",188,0,2,-23.983001368373,4
"7313",188,0,3,-5.5953280230588,4
"7314",188,0,4,18.7303637446502,4
"7315",188,0,5,7.21354989692606,4
"7316",188,1.90733148308937,1,16.2836083013732,4
"7317",188,1.90733148308937,2,-25.4536910113017,4
"7318",188,1.90733148308937,3,-5.96878765116397,4
"7319",188,1.90733148308937,4,16.9973707336918,4
"7320",188,1.90733148308937,5,-0.565448876282868,4
"7321",188,2.69209880684502,1,21.4222603890632,4
"7322",188,2.69209880684502,2,-22.6277014570268,4
"7323",188,2.69209880684502,3,-4.50216803455162,4
"7324",188,2.69209880684502,4,23.7759867696737,4
"7325",188,2.69209880684502,5,7.80435362548785,4
"7326",188,3.87629387807101,1,24.1819697547121,4
"7327",188,3.87629387807101,2,-14.447245652815,4
"7328",188,3.87629387807101,3,-0.216270665178446,4
"7329",188,3.87629387807101,4,23.1513719925451,4
"7330",188,3.87629387807101,5,9.09013975716426,4
"7331",188,3.94829689897597,1,20.1043757386329,4
"7332",188,3.94829689897597,2,-23.3495014868752,4
"7333",188,3.94829689897597,3,-7.73810307591342,4
"7334",188,3.94829689897597,4,15.5313446949233,4
"7335",188,3.94829689897597,5,-0.961897983200835,4
"7336",188,5.65993928874377,1,20.3367929941552,4
"7337",188,5.65993928874377,2,-19.226422357258,4
"7338",188,5.65993928874377,3,0.792445780443319,4
"7339",188,5.65993928874377,4,26.2027791042741,4
"7340",188,5.65993928874377,5,-2.82070610674107,4
"7341",188,7.4775108586764,1,8.49654475284056,4
"7342",188,7.4775108586764,2,-25.9715534924143,4
"7343",188,7.4775108586764,3,-8.30276829900381,4
"7344",188,7.4775108586764,4,12.0773323063775,4
"7345",188,7.4775108586764,5,-9.59684623634424,4
"7346",188,9.42252139782067,1,21.2373258213858,4
"7347",188,9.42252139782067,2,-18.1917245364052,4
"7348",188,9.42252139782067,3,-6.07864170706475,4
"7349",188,9.42252139782067,4,16.8561820874153,4
"7350",188,9.42252139782067,5,-4.51254118841544,4
"7351",188,10.0068820124725,1,14.4366264155772,4
"7352",188,10.0068820124725,2,-14.5130512438597,4
"7353",188,10.0068820124725,3,-5.61494764522555,4
"7354",188,10.0068820124725,4,7.1147119524317,4
"7355",188,10.0068820124725,5,-10.3416054017495,4
"7356",189,0,1,15.3447283131061,4
"7357",189,0,2,-31.3816198668128,4
"7358",189,0,3,-10.2067657552703,4
"7359",189,0,4,3.76406199657391,4
"7360",189,0,5,2.09398044319721,4
"7361",189,1.52409770700615,1,18.9791155532406,4
"7362",189,1.52409770700615,2,-20.07332195891,4
"7363",189,1.52409770700615,3,4.09457325422862,4
"7364",189,1.52409770700615,4,10.0921145918005,4
"7365",189,1.52409770700615,5,-3.21956302609193,4
"7366",189,5.39784915221389,1,12.2066965885602,4
"7367",189,5.39784915221389,2,-15.5912888991774,4
"7368",189,5.39784915221389,3,-3.61712985702827,4
"7369",189,5.39784915221389,4,7.26337118337779,4
"7370",189,5.39784915221389,5,-8.56353881345142,4
"7371",189,5.6559554337291,1,19.1291210606972,4
"7372",189,5.6559554337291,2,-12.9340826649962,4
"7373",189,5.6559554337291,3,-1.55265791871484,4
"7374",189,5.6559554337291,4,15.9952454399989,4
"7375",189,5.6559554337291,5,-4.25821994686768,4
"7376",189,9.04012900206726,1,17.8383048865582,4
"7377",189,9.04012900206726,2,-9.17568290367856,4
"7378",189,9.04012900206726,3,1.21256657423296,4
"7379",189,9.04012900206726,4,8.03301009980487,4
"7380",189,9.04012900206726,5,-3.55876669154278,4
"7381",190,0,1,23.0408943220436,4
"7382",190,0,2,-20.7900337097912,4
"7383",190,0,3,5.36592870455085,4
"7384",190,0,4,3.28099665963964,4
"7385",190,0,5,10.7721794700738,4
"7386",190,1.84537701425143,1,24.0164327621973,4
"7387",190,1.84537701425143,2,-18.2463088831334,4
"7388",190,1.84537701425143,3,2.76349206662656,4
"7389",190,1.84537701425143,4,17.8207671570471,4
"7390",190,1.84537701425143,5,6.68050973423217,4
"7391",190,2.61873178521637,1,27.1241973082672,4
"7392",190,2.61873178521637,2,-19.3217622988503,4
"7393",190,2.61873178521637,3,3.01474553220209,4
"7394",190,2.61873178521637,4,8.43582122839139,4
"7395",190,2.61873178521637,5,-0.660130877416756,4
"7396",190,4.88886892690789,1,15.1890334467627,4
"7397",190,4.88886892690789,2,-16.4342825943736,4
"7398",190,4.88886892690789,3,-4.34316833694127,4
"7399",190,4.88886892690789,4,10.1448313639349,4
"7400",190,4.88886892690789,5,-3.45773623691246,4
"7401",190,6.15195614227559,1,14.3331657015364,4
"7402",190,6.15195614227559,2,-17.8816453808445,4
"7403",190,6.15195614227559,3,-3.13184327745041,4
"7404",190,6.15195614227559,4,7.48502017016376,4
"7405",190,6.15195614227559,5,-6.55479947881071,4
"7406",190,6.85473225323949,1,24.927443416054,4
"7407",190,6.85473225323949,2,-10.4432322516868,4
"7408",190,6.85473225323949,3,3.74941833408532,4
"7409",190,6.85473225323949,4,12.0033741887841,4
"7410",190,6.85473225323949,5,5.27143267628922,4
"7411",190,8.5234792054398,1,19.2703977640763,4
"7412",190,8.5234792054398,2,-14.096550617252,4
"7413",190,8.5234792054398,3,4.36761682234403,4
"7414",190,8.5234792054398,4,4.44263545073877,4
"7415",190,8.5234792054398,5,-2.64066704893097,4
"7416",190,9.9025224854704,1,12.7627843876975,4
"7417",190,9.9025224854704,2,-17.4793441151212,4
"7418",190,9.9025224854704,3,-0.36983921859985,4
"7419",190,9.9025224854704,4,-1.22899398477611,4
"7420",190,9.9025224854704,5,-6.7449879123824,4
"7421",190,10.2680492958752,1,26.646769182162,4
"7422",190,10.2680492958752,2,-8.79186450583665,4
"7423",190,10.2680492958752,3,13.7757010189458,4
"7424",190,10.2680492958752,4,15.4511873343447,4
"7425",190,10.2680492958752,5,1.12479736023831,4
"7426",190,10.7227310138987,1,24.3096169202331,4
"7427",190,10.7227310138987,2,-4.65277027495585,4
"7428",190,10.7227310138987,3,11.9879750101924,4
"7429",190,10.7227310138987,4,8.13933965702069,4
"7430",190,10.7227310138987,5,3.17420296105667,4
"7431",190,10.8516523572616,1,18.8897860854697,4
"7432",190,10.8516523572616,2,-15.705430685881,4
"7433",190,10.8516523572616,3,7.87012112688765,4
"7434",190,10.8516523572616,4,0.196289831113235,4
"7435",190,10.8516523572616,5,-7.01659441736105,4
"7436",191,0,1,24.0331702477121,4
"7437",191,0,2,-13.7370720637736,4
"7438",191,0,3,8.49700773737854,4
"7439",191,0,4,28.7455421094193,4
"7440",191,0,5,2.63357243524809,4
"7441",191,1.48115193750709,1,23.8318138310694,4
"7442",191,1.48115193750709,2,-15.2479845350567,4
"7443",191,1.48115193750709,3,6.11338365548003,4
"7444",191,1.48115193750709,4,18.497706483168,4
"7445",191,1.48115193750709,5,-4.54743963578072,4
"7446",191,1.87279629230034,1,22.8639543192147,4
"7447",191,1.87279629230034,2,-15.4862828641585,4
"7448",191,1.87279629230034,3,5.38004642905019,4
"7449",191,1.87279629230034,4,19.0623774811155,4
"7450",191,1.87279629230034,5,-7.24831424012782,4
"7451",191,3.31126415019389,1,22.5426331656942,4
"7452",191,3.31126415019389,2,-13.0558971115228,4
"7453",191,3.31126415019389,3,5.79181635230393,4
"7454",191,3.31126415019389,4,28.707202288457,4
"7455",191,3.31126415019389,5,-11.7230846207318,4
"7456",191,6.4141736952588,1,18.1428161350291,4
"7457",191,6.4141736952588,2,-10.0506507998243,4
"7458",191,6.4141736952588,3,-0.107780692114292,4
"7459",191,6.4141736952588,4,23.3032112406296,4
"7460",191,6.4141736952588,5,-11.1031134858105,4
"7461",191,9.91311705636326,1,13.3377103530754,4
"7462",191,9.91311705636326,2,-11.1514924409248,4
"7463",191,9.91311705636326,3,3.0433947052065,4
"7464",191,9.91311705636326,4,15.6265570215128,4
"7465",191,9.91311705636326,5,-19.9917872246918,4
"7466",191,10.215839937795,1,28.8365113516292,4
"7467",191,10.215839937795,2,-2.31246484721187,4
"7468",191,10.215839937795,3,14.2893390258823,4
"7469",191,10.215839937795,4,19.3784187886841,4
"7470",191,10.215839937795,5,-10.0996875138307,4
"7471",191,10.999917962472,1,23.8755188518134,4
"7472",191,10.999917962472,2,-5.50144249250758,4
"7473",191,10.999917962472,3,3.54968637329673,4
"7474",191,10.999917962472,4,16.8231343522224,4
"7475",191,10.999917962472,5,-8.49145662982336,4
"7476",192,0,1,17.6558411453346,4
"7477",192,0,2,-29.3044332406716,4
"7478",192,0,3,2.53219881566203,4
"7479",192,0,4,8.68524580311512,4
"7480",192,0,5,0.0672712880307378,4
"7481",192,0.76006864500232,1,15.6729433033362,4
"7482",192,0.76006864500232,2,-18.6571053447367,4
"7483",192,0.76006864500232,3,-2.30933068154605,4
"7484",192,0.76006864500232,4,16.7382699988268,4
"7485",192,0.76006864500232,5,6.63957017497453,4
"7486",192,2.35553560522385,1,24.2765209750417,4
"7487",192,2.35553560522385,2,-17.8348248105834,4
"7488",192,2.35553560522385,3,4.93707600721264,4
"7489",192,2.35553560522385,4,14.8389177271038,4
"7490",192,2.35553560522385,5,-2.37414425228305,4
"7491",192,2.52742337842938,1,18.9676242218473,4
"7492",192,2.52742337842938,2,-25.0700388004606,4
"7493",192,2.52742337842938,3,1.55726990196428,4
"7494",192,2.52742337842938,4,12.669010600727,4
"7495",192,2.52742337842938,5,-3.15524046663235,4
"7496",192,2.75798640027642,1,23.7640386559464,4
"7497",192,2.75798640027642,2,-24.8748611908396,4
"7498",192,2.75798640027642,3,0.0112416428939721,4
"7499",192,2.75798640027642,4,17.8321630221392,4
"7500",192,2.75798640027642,5,3.14575413699918,4
"7501",192,2.96229422767647,1,26.1533889962153,4
"7502",192,2.96229422767647,2,-18.0987983365948,4
"7503",192,2.96229422767647,3,4.93713292322427,4
"7504",192,2.96229422767647,4,14.0422185146684,4
"7505",192,2.96229422767647,5,-0.396119745682643,4
"7506",192,4.47324057796504,1,19.8440335951117,4
"7507",192,4.47324057796504,2,-24.8806302644058,4
"7508",192,4.47324057796504,3,3.26110487428327,4
"7509",192,4.47324057796504,4,17.1715655113079,4
"7510",192,4.47324057796504,5,-6.33165303883663,4
"7511",192,4.52903479291126,1,17.0969993654399,4
"7512",192,4.52903479291126,2,-17.7283208888037,4
"7513",192,4.52903479291126,3,5.79141336177916,4
"7514",192,4.52903479291126,4,12.7098755670463,4
"7515",192,4.52903479291126,5,-3.0906872773432,4
"7516",192,5.00313182128593,1,22.8614650118481,4
"7517",192,5.00313182128593,2,-17.1773911559974,4
"7518",192,5.00313182128593,3,1.70054593302714,4
"7519",192,5.00313182128593,4,16.722538063469,4
"7520",192,5.00313182128593,5,-2.14832217879338,4
"7521",192,7.17779990378767,1,24.5798562077752,4
"7522",192,7.17779990378767,2,-8.00770785948058,4
"7523",192,7.17779990378767,3,7.2596961016437,4
"7524",192,7.17779990378767,4,17.8412900202254,4
"7525",192,7.17779990378767,5,1.98673744420941,4
"7526",192,8.61193528934382,1,20.5967383978915,4
"7527",192,8.61193528934382,2,-14.2110848319868,4
"7528",192,8.61193528934382,3,-1.64558075043647,4
"7529",192,8.61193528934382,4,8.86460670475879,4
"7530",192,8.61193528934382,5,-10.4836291351301,4
"7531",192,9.15899134951178,1,29.8693062380213,4
"7532",192,9.15899134951178,2,-14.4142213923147,4
"7533",192,9.15899134951178,3,10.0523677429853,4
"7534",192,9.15899134951178,4,23.6023426273812,4
"7535",192,9.15899134951178,5,5.71446901711745,4
"7536",193,0,1,12.1833582542892,4
"7537",193,0,2,-18.5495137534019,4
"7538",193,0,3,9.39943322455394,4
"7539",193,0,4,13.1762237751135,4
"7540",193,0,5,3.11297734661252,4
"7541",193,1.21097323123831,1,21.8877770040252,4
"7542",193,1.21097323123831,2,-17.0311536942905,4
"7543",193,1.21097323123831,3,13.8777382616307,4
"7544",193,1.21097323123831,4,20.2174621413085,4
"7545",193,1.21097323123831,5,5.34158277577072,4
"7546",193,3.3056643292075,1,20.9455256487212,4
"7547",193,3.3056643292075,2,-13.4995203521141,4
"7548",193,3.3056643292075,3,18.6918795146476,4
"7549",193,3.3056643292075,4,20.3141607253017,4
"7550",193,3.3056643292075,5,-1.45343064072707,4
"7551",193,3.59575637476519,1,19.9343033079107,4
"7552",193,3.59575637476519,2,-16.7368736599896,4
"7553",193,3.59575637476519,3,8.98331236700853,4
"7554",193,3.59575637476519,4,18.6117534082486,4
"7555",193,3.59575637476519,5,-4.87373934656767,4
"7556",193,3.96821895614266,1,17.7862144665621,4
"7557",193,3.96821895614266,2,-21.5980539803039,4
"7558",193,3.96821895614266,3,10.1604892054901,4
"7559",193,3.96821895614266,4,21.7668604686687,4
"7560",193,3.96821895614266,5,-5.27798269965137,4
"7561",193,6.15089074964635,1,16.3665735331482,4
"7562",193,6.15089074964635,2,-15.4891757592309,4
"7563",193,6.15089074964635,3,2.11444666385879,4
"7564",193,6.15089074964635,4,14.9565407321322,4
"7565",193,6.15089074964635,5,-9.02747893463042,4
"7566",193,6.66079097508918,1,13.8892111266871,4
"7567",193,6.66079097508918,2,-19.62517465613,4
"7568",193,6.66079097508918,3,9.14716947042412,4
"7569",193,6.66079097508918,4,16.6451319620249,4
"7570",193,6.66079097508918,5,-11.1395437480068,4
"7571",193,9.43863253225572,1,26.2760573364191,4
"7572",193,9.43863253225572,2,-2.60155319331523,4
"7573",193,9.43863253225572,3,22.586125313806,4
"7574",193,9.43863253225572,4,23.9311075703688,4
"7575",193,9.43863253225572,5,-1.83075821413637,4
"7576",193,9.73470269259997,1,25.0425810130796,4
"7577",193,9.73470269259997,2,-9.42734977413577,4
"7578",193,9.73470269259997,3,12.3094629737957,4
"7579",193,9.73470269259997,4,16.2992243335769,4
"7580",193,9.73470269259997,5,-1.64463441551674,4
"7581",193,10.6957418993115,1,23.0645673695843,4
"7582",193,10.6957418993115,2,-8.88567880482416,4
"7583",193,10.6957418993115,3,20.6201812797583,4
"7584",193,10.6957418993115,4,17.314227561816,4
"7585",193,10.6957418993115,5,-1.53761933424485,4
"7586",193,10.789807389956,1,24.4464359607417,4
"7587",193,10.789807389956,2,-6.47427852626813,4
"7588",193,10.789807389956,3,19.0692861767084,4
"7589",193,10.789807389956,4,16.1199791147745,4
"7590",193,10.789807389956,5,-3.88491933659758,4
"7591",194,0,1,25.9325353895989,4
"7592",194,0,2,-26.3968382733997,4
"7593",194,0,3,1.62148822991678,4
"7594",194,0,4,11.2175694065071,4
"7595",194,0,5,2.39574422888951,4
"7596",194,4.38892098038923,1,18.3928737786556,4
"7597",194,4.38892098038923,2,-16.9809543000376,4
"7598",194,4.38892098038923,3,-0.378171525386608,4
"7599",194,4.38892098038923,4,8.17516361887605,4
"7600",194,4.38892098038923,5,-14.0999283992572,4
"7601",194,5.6264046614524,1,19.2291036418152,4
"7602",194,5.6264046614524,2,-15.5909454870036,4
"7603",194,5.6264046614524,3,-0.928360708309994,4
"7604",194,5.6264046614524,4,9.04228462685672,4
"7605",194,5.6264046614524,5,-6.3389954335518,4
"7606",194,6.36926851305179,1,16.0174395046199,4
"7607",194,6.36926851305179,2,-17.3590038193963,4
"7608",194,6.36926851305179,3,-1.31844617162069,4
"7609",194,6.36926851305179,4,13.7284781796757,4
"7610",194,6.36926851305179,5,-4.83080586686525,4
"7611",194,6.51062325167004,1,21.66665620021,4
"7612",194,6.51062325167004,2,-14.1187017922526,4
"7613",194,6.51062325167004,3,1.54009848927262,4
"7614",194,6.51062325167004,4,9.05248547148211,4
"7615",194,6.51062325167004,5,-6.74026834587679,4
"7616",194,6.70635793125257,1,17.9610265247961,4
"7617",194,6.70635793125257,2,-11.0017482261729,4
"7618",194,6.70635793125257,3,3.93049652056416,4
"7619",194,6.70635793125257,4,6.37154164572002,4
"7620",194,6.70635793125257,5,-8.09982973057154,4
"7621",194,7.69457961781882,1,30.2077902948205,4
"7622",194,7.69457961781882,2,-7.15748265403501,4
"7623",194,7.69457961781882,3,3.65770455172221,4
"7624",194,7.69457961781882,4,8.93636270691536,4
"7625",194,7.69457961781882,5,-5.44943085847171,4
"7626",194,8.07352622225881,1,25.1984979929679,4
"7627",194,8.07352622225881,2,-3.28562930074173,4
"7628",194,8.07352622225881,3,0.912244902840638,4
"7629",194,8.07352622225881,4,8.03692603093383,4
"7630",194,8.07352622225881,5,-4.75937583982834,4
"7631",194,8.14805872098077,1,25.8392686143327,4
"7632",194,8.14805872098077,2,-10.4876561497546,4
"7633",194,8.14805872098077,3,3.01640063948141,4
"7634",194,8.14805872098077,4,4.90767475364242,4
"7635",194,8.14805872098077,5,-13.2194330101968,4
"7636",194,8.54671393637545,1,28.5149385987037,4
"7637",194,8.54671393637545,2,-1.93432320877639,4
"7638",194,8.54671393637545,3,10.8091472722312,4
"7639",194,8.54671393637545,4,10.3692660982491,4
"7640",194,8.54671393637545,5,-5.34992509425934,4
"7641",194,10.1322926278226,1,27.9541463549474,4
"7642",194,10.1322926278226,2,-2.49397571858919,4
"7643",194,10.1322926278226,3,5.48302839561663,4
"7644",194,10.1322926278226,4,7.60787883577274,4
"7645",194,10.1322926278226,5,-4.63541605241362,4
"7646",194,10.2637751790462,1,32.0099777141023,4
"7647",194,10.2637751790462,2,0.887631043857694,4
"7648",194,10.2637751790462,3,10.5430708056889,4
"7649",194,10.2637751790462,4,9.09109796560885,4
"7650",194,10.2637751790462,5,-4.25959228146505,4
"7651",195,0,1,25.1589312706218,4
"7652",195,0,2,-19.5648374210242,4
"7653",195,0,3,-1.89949935602897,4
"7654",195,0,4,10.4096225590627,4
"7655",195,0,5,-1.24005547591597,4
"7656",195,1.20668522350024,1,21.9253308255066,4
"7657",195,1.20668522350024,2,-17.0099592382583,4
"7658",195,1.20668522350024,3,-2.29730103466604,4
"7659",195,1.20668522350024,4,10.31784069686,4
"7660",195,1.20668522350024,5,-5.33659813795409,4
"7661",195,2.90997587901074,1,18.1263883726678,4
"7662",195,2.90997587901074,2,-11.1878416555503,4
"7663",195,2.90997587901074,3,-2.46549155277975,4
"7664",195,2.90997587901074,4,1.24444855060416,4
"7665",195,2.90997587901074,5,-2.38278568154223,4
"7666",195,2.97184428875335,1,23.8819015704808,4
"7667",195,2.97184428875335,2,-15.2287953024637,4
"7668",195,2.97184428875335,3,-2.11005822060325,4
"7669",195,2.97184428875335,4,8.38898974187158,4
"7670",195,2.97184428875335,5,0.896371763942661,4
"7671",195,5.27612312370911,1,20.8035615164558,4
"7672",195,5.27612312370911,2,-15.5715070520931,4
"7673",195,5.27612312370911,3,0.0415511039663971,4
"7674",195,5.27612312370911,4,5.94435674345164,4
"7675",195,5.27612312370911,5,-9.8450480899341,4
"7676",195,6.90689537918661,1,21.0210924247695,4
"7677",195,6.90689537918661,2,-15.5488502170007,4
"7678",195,6.90689537918661,3,-1.08364950226087,4
"7679",195,6.90689537918661,4,13.9525902212983,4
"7680",195,6.90689537918661,5,-6.29495565528562,4
"7681",195,7.7617928738473,1,21.7964861837699,4
"7682",195,7.7617928738473,2,-12.4935774858104,4
"7683",195,7.7617928738473,3,2.45326728054921,4
"7684",195,7.7617928738473,4,12.1281561623313,4
"7685",195,7.7617928738473,5,-10.6439775864838,4
"7686",195,10.9181440658867,1,30.0600822871138,4
"7687",195,10.9181440658867,2,2.19637732220319,4
"7688",195,10.9181440658867,3,16.9976702981355,4
"7689",195,10.9181440658867,4,13.704256975117,4
"7690",195,10.9181440658867,5,-0.466988113228121,4
"7691",196,0,1,16.7706822873312,4
"7692",196,0,2,-14.7195405185603,4
"7693",196,0,3,-5.79132832282232,4
"7694",196,0,4,2.8746566149873,4
"7695",196,0,5,-5.12346551269017,4
"7696",196,0.505267055239528,1,14.0001691520342,4
"7697",196,0.505267055239528,2,-22.8878584716572,4
"7698",196,0.505267055239528,3,1.03960198147137,4
"7699",196,0.505267055239528,4,2.80141198992695,4
"7700",196,0.505267055239528,5,-6.82604263667153,4
"7701",196,1.92765748652164,1,19.5365451772489,4
"7702",196,1.92765748652164,2,-19.1245124901831,4
"7703",196,1.92765748652164,3,-0.0242073698154082,4
"7704",196,1.92765748652164,4,9.40799443101295,4
"7705",196,1.92765748652164,5,-2.12524894219579,4
"7706",196,3.15511474758387,1,11.4000105454332,4
"7707",196,3.15511474758387,2,-24.7606774588577,4
"7708",196,3.15511474758387,3,-8.95781826389459,4
"7709",196,3.15511474758387,4,6.39923776174518,4
"7710",196,3.15511474758387,5,-17.2335354524212,4
"7711",196,4.15577479708008,1,26.4459843890275,4
"7712",196,4.15577479708008,2,-15.5256586625643,4
"7713",196,4.15577479708008,3,0.758783964553211,4
"7714",196,4.15577479708008,4,13.5865330186932,4
"7715",196,4.15577479708008,5,-3.55095472462614,4
"7716",197,0,1,19.8604537705216,4
"7717",197,0,2,-13.4222977604945,4
"7718",197,0,3,-6.11894953245266,4
"7719",197,0,4,5.57378838660778,4
"7720",197,0,5,-10.6488957083,4
"7721",197,3.82277947373223,1,25.8536564156301,4
"7722",197,3.82277947373223,2,-4.88180471800137,4
"7723",197,3.82277947373223,3,-1.81533349721358,4
"7724",197,3.82277947373223,4,14.5399102876392,4
"7725",197,3.82277947373223,5,-1.63886140936869,4
"7726",197,5.58151934994385,1,6.38870886210118,4
"7727",197,5.58151934994385,2,-32.7273338293156,4
"7728",197,5.58151934994385,3,-18.1273577056266,4
"7729",197,5.58151934994385,4,-5.09443172056434,4
"7730",197,5.58151934994385,5,-23.7189139947419,4
"7731",197,5.88887023390271,1,17.2438265273893,4
"7732",197,5.88887023390271,2,-11.2362645157597,4
"7733",197,5.88887023390271,3,-4.68033068866876,4
"7734",197,5.88887023390271,4,7.82416589150168,4
"7735",197,5.88887023390271,5,-11.4403693270474,4
"7736",197,6.37989671842661,1,15.2221643408009,4
"7737",197,6.37989671842661,2,-18.3591783537569,4
"7738",197,6.37989671842661,3,-13.8962172234439,4
"7739",197,6.37989671842661,4,6.70859261106812,4
"7740",197,6.37989671842661,5,-14.9467894570632,4
"7741",197,6.92344933096319,1,11.1557534122219,4
"7742",197,6.92344933096319,2,-9.11435027645576,4
"7743",197,6.92344933096319,3,-1.54716979884681,4
"7744",197,6.92344933096319,4,11.0502921381776,4
"7745",197,6.92344933096319,5,-7.48288466085784,4
"7746",197,10.2185964129167,1,15.0607998980549,4
"7747",197,10.2185964129167,2,-6.80972596756777,4
"7748",197,10.2185964129167,3,-1.866752142775,4
"7749",197,10.2185964129167,4,1.59499223916988,4
"7750",197,10.2185964129167,5,-13.7617341032674,4
"7751",197,10.6587624145905,1,10.4517741233046,4
"7752",197,10.6587624145905,2,-22.7726702612159,4
"7753",197,10.6587624145905,3,-12.5695841549219,4
"7754",197,10.6587624145905,4,-7.26115863426496,4
"7755",197,10.6587624145905,5,-23.1604400991886,4
"7756",198,0,1,13.7767006414768,4
"7757",198,0,2,-23.7421628534582,4
"7758",198,0,3,-4.02191061473684,4
"7759",198,0,4,10.8136935249131,4
"7760",198,0,5,-8.54315954744964,4
"7761",198,2.9587120746728,1,27.3316419575982,4
"7762",198,2.9587120746728,2,-12.5948742105237,4
"7763",198,2.9587120746728,3,3.79043040257076,4
"7764",198,2.9587120746728,4,13.6816558430486,4
"7765",198,2.9587120746728,5,0.319170337783632,4
"7766",198,3.80693240591791,1,19.7025478931786,4
"7767",198,3.80693240591791,2,-12.9958639812595,4
"7768",198,3.80693240591791,3,3.44727760617939,4
"7769",198,3.80693240591791,4,8.02568686937547,4
"7770",198,3.80693240591791,5,-7.74368744519586,4
"7771",198,8.32786155468784,1,21.4239493414044,4
"7772",198,8.32786155468784,2,-7.55111829576684,4
"7773",198,8.32786155468784,3,3.67243755832482,4
"7774",198,8.32786155468784,4,15.7170428984494,4
"7775",198,8.32786155468784,5,-12.6475728937745,4
"7776",198,9.50749899959192,1,23.2468424304075,4
"7777",198,9.50749899959192,2,-4.17939022157184,4
"7778",198,9.50749899959192,3,4.94108096980395,4
"7779",198,9.50749899959192,4,3.66793114448884,4
"7780",198,9.50749899959192,5,-3.73174963633008,4
"7781",199,0,1,19.908782263009,4
"7782",199,0,2,-11.3739356722835,4
"7783",199,0,3,0.155069049271104,4
"7784",199,0,4,8.10527083397984,4
"7785",199,0,5,4.23117983249348,4
"7786",199,2.68712592986412,1,19.4104929912381,4
"7787",199,2.68712592986412,2,-16.6921112099784,4
"7788",199,2.68712592986412,3,5.51686919555648,4
"7789",199,2.68712592986412,4,15.3300165122137,4
"7790",199,2.68712592986412,5,1.10688127608752,4
"7791",199,4.22604593797587,1,18.9893961366888,4
"7792",199,4.22604593797587,2,-8.75892854851824,4
"7793",199,4.22604593797587,3,2.36537675037985,4
"7794",199,4.22604593797587,4,10.6141646629578,4
"7795",199,4.22604593797587,5,-0.364222681632027,4
"7796",199,6.45177218597382,1,19.8763066245645,4
"7797",199,6.45177218597382,2,-10.7571872042653,4
"7798",199,6.45177218597382,3,-4.45420776888891,4
"7799",199,6.45177218597382,4,8.93996580229904,4
"7800",199,6.45177218597382,5,-0.991277199061402,4
"7801",199,7.08459040801972,1,18.7355660923399,4
"7802",199,7.08459040801972,2,-14.1907947289417,4
"7803",199,7.08459040801972,3,7.55877345472172,4
"7804",199,7.08459040801972,4,10.9515293640905,4
"7805",199,7.08459040801972,5,-6.61877129101974,4
"7806",199,7.93062144448049,1,25.6493616473192,4
"7807",199,7.93062144448049,2,2.22988471839094,4
"7808",199,7.93062144448049,3,12.2547219056906,4
"7809",199,7.93062144448049,4,19.8939167068011,4
"7810",199,7.93062144448049,5,0.741253379202723,4
"7811",199,10.4465630693594,1,26.6521268325001,4
"7812",199,10.4465630693594,2,1.2235842940724,4
"7813",199,10.4465630693594,3,10.0421226785113,4
"7814",199,10.4465630693594,4,13.7655447551871,4
"7815",199,10.4465630693594,5,5.72923341563841,4
"7816",200,0,1,19.3708841283866,4
"7817",200,0,2,-23.3768189845752,4
"7818",200,0,3,-1.30587155714638,4
"7819",200,0,4,9.33623287735162,4
"7820",200,0,5,-2.51066384789549,4
"7821",200,2.85312604543287,1,25.3234157147588,4
"7822",200,2.85312604543287,2,-21.4346348906809,4
"7823",200,2.85312604543287,3,5.61871901084971,4
"7824",200,2.85312604543287,4,15.650485209752,4
"7825",200,2.85312604543287,5,-1.66948853147856,4
"7826",200,4.74311212450266,1,25.7349467224154,4
"7827",200,4.74311212450266,2,-16.7621484611792,4
"7828",200,4.74311212450266,3,0.491967702037764,4
"7829",200,4.74311212450266,4,15.8838950292017,4
"7830",200,4.74311212450266,5,-4.04738873013275,4
"7831",200,10.6140027837828,1,4.06824757376048,4
"7832",200,10.6140027837828,2,-33.2054874484411,4
"7833",200,10.6140027837828,3,-13.9605297473563,4
"7834",200,10.6140027837828,4,-7.06617608458079,4
"7835",200,10.6140027837828,5,-27.4403533325804,4
