"","subject","time","outcome","y","cluster"
"1",1,0,1,17.1425481017192,1
"2",1,0,2,1.48081899923827,1
"3",1,0,3,-13.8050234866763,1
"4",1,0,4,3.95593331770566,1
"5",1,0,5,18.8321482883502,1
"6",1,0.983511510072276,1,7.47933269520706,1
"7",1,0.983511510072276,2,14.0376702571556,1
"8",1,0.983511510072276,3,-10.7514210984599,1
"9",1,0.983511510072276,4,-11.3888721343832,1
"10",1,0.983511510072276,5,6.40147498507643,1
"11",1,1.45408384129405,1,-4.34965827360388,1
"12",1,1.45408384129405,2,1.88606601796976,1
"13",1,1.45408384129405,3,1.43659267239929,1
"14",1,1.45408384129405,4,-1.47396013942351,1
"15",1,1.45408384129405,5,-1.98023447243628,1
"16",1,2.59753985889256,1,18.9152842298698,1
"17",1,2.59753985889256,2,6.04835891150598,1
"18",1,2.59753985889256,3,0.481777742788147,1
"19",1,2.59753985889256,4,12.8858722847663,1
"20",1,2.59753985889256,5,-7.05599967186614,1
"21",1,3.74766852450557,1,32.4306711649866,1
"22",1,3.74766852450557,2,6.38555634895973,1
"23",1,3.74766852450557,3,-0.23938784257196,1
"24",1,3.74766852450557,4,10.2572207553448,1
"25",1,3.74766852450557,5,11.4942207489907,1
"26",1,5.1279095641803,1,38.9220822707642,1
"27",1,5.1279095641803,2,14.470393909755,1
"28",1,5.1279095641803,3,15.3188698500557,1
"29",1,5.1279095641803,4,10.7419887205538,1
"30",1,5.1279095641803,5,-7.61173853179268,1
"31",1,6.29126503993757,1,27.7140028666401,1
"32",1,6.29126503993757,2,6.4880093205155,1
"33",1,6.29126503993757,3,5.27751878942672,1
"34",1,6.29126503993757,4,1.95041458265248,1
"35",1,6.29126503993757,5,-1.96647739801185,1
"36",1,6.56216062174644,1,39.5370889652732,1
"37",1,6.56216062174644,2,-1.60068259581112,1
"38",1,6.56216062174644,3,14.8960259430047,1
"39",1,6.56216062174644,4,3.0141824548385,1
"40",1,6.56216062174644,5,-3.91046975919402,1
"41",1,7.13730444957037,1,12.7142650867058,1
"42",1,7.13730444957037,2,6.2515092525384,1
"43",1,7.13730444957037,3,12.420181987497,1
"44",1,7.13730444957037,4,-4.87612857521239,1
"45",1,7.13730444957037,5,-31.394452170885,1
"46",1,8.59375478839502,1,16.5206343195048,1
"47",1,8.59375478839502,2,7.45894425717398,1
"48",1,8.59375478839502,3,4.81097106300602,1
"49",1,8.59375478839502,4,2.50854756795201,1
"50",1,8.59375478839502,5,-11.0049536951637,1
"51",1,9.52972347859759,1,32.9025340546027,1
"52",1,9.52972347859759,2,12.010641509824,1
"53",1,9.52972347859759,3,15.8490246964364,1
"54",1,9.52972347859759,4,-2.18491165330576,1
"55",1,9.52972347859759,5,-13.3112042758032,1
"56",1,10.6624217596836,1,26.8944373858678,1
"57",1,10.6624217596836,2,6.28163511319216,1
"58",1,10.6624217596836,3,0.507188535047913,1
"59",1,10.6624217596836,4,6.77000076224423,1
"60",1,10.6624217596836,5,-17.2446428388508,1
"61",2,0,1,-6.77110212101832,1
"62",2,0,2,-27.4901302416569,1
"63",2,0,3,-20.8438469514557,1
"64",2,0,4,1.5277525886818,1
"65",2,0,5,18.4275098257635,1
"66",2,0.71568453812506,1,17.7340638063507,1
"67",2,0.71568453812506,2,-6.5984042510028,1
"68",2,0.71568453812506,3,-0.719757812693043,1
"69",2,0.71568453812506,4,-6.17797755695963,1
"70",2,0.71568453812506,5,2.14832344741291,1
"71",2,1.16918582713697,1,-25.114409489533,1
"72",2,1.16918582713697,2,0.706597571677807,1
"73",2,1.16918582713697,3,-8.89271120444125,1
"74",2,1.16918582713697,4,5.16276278242635,1
"75",2,1.16918582713697,5,-2.40763731967597,1
"76",2,4.43670158809982,1,18.2744973886676,1
"77",2,4.43670158809982,2,-6.79830843210812,1
"78",2,4.43670158809982,3,-0.395930275204178,1
"79",2,4.43670158809982,4,-9.53383787257595,1
"80",2,4.43670158809982,5,-12.0715091182114,1
"81",2,6.15772880020086,1,48.2245856345895,1
"82",2,6.15772880020086,2,7.09726086800064,1
"83",2,6.15772880020086,3,8.33509534894192,1
"84",2,6.15772880020086,4,22.4090746333964,1
"85",2,6.15772880020086,5,-11.909184218955,1
"86",3,0,1,8.39727779643499,1
"87",3,0,2,-9.35933672018862,1
"88",3,0,3,-13.8894359701096,1
"89",3,0,4,-15.776876768369,1
"90",3,0,5,22.6085659852009,1
"91",3,1.51804823568091,1,2.51179848971404,1
"92",3,1.51804823568091,2,2.88534396540721,1
"93",3,1.51804823568091,3,2.0724645987329,1
"94",3,1.51804823568091,4,6.28642588790521,1
"95",3,1.51804823568091,5,6.11003860020391,1
"96",3,2.62787601270247,1,14.8953932564352,1
"97",3,2.62787601270247,2,-6.77721924876184,1
"98",3,2.62787601270247,3,-0.0909317288980915,1
"99",3,2.62787601270247,4,6.57736184846505,1
"100",3,2.62787601270247,5,-18.4322087859328,1
"101",3,4.28265892446507,1,4.18931829175127,1
"102",3,4.28265892446507,2,7.31637422198254,1
"103",3,4.28265892446507,3,2.06275304715008,1
"104",3,4.28265892446507,4,8.51908967608936,1
"105",3,4.28265892446507,5,-3.04002622124284,1
"106",3,4.97334823326673,1,33.1612523399959,1
"107",3,4.97334823326673,2,12.7052701140238,1
"108",3,4.97334823326673,3,20.9501207495037,1
"109",3,4.97334823326673,4,1.00816862621412,1
"110",3,4.97334823326673,5,-3.54589396796685,1
"111",3,7.20517821563408,1,37.8631550686997,1
"112",3,7.20517821563408,2,9.85863416083246,1
"113",3,7.20517821563408,3,-24.9912899816985,1
"114",3,7.20517821563408,4,2.80743424387872,1
"115",3,7.20517821563408,5,-6.47881678947854,1
"116",3,7.73121842078399,1,9.18293068003842,1
"117",3,7.73121842078399,2,8.36615804918294,1
"118",3,7.73121842078399,3,8.92539560520687,1
"119",3,7.73121842078399,4,0.1428455575992,1
"120",3,7.73121842078399,5,7.26978298461388,1
"121",3,9.13746599736623,1,26.0234090395636,1
"122",3,9.13746599736623,2,-4.41164730169834,1
"123",3,9.13746599736623,3,-2.69182137344204,1
"124",3,9.13746599736623,4,-0.997613633382304,1
"125",3,9.13746599736623,5,-16.4243746134059,1
"126",3,9.69803075876553,1,8.36697616268786,1
"127",3,9.69803075876553,2,-17.9344599082053,1
"128",3,9.69803075876553,3,-13.9341027225655,1
"129",3,9.69803075876553,4,-18.2854335190178,1
"130",3,9.69803075876553,5,-17.2177988323196,1
"131",4,0,1,20.9416854715284,1
"132",4,0,2,2.03460990734328,1
"133",4,0,3,13.7931357420751,1
"134",4,0,4,12.1449549566713,1
"135",4,0,5,14.4588103558431,1
"136",4,3.36286125949118,1,3.14055246699839,1
"137",4,3.36286125949118,2,-20.4255881469258,1
"138",4,3.36286125949118,3,13.9218468795901,1
"139",4,3.36286125949118,4,5.9507439432142,1
"140",4,3.36286125949118,5,12.2462924548478,1
"141",4,5.96698077116162,1,6.94813833415476,1
"142",4,5.96698077116162,2,12.6002127772394,1
"143",4,5.96698077116162,3,-2.57489229877965,1
"144",4,5.96698077116162,4,7.00669427640101,1
"145",4,5.96698077116162,5,0.972745399355558,1
"146",4,6.33426059619524,1,43.2906833551767,1
"147",4,6.33426059619524,2,23.4995066509174,1
"148",4,6.33426059619524,3,13.1187253448533,1
"149",4,6.33426059619524,4,10.2520181393523,1
"150",4,6.33426059619524,5,2.48145357138011,1
"151",4,6.86700232152361,1,39.7147982150665,1
"152",4,6.86700232152361,2,-3.4601022913914,1
"153",4,6.86700232152361,3,14.6542265899439,1
"154",4,6.86700232152361,4,13.186660982287,1
"155",4,6.86700232152361,5,-8.41485195595219,1
"156",4,8.41349921911024,1,32.3558924942025,1
"157",4,8.41349921911024,2,18.6057634679929,1
"158",4,8.41349921911024,3,4.94841003572644,1
"159",4,8.41349921911024,4,24.2202744063889,1
"160",4,8.41349921911024,5,-19.3874518886203,1
"161",5,0,1,6.39874768075871,1
"162",5,0,2,9.04390800857103,1
"163",5,0,3,-9.26867567272913,1
"164",5,0,4,4.37656450957304,1
"165",5,0,5,11.0680689071903,1
"166",5,1.17652950237971,1,-7.18651717029286,1
"167",5,1.17652950237971,2,-18.3346855528082,1
"168",5,1.17652950237971,3,-3.19477956459921,1
"169",5,1.17652950237971,4,-6.95027926096228,1
"170",5,1.17652950237971,5,-9.61029339045582,1
"171",5,3.81911791861057,1,8.2814352608442,1
"172",5,3.81911791861057,2,16.0835520753474,1
"173",5,3.81911791861057,3,0.735573917690813,1
"174",5,3.81911791861057,4,0.203854699210697,1
"175",5,3.81911791861057,5,7.18675648822651,1
"176",5,4.47917622304522,1,30.442207086542,1
"177",5,4.47917622304522,2,8.82512391702041,1
"178",5,4.47917622304522,3,10.4368341947179,1
"179",5,4.47917622304522,4,13.6922738344369,1
"180",5,4.47917622304522,5,-16.8124923056052,1
"181",5,6.13761163468007,1,21.7435470716262,1
"182",5,6.13761163468007,2,22.8645080650859,1
"183",5,6.13761163468007,3,2.28765474960301,1
"184",5,6.13761163468007,4,6.79863628094123,1
"185",5,6.13761163468007,5,-4.64059927688025,1
"186",5,7.99021443189122,1,28.6117501714932,1
"187",5,7.99021443189122,2,-6.81756523810179,1
"188",5,7.99021443189122,3,41.2951137105638,1
"189",5,7.99021443189122,4,1.71274366113654,1
"190",5,7.99021443189122,5,-23.5124573725995,1
"191",5,8.14527816779446,1,18.9525318035604,1
"192",5,8.14527816779446,2,15.1932333519765,1
"193",5,8.14527816779446,3,23.2617172576028,1
"194",5,8.14527816779446,4,-1.75187618460697,1
"195",5,8.14527816779446,5,9.01985768588266,1
"196",5,8.52930956124328,1,32.9726574433124,1
"197",5,8.52930956124328,2,-2.23995916341613,1
"198",5,8.52930956124328,3,27.4199415973021,1
"199",5,8.52930956124328,4,32.010501100706,1
"200",5,8.52930956124328,5,-12.6225906622073,1
"201",5,8.79282097099349,1,37.1061253925238,1
"202",5,8.79282097099349,2,2.11917990361339,1
"203",5,8.79282097099349,3,34.7530682200834,1
"204",5,8.79282097099349,4,10.5646970755825,1
"205",5,8.79282097099349,5,-19.1376241258524,1
"206",5,9.49898283090442,1,14.8273541252988,1
"207",5,9.49898283090442,2,7.08787037048255,1
"208",5,9.49898283090442,3,12.6867454847032,1
"209",5,9.49898283090442,4,-1.70013723346081,1
"210",5,9.49898283090442,5,-10.453011583054,1
"211",6,0,1,8.31291656340146,1
"212",6,0,2,-8.35736406830204,1
"213",6,0,3,-21.4618722524968,1
"214",6,0,4,2.03825095669673,1
"215",6,0,5,-9.04679581890484,1
"216",6,0.944804636295885,1,24.4537582462455,1
"217",6,0.944804636295885,2,5.41018191939085,1
"218",6,0.944804636295885,3,13.4522260694988,1
"219",6,0.944804636295885,4,31.5010562545521,1
"220",6,0.944804636295885,5,-5.63662098453807,1
"221",6,1.87756808847189,1,22.9970855688032,1
"222",6,1.87756808847189,2,-6.68469791960784,1
"223",6,1.87756808847189,3,-9.87008939904988,1
"224",6,1.87756808847189,4,-16.2883025066459,1
"225",6,1.87756808847189,5,-30.0151277753744,1
"226",6,3.19501565524843,1,24.3542830616603,1
"227",6,3.19501565524843,2,8.74419246820036,1
"228",6,3.19501565524843,3,-8.95881365672976,1
"229",6,3.19501565524843,4,2.76652541007243,1
"230",6,3.19501565524843,5,2.01148315291133,1
"231",6,3.42353929264937,1,47.0442437793011,1
"232",6,3.42353929264937,2,-3.0421856206372,1
"233",6,3.42353929264937,3,15.5698505221878,1
"234",6,3.42353929264937,4,-3.3812343176453,1
"235",6,3.42353929264937,5,-9.05684391529133,1
"236",6,3.55138898734003,1,19.776065935201,1
"237",6,3.55138898734003,2,1.73903777121578,1
"238",6,3.55138898734003,3,4.74798587469658,1
"239",6,3.55138898734003,4,-0.264125208754886,1
"240",6,3.55138898734003,5,-4.62997932189239,1
"241",6,3.76600897137541,1,21.6338733205505,1
"242",6,3.76600897137541,2,23.9401063101253,1
"243",6,3.76600897137541,3,12.1937040087979,1
"244",6,3.76600897137541,4,13.8260633604291,1
"245",6,3.76600897137541,5,-3.39635994949997,1
"246",6,4.29509264486842,1,32.1210014943357,1
"247",6,4.29509264486842,2,16.6002520383362,1
"248",6,4.29509264486842,3,4.68376202310313,1
"249",6,4.29509264486842,4,-4.08175916753149,1
"250",6,4.29509264486842,5,-9.05000121563875,1
"251",6,5.20548831822816,1,24.9722201517293,1
"252",6,5.20548831822816,2,-6.74658558094008,1
"253",6,5.20548831822816,3,20.2308541572005,1
"254",6,5.20548831822816,4,13.7311560234069,1
"255",6,5.20548831822816,5,-23.0787473175398,1
"256",6,5.6565803559497,1,13.2813112475909,1
"257",6,5.6565803559497,2,8.79742343109057,1
"258",6,5.6565803559497,3,23.7229156072842,1
"259",6,5.6565803559497,4,16.2091704231593,1
"260",6,5.6565803559497,5,-29.1362458880184,1
"261",6,6.18166748632211,1,38.3915111998006,1
"262",6,6.18166748632211,2,42.3274339970253,1
"263",6,6.18166748632211,3,10.483630466713,1
"264",6,6.18166748632211,4,-7.99430297669673,1
"265",6,6.18166748632211,5,-13.706465569956,1
"266",6,7.44618380290922,1,18.8679849071463,1
"267",6,7.44618380290922,2,30.0910145305399,1
"268",6,7.44618380290922,3,11.4506675696412,1
"269",6,7.44618380290922,4,15.6643703375947,1
"270",6,7.44618380290922,5,-7.84937837247657,1
"271",7,0,1,9.91920075524949,1
"272",7,0,2,0.385727803897417,1
"273",7,0,3,14.4547356205503,1
"274",7,0,4,8.37583978030279,1
"275",7,0,5,-1.01181681552083,1
"276",7,2.12207097245846,1,14.2203879451755,1
"277",7,2.12207097245846,2,3.77902052538044,1
"278",7,2.12207097245846,3,9.03054451621309,1
"279",7,2.12207097245846,4,-17.2617974465437,1
"280",7,2.12207097245846,5,-6.39870640216435,1
"281",7,3.86717882589437,1,27.3450980696471,1
"282",7,3.86717882589437,2,3.18396584831632,1
"283",7,3.86717882589437,3,13.9716309316785,1
"284",7,3.86717882589437,4,-11.144510164447,1
"285",7,3.86717882589437,5,-3.71225731587981,1
"286",7,5.0406796989264,1,30.7307916347506,1
"287",7,5.0406796989264,2,9.42446189580631,1
"288",7,5.0406796989264,3,24.0215315186503,1
"289",7,5.0406796989264,4,16.950283109374,1
"290",7,5.0406796989264,5,-10.4045415842763,1
"291",7,5.5410655757878,1,21.8286472924691,1
"292",7,5.5410655757878,2,3.01981836481898,1
"293",7,5.5410655757878,3,8.47754476748011,1
"294",7,5.5410655757878,4,-14.5632567601476,1
"295",7,5.5410655757878,5,-9.10307643718191,1
"296",7,5.91752370283939,1,28.220957415947,1
"297",7,5.91752370283939,2,14.0697868788847,1
"298",7,5.91752370283939,3,22.7737262076898,1
"299",7,5.91752370283939,4,21.1970683988674,1
"300",7,5.91752370283939,5,-21.4613647086182,1
"301",7,8.10387985093985,1,31.5541851462039,1
"302",7,8.10387985093985,2,15.3687755142454,1
"303",7,8.10387985093985,3,17.8587737164099,1
"304",7,8.10387985093985,4,16.2315054515913,1
"305",7,8.10387985093985,5,-11.5891531086893,1
"306",8,0,1,-17.1080393713919,1
"307",8,0,2,-12.8287661306259,1
"308",8,0,3,-20.8675403278856,1
"309",8,0,4,-9.12322212072904,1
"310",8,0,5,2.28607765639334,1
"311",8,2.01500575209502,1,9.95977982131022,1
"312",8,2.01500575209502,2,-3.33229712504413,1
"313",8,2.01500575209502,3,13.8560497995276,1
"314",8,2.01500575209502,4,13.2794455178314,1
"315",8,2.01500575209502,5,14.4082261882412,1
"316",8,4.07317754020914,1,30.1126407957974,1
"317",8,4.07317754020914,2,-8.84631114378541,1
"318",8,4.07317754020914,3,4.8600848581607,1
"319",8,4.07317754020914,4,13.6535170779265,1
"320",8,4.07317754020914,5,12.6881299875166,1
"321",8,4.07592222688254,1,34.0530350606145,1
"322",8,4.07592222688254,2,5.52037554374686,1
"323",8,4.07592222688254,3,12.123063323145,1
"324",8,4.07592222688254,4,34.0407568631137,1
"325",8,4.07592222688254,5,-0.711749030006631,1
"326",8,5.76053713704459,1,36.0143951772514,1
"327",8,5.76053713704459,2,3.47484146623479,1
"328",8,5.76053713704459,3,3.94832420989042,1
"329",8,5.76053713704459,4,7.23131397712467,1
"330",8,5.76053713704459,5,-9.30905584673478,1
"331",8,8.80349389766343,1,21.1503177852894,1
"332",8,8.80349389766343,2,-4.19777926415048,1
"333",8,8.80349389766343,3,14.2164376940578,1
"334",8,8.80349389766343,4,3.82864002249754,1
"335",8,8.80349389766343,5,-11.1445881784468,1
"336",9,0,1,-19.9744846486603,1
"337",9,0,2,8.0643689399747,1
"338",9,0,3,-3.93060424094731,1
"339",9,0,4,13.9143518729696,1
"340",9,0,5,-0.274572971823288,1
"341",9,2.62052088882774,1,5.04800636011286,1
"342",9,2.62052088882774,2,6.44367130121741,1
"343",9,2.62052088882774,3,9.51841870870949,1
"344",9,2.62052088882774,4,4.02171538442392,1
"345",9,2.62052088882774,5,4.53042126822789,1
"346",9,4.42542039020918,1,20.810806752043,1
"347",9,4.42542039020918,2,-8.61772612875963,1
"348",9,4.42542039020918,3,13.4839067272783,1
"349",9,4.42542039020918,4,-0.0563841182636793,1
"350",9,4.42542039020918,5,11.3335299454456,1
"351",9,6.36722591868602,1,12.6475513911569,1
"352",9,6.36722591868602,2,7.25964036712219,1
"353",9,6.36722591868602,3,8.06056567202067,1
"354",9,6.36722591868602,4,25.7936444571969,1
"355",9,6.36722591868602,5,-17.228255904313,1
"356",10,0,1,5.29576969159627,1
"357",10,0,2,6.41410242859624,1
"358",10,0,3,15.3774277868452,1
"359",10,0,4,1.73689297112258,1
"360",10,0,5,14.7969265291197,1
"361",10,1.6458858094411,1,13.3106114198188,1
"362",10,1.6458858094411,2,7.83236414975333,1
"363",10,1.6458858094411,3,8.76466016961665,1
"364",10,1.6458858094411,4,-14.1420466305976,1
"365",10,1.6458858094411,5,2.18391345923917,1
"366",10,5.38500850298442,1,31.9371371811759,1
"367",10,5.38500850298442,2,-0.274866856358697,1
"368",10,5.38500850298442,3,9.85991219237864,1
"369",10,5.38500850298442,4,1.10988840229622,1
"370",10,5.38500850298442,5,-4.85825011699844,1
"371",10,6.53070950857364,1,28.6908411044682,1
"372",10,6.53070950857364,2,14.004542918317,1
"373",10,6.53070950857364,3,34.3827411261555,1
"374",10,6.53070950857364,4,-11.9175444103684,1
"375",10,6.53070950857364,5,-4.72540986269873,1
"376",10,7.61892079911195,1,31.7908590193642,1
"377",10,7.61892079911195,2,3.46973428210123,1
"378",10,7.61892079911195,3,36.104422607328,1
"379",10,7.61892079911195,4,27.9580260115752,1
"380",10,7.61892079911195,5,-0.330070666635306,1
"381",10,9.0418604175793,1,3.65787882489846,1
"382",10,9.0418604175793,2,-3.40109725079401,1
"383",10,9.0418604175793,3,3.00354193742802,1
"384",10,9.0418604175793,4,8.88201436678821,1
"385",10,9.0418604175793,5,-5.94686926819747,1
"386",10,9.99029750656337,1,24.7441169811942,1
"387",10,9.99029750656337,2,10.8655870536993,1
"388",10,9.99029750656337,3,2.041462884352,1
"389",10,9.99029750656337,4,29.1282536634794,1
"390",10,9.99029750656337,5,-9.61871575615733,1
"391",10,10.0524203605019,1,14.5319377284792,1
"392",10,10.0524203605019,2,-1.41097237814726,1
"393",10,10.0524203605019,3,6.94309758129882,1
"394",10,10.0524203605019,4,0.583790666670458,1
"395",10,10.0524203605019,5,-23.2091220233571,1
"396",10,10.3565188746434,1,56.1855019050291,1
"397",10,10.3565188746434,2,19.0426584478925,1
"398",10,10.3565188746434,3,19.6698076135115,1
"399",10,10.3565188746434,4,28.6461795583684,1
"400",10,10.3565188746434,5,1.70676251269545,1
"401",11,0,1,-3.03153943812358,1
"402",11,0,2,-0.697523425405671,1
"403",11,0,3,-2.63663936789394,1
"404",11,0,4,-10.002115162653,1
"405",11,0,5,4.85615178069022,1
"406",11,1.38182116160169,1,2.42088121340143,1
"407",11,1.38182116160169,2,-11.0620560571757,1
"408",11,1.38182116160169,3,-3.08683887189552,1
"409",11,1.38182116160169,4,-5.00860242097846,1
"410",11,1.38182116160169,5,-8.71318640838394,1
"411",11,2.18628117872868,1,22.4912774652379,1
"412",11,2.18628117872868,2,0.761596325497901,1
"413",11,2.18628117872868,3,-21.0281258041082,1
"414",11,2.18628117872868,4,16.3673869813657,1
"415",11,2.18628117872868,5,20.8509231947616,1
"416",11,3.32999216858298,1,-1.86997241410292,1
"417",11,3.32999216858298,2,-1.90382079586785,1
"418",11,3.32999216858298,3,22.7829487207903,1
"419",11,3.32999216858298,4,2.44851256356473,1
"420",11,3.32999216858298,5,0.796630427425765,1
"421",11,4.69146470283158,1,18.353168837828,1
"422",11,4.69146470283158,2,3.18290384052174,1
"423",11,4.69146470283158,3,30.015038766891,1
"424",11,4.69146470283158,4,7.82665499535149,1
"425",11,4.69146470283158,5,-14.6308962799954,1
"426",11,6.59865598555189,1,26.509450598758,1
"427",11,6.59865598555189,2,-11.2772852676708,1
"428",11,6.59865598555189,3,14.093181942616,1
"429",11,6.59865598555189,4,-1.72320750713064,1
"430",11,6.59865598555189,5,-18.579759674959,1
"431",11,7.45653312420473,1,25.8351306520842,1
"432",11,7.45653312420473,2,5.31702452224946,1
"433",11,7.45653312420473,3,14.7155966888143,1
"434",11,7.45653312420473,4,17.3642799130179,1
"435",11,7.45653312420473,5,-18.1960726686345,1
"436",11,8.67432969319634,1,27.926108710611,1
"437",11,8.67432969319634,2,12.6835931380605,1
"438",11,8.67432969319634,3,11.5480559699303,1
"439",11,8.67432969319634,4,9.80692410210545,1
"440",11,8.67432969319634,5,-21.5228199933024,1
"441",11,8.70480884122662,1,22.1424941832071,1
"442",11,8.70480884122662,2,-0.157743371613272,1
"443",11,8.70480884122662,3,-0.711787420921901,1
"444",11,8.70480884122662,4,23.8095537531411,1
"445",11,8.70480884122662,5,3.62550724629348,1
"446",12,0,1,12.3399682463,1
"447",12,0,2,-10.2007020326238,1
"448",12,0,3,-5.70050586992385,1
"449",12,0,4,11.1469657414651,1
"450",12,0,5,-11.8912534011953,1
"451",12,6.042352000135,1,27.3657471412012,1
"452",12,6.042352000135,2,8.56605684674274,1
"453",12,6.042352000135,3,8.80701963450586,1
"454",12,6.042352000135,4,-25.2958678032402,1
"455",12,6.042352000135,5,-0.0477964120196503,1
"456",12,6.43390107678715,1,12.1523710964911,1
"457",12,6.43390107678715,2,-0.825332885972615,1
"458",12,6.43390107678715,3,1.9181524768461,1
"459",12,6.43390107678715,4,-7.26673637330444,1
"460",12,6.43390107678715,5,-22.6874302840992,1
"461",12,6.49073526170105,1,29.3770744827038,1
"462",12,6.49073526170105,2,5.00459400850801,1
"463",12,6.49073526170105,3,-3.17678423395117,1
"464",12,6.49073526170105,4,24.5914239827898,1
"465",12,6.49073526170105,5,-13.1042220472389,1
"466",12,7.87156577268615,1,20.6527833886208,1
"467",12,7.87156577268615,2,20.6024429902926,1
"468",12,7.87156577268615,3,19.5688382992077,1
"469",12,7.87156577268615,4,-0.904138832779248,1
"470",12,7.87156577268615,5,-10.1643761648899,1
"471",12,10.995793352602,1,34.4467659290029,1
"472",12,10.995793352602,2,14.9984181617094,1
"473",12,10.995793352602,3,6.22505018485099,1
"474",12,10.995793352602,4,22.9104757844165,1
"475",12,10.995793352602,5,2.26490977955504,1
"476",13,0,1,-12.8944949666306,1
"477",13,0,2,10.0051868091887,1
"478",13,0,3,-9.04620647444399,1
"479",13,0,4,13.9145500544255,1
"480",13,0,5,11.0164832237939,1
"481",13,0.743463517865166,1,11.2191994588292,1
"482",13,0.743463517865166,2,5.09077887873228,1
"483",13,0.743463517865166,3,-14.8552097434049,1
"484",13,0.743463517865166,4,-6.47240000654413,1
"485",13,0.743463517865166,5,9.77333580654794,1
"486",13,5.20093153289054,1,26.4743245842001,1
"487",13,5.20093153289054,2,-4.37900878961988,1
"488",13,5.20093153289054,3,10.228458606642,1
"489",13,5.20093153289054,4,7.02448252596989,1
"490",13,5.20093153289054,5,0.890283755375351,1
"491",13,9.16828460723627,1,27.2878124984732,1
"492",13,9.16828460723627,2,18.1536374916148,1
"493",13,9.16828460723627,3,-5.16188844338741,1
"494",13,9.16828460723627,4,4.28027908254533,1
"495",13,9.16828460723627,5,-9.48183796076731,1
"496",14,0,1,-12.0616798206144,1
"497",14,0,2,-5.44224238051948,1
"498",14,0,3,-3.11384853905605,1
"499",14,0,4,-0.972006659817182,1
"500",14,0,5,-10.3588788654352,1
"501",14,2.11824720271397,1,31.0852334017892,1
"502",14,2.11824720271397,2,21.7929326587221,1
"503",14,2.11824720271397,3,-10.664558943503,1
"504",14,2.11824720271397,4,-17.5398340238501,1
"505",14,2.11824720271397,5,-4.12504864229227,1
"506",14,2.96551334194373,1,14.6240179513005,1
"507",14,2.96551334194373,2,0.52972316984233,1
"508",14,2.96551334194373,3,8.47449347425074,1
"509",14,2.96551334194373,4,9.25430828528337,1
"510",14,2.96551334194373,5,1.50628287466084,1
"511",14,3.57977801072411,1,17.583484889093,1
"512",14,3.57977801072411,2,3.44917511913342,1
"513",14,3.57977801072411,3,12.8455810990585,1
"514",14,3.57977801072411,4,17.0800527311705,1
"515",14,3.57977801072411,5,-10.7124593796896,1
"516",14,5.44047859671991,1,20.3356299382815,1
"517",14,5.44047859671991,2,-14.084771864294,1
"518",14,5.44047859671991,3,4.71296039557822,1
"519",14,5.44047859671991,4,15.9121586665808,1
"520",14,5.44047859671991,5,-12.9676800301272,1
"521",14,7.66448349901475,1,23.5139071126096,1
"522",14,7.66448349901475,2,5.57237007074173,1
"523",14,7.66448349901475,3,21.2834258707454,1
"524",14,7.66448349901475,4,-7.82987103517317,1
"525",14,7.66448349901475,5,-28.8348843179241,1
"526",14,8.83049483248033,1,20.8285124427336,1
"527",14,8.83049483248033,2,10.3031700957496,1
"528",14,8.83049483248033,3,-9.78634029913035,1
"529",14,8.83049483248033,4,12.4462258344606,1
"530",14,8.83049483248033,5,-13.2439619656298,1
"531",14,9.44586112711113,1,44.8218482989327,1
"532",14,9.44586112711113,2,8.82961773092936,1
"533",14,9.44586112711113,3,1.75962896125928,1
"534",14,9.44586112711113,4,12.6132819375551,1
"535",14,9.44586112711113,5,-12.6370585840783,1
"536",14,10.5489687331719,1,1.91437455266993,1
"537",14,10.5489687331719,2,19.3251419890038,1
"538",14,10.5489687331719,3,2.05082579341437,1
"539",14,10.5489687331719,4,14.142310994871,1
"540",14,10.5489687331719,5,-14.7224816243862,1
"541",14,10.9557280447334,1,29.695668603716,1
"542",14,10.9557280447334,2,39.7992209931018,1
"543",14,10.9557280447334,3,19.0678818056003,1
"544",14,10.9557280447334,4,32.8236838958602,1
"545",14,10.9557280447334,5,-16.2234459458116,1
"546",15,0,1,11.4282595121319,1
"547",15,0,2,10.2456438201569,1
"548",15,0,3,-15.8707410159007,1
"549",15,0,4,1.53573786136616,1
"550",15,0,5,2.69810513579677,1
"551",15,1.64551119005773,1,0.792017615623481,1
"552",15,1.64551119005773,2,-6.40827131258892,1
"553",15,1.64551119005773,3,-7.76528823235557,1
"554",15,1.64551119005773,4,8.32337213398647,1
"555",15,1.64551119005773,5,-18.9882067325996,1
"556",15,1.94313412765041,1,23.6766515669622,1
"557",15,1.94313412765041,2,1.75962429770794,1
"558",15,1.94313412765041,3,30.0587997441036,1
"559",15,1.94313412765041,4,6.96963801718895,1
"560",15,1.94313412765041,5,-12.1659219999572,1
"561",15,2.91749587003142,1,39.5188947617157,1
"562",15,2.91749587003142,2,12.1431320363679,1
"563",15,2.91749587003142,3,9.24812517824072,1
"564",15,2.91749587003142,4,1.99308371645762,1
"565",15,2.91749587003142,5,-33.2914110445799,1
"566",15,5.34204335173126,1,18.8105658894386,1
"567",15,5.34204335173126,2,16.8334037393486,1
"568",15,5.34204335173126,3,27.7638051120107,1
"569",15,5.34204335173126,4,2.36028802984004,1
"570",15,5.34204335173126,5,-2.07774483506524,1
"571",15,8.77762706927024,1,23.1045613782782,1
"572",15,8.77762706927024,2,2.42234861779984,1
"573",15,8.77762706927024,3,11.6607354314321,1
"574",15,8.77762706927024,4,-7.05288294964049,1
"575",15,8.77762706927024,5,-23.9448721251075,1
"576",15,10.6093263904331,1,17.271333150101,1
"577",15,10.6093263904331,2,20.1480421124276,1
"578",15,10.6093263904331,3,12.8253578419549,1
"579",15,10.6093263904331,4,12.2499009463951,1
"580",15,10.6093263904331,5,-8.21826777521424,1
"581",16,0,1,20.8626211008229,1
"582",16,0,2,3.00707650085352,1
"583",16,0,3,-3.78398115677781,1
"584",16,0,4,3.24147778088341,1
"585",16,0,5,15.4871681988228,1
"586",16,3.23960522632115,1,9.85331273165824,1
"587",16,3.23960522632115,2,-11.2715100073867,1
"588",16,3.23960522632115,3,9.33850710762879,1
"589",16,3.23960522632115,4,-10.9674943314992,1
"590",16,3.23960522632115,5,-10.1812281975598,1
"591",16,7.37809034436941,1,26.9793413550593,1
"592",16,7.37809034436941,2,-12.2953576468153,1
"593",16,7.37809034436941,3,2.53505621207711,1
"594",16,7.37809034436941,4,0.357485196632371,1
"595",16,7.37809034436941,5,-3.55819728077529,1
"596",16,7.68954917008523,1,13.6691387371224,1
"597",16,7.68954917008523,2,-14.7447975458733,1
"598",16,7.68954917008523,3,-5.18287254232964,1
"599",16,7.68954917008523,4,-5.00076926428617,1
"600",16,7.68954917008523,5,-26.3583817429267,1
"601",16,8.65737076592632,1,43.8062735118879,1
"602",16,8.65737076592632,2,15.1200488243556,1
"603",16,8.65737076592632,3,23.1402495631543,1
"604",16,8.65737076592632,4,9.35482715002147,1
"605",16,8.65737076592632,5,-11.0852427411298,1
"606",17,0,1,-2.66057200220991,1
"607",17,0,2,6.74666895275124,1
"608",17,0,3,-7.52780165397975,1
"609",17,0,4,2.8203664381928,1
"610",17,0,5,-9.88277708309256,1
"611",17,2.35216428257991,1,33.5169859184168,1
"612",17,2.35216428257991,2,31.4512733591395,1
"613",17,2.35216428257991,3,19.2068895268683,1
"614",17,2.35216428257991,4,12.9692631518383,1
"615",17,2.35216428257991,5,7.26399196721978,1
"616",17,2.6422239698004,1,13.6891634292592,1
"617",17,2.6422239698004,2,7.39044592290136,1
"618",17,2.6422239698004,3,9.65055248411275,1
"619",17,2.6422239698004,4,-15.0140747611492,1
"620",17,2.6422239698004,5,-15.0581694419879,1
"621",17,2.97635530401021,1,5.03713436458826,1
"622",17,2.97635530401021,2,14.1799192762415,1
"623",17,2.97635530401021,3,17.9713978557059,1
"624",17,2.97635530401021,4,2.52875231698569,1
"625",17,2.97635530401021,5,7.62305880556595,1
"626",17,5.33924141456373,1,33.0271902264024,1
"627",17,5.33924141456373,2,32.8629574762235,1
"628",17,5.33924141456373,3,25.063077260375,1
"629",17,5.33924141456373,4,10.35581362719,1
"630",17,5.33924141456373,5,-1.66789394131877,1
"631",17,5.90654736908618,1,16.0217168864792,1
"632",17,5.90654736908618,2,2.74689039585519,1
"633",17,5.90654736908618,3,8.03564772870694,1
"634",17,5.90654736908618,4,-0.489777428727736,1
"635",17,5.90654736908618,5,-12.5394246912062,1
"636",17,9.23108167632017,1,17.5842075454612,1
"637",17,9.23108167632017,2,31.3052510634384,1
"638",17,9.23108167632017,3,12.8138836044631,1
"639",17,9.23108167632017,4,16.7095062641652,1
"640",17,9.23108167632017,5,-6.09391631890748,1
"641",18,0,1,-5.202002141039,1
"642",18,0,2,-2.92066122380345,1
"643",18,0,3,-11.077194238069,1
"644",18,0,4,4.51882342113505,1
"645",18,0,5,-8.68612290847279,1
"646",18,1.46604278939776,1,5.24897752794296,1
"647",18,1.46604278939776,2,-0.669982004458715,1
"648",18,1.46604278939776,3,29.3020577406414,1
"649",18,1.46604278939776,4,6.14733073790473,1
"650",18,1.46604278939776,5,-3.49833919161313,1
"651",18,3.26928731193766,1,30.8543274582535,1
"652",18,3.26928731193766,2,12.2920185509351,1
"653",18,3.26928731193766,3,4.5483677410314,1
"654",18,3.26928731193766,4,-6.40834807262492,1
"655",18,3.26928731193766,5,12.9652297209929,1
"656",18,4.04813842859585,1,21.0436125683275,1
"657",18,4.04813842859585,2,12.3844277313043,1
"658",18,4.04813842859585,3,24.2700698653488,1
"659",18,4.04813842859585,4,-0.792851523808049,1
"660",18,4.04813842859585,5,-11.6095442232402,1
"661",18,4.6278151886072,1,28.5475141882493,1
"662",18,4.6278151886072,2,-13.6621493153052,1
"663",18,4.6278151886072,3,10.5378791642796,1
"664",18,4.6278151886072,4,11.4819153256631,1
"665",18,4.6278151886072,5,-14.9739166280748,1
"666",18,5.0453344467096,1,30.947360814118,1
"667",18,5.0453344467096,2,5.83682727040825,1
"668",18,5.0453344467096,3,15.4845227715986,1
"669",18,5.0453344467096,4,-5.9457977796304,1
"670",18,5.0453344467096,5,-7.67456053990881,1
"671",18,5.83189791976474,1,16.3859697286294,1
"672",18,5.83189791976474,2,4.35658286814631,1
"673",18,5.83189791976474,3,15.0503464466305,1
"674",18,5.83189791976474,4,15.7725634130731,1
"675",18,5.83189791976474,5,-16.3059943381299,1
"676",18,6.35288266278803,1,23.1747923451017,1
"677",18,6.35288266278803,2,9.35725441160205,1
"678",18,6.35288266278803,3,0.899278120006752,1
"679",18,6.35288266278803,4,-0.796168048177549,1
"680",18,6.35288266278803,5,-6.00198314239879,1
"681",18,6.66063582815696,1,26.4441891346988,1
"682",18,6.66063582815696,2,4.69341529769601,1
"683",18,6.66063582815696,3,37.1154267930573,1
"684",18,6.66063582815696,4,17.9204644516479,1
"685",18,6.66063582815696,5,-6.4562973530757,1
"686",18,9.41692556417547,1,11.8316274031196,1
"687",18,9.41692556417547,2,1.38669175258829,1
"688",18,9.41692556417547,3,6.62583856095149,1
"689",18,9.41692556417547,4,9.06455217042032,1
"690",18,9.41692556417547,5,-16.3724057498386,1
"691",18,10.2500950001413,1,21.9437785122428,1
"692",18,10.2500950001413,2,-9.37811684573974,1
"693",18,10.2500950001413,3,-2.23469638963159,1
"694",18,10.2500950001413,4,-9.62506025110526,1
"695",18,10.2500950001413,5,-22.9573434916198,1
"696",19,0,1,-7.06340083986545,1
"697",19,0,2,16.9295179099289,1
"698",19,0,3,-17.9512504943419,1
"699",19,0,4,-7.05275104570975,1
"700",19,0,5,13.3757344494056,1
"701",19,0.537959889043123,1,22.297993936787,1
"702",19,0.537959889043123,2,22.793742438347,1
"703",19,0.537959889043123,3,-13.3912691244692,1
"704",19,0.537959889043123,4,1.07041175877803,1
"705",19,0.537959889043123,5,11.6876480078143,1
"706",19,1.09047707379796,1,17.2831452352329,1
"707",19,1.09047707379796,2,3.23661018276433,1
"708",19,1.09047707379796,3,-16.2801709825114,1
"709",19,1.09047707379796,4,9.20056644161441,1
"710",19,1.09047707379796,5,5.74463976416036,1
"711",19,1.53645904897712,1,33.0300811166673,1
"712",19,1.53645904897712,2,-4.39502673212167,1
"713",19,1.53645904897712,3,-15.7851518007722,1
"714",19,1.53645904897712,4,-9.53178891268762,1
"715",19,1.53645904897712,5,-2.01975940913232,1
"716",19,1.97521744586993,1,24.3001079003586,1
"717",19,1.97521744586993,2,7.47403145272029,1
"718",19,1.97521744586993,3,-2.00599556948259,1
"719",19,1.97521744586993,4,8.36805080749482,1
"720",19,1.97521744586993,5,3.98194263078739,1
"721",19,3.40014000260271,1,24.4140053755368,1
"722",19,3.40014000260271,2,2.84648473817345,1
"723",19,3.40014000260271,3,14.1277774369376,1
"724",19,3.40014000260271,4,20.4220676276029,1
"725",19,3.40014000260271,5,1.55564920813703,1
"726",19,3.56566326785833,1,45.7330833120421,1
"727",19,3.56566326785833,2,-8.08273105505474,1
"728",19,3.56566326785833,3,9.96660474858145,1
"729",19,3.56566326785833,4,-6.65041513069752,1
"730",19,3.56566326785833,5,6.9725327912977,1
"731",19,4.73358068487141,1,20.4405968179865,1
"732",19,4.73358068487141,2,-14.544875238276,1
"733",19,4.73358068487141,3,19.9575168773259,1
"734",19,4.73358068487141,4,14.9972320565942,1
"735",19,4.73358068487141,5,-8.66792009593637,1
"736",19,6.22674482339062,1,50.4097272880735,1
"737",19,6.22674482339062,2,5.67279821287723,1
"738",19,6.22674482339062,3,12.5885741631438,1
"739",19,6.22674482339062,4,-3.42375863370058,1
"740",19,6.22674482339062,5,-3.17876131425646,1
"741",19,7.39182700612582,1,34.5853855819336,1
"742",19,7.39182700612582,2,23.3157215378618,1
"743",19,7.39182700612582,3,27.045943939793,1
"744",19,7.39182700612582,4,10.8918250672149,1
"745",19,7.39182700612582,5,2.57752309185982,1
"746",20,0,1,6.5998817363456,1
"747",20,0,2,19.9174944102284,1
"748",20,0,3,-4.16774349418379,1
"749",20,0,4,-5.02119245329983,1
"750",20,0,5,8.32703778381638,1
"751",20,0.749640442314558,1,-18.1192494344781,1
"752",20,0.749640442314558,2,-6.47697188758812,1
"753",20,0.749640442314558,3,-4.6684701105318,1
"754",20,0.749640442314558,4,10.5919670051208,1
"755",20,0.749640442314558,5,-5.3940509552711,1
"756",20,4.03606923820917,1,27.2517535921252,1
"757",20,4.03606923820917,2,-13.4292484205178,1
"758",20,4.03606923820917,3,23.7892711074435,1
"759",20,4.03606923820917,4,-17.6580818209467,1
"760",20,4.03606923820917,5,-19.7113870691906,1
"761",20,8.73548966413364,1,36.4585947808765,1
"762",20,8.73548966413364,2,-8.26156068025617,1
"763",20,8.73548966413364,3,5.13749999517794,1
"764",20,8.73548966413364,4,-5.43459828896307,1
"765",20,8.73548966413364,5,-23.5070707333853,1
"766",21,0,1,4.2001230837601,1
"767",21,0,2,-3.00065317791701,1
"768",21,0,3,-0.217600584509933,1
"769",21,0,4,16.263534586108,1
"770",21,0,5,-8.62187887749061,1
"771",21,2.75790877791587,1,11.780531074954,1
"772",21,2.75790877791587,2,10.106263967959,1
"773",21,2.75790877791587,3,4.52121782955797,1
"774",21,2.75790877791587,4,-38.3692718864694,1
"775",21,2.75790877791587,5,-8.00890134102024,1
"776",21,4.3348421533592,1,38.865310074109,1
"777",21,4.3348421533592,2,37.3965965170686,1
"778",21,4.3348421533592,3,16.0066067776551,1
"779",21,4.3348421533592,4,-16.7307260383879,1
"780",21,4.3348421533592,5,-11.3936292590355,1
"781",21,4.92318954935763,1,25.3737734362431,1
"782",21,4.92318954935763,2,19.9300607458408,1
"783",21,4.92318954935763,3,20.4417207988693,1
"784",21,4.92318954935763,4,1.87106120012432,1
"785",21,4.92318954935763,5,12.0957732990941,1
"786",21,5.22267145582009,1,28.7374680652752,1
"787",21,5.22267145582009,2,2.68987157110655,1
"788",21,5.22267145582009,3,0.251620871874534,1
"789",21,5.22267145582009,4,-0.507463009521638,1
"790",21,5.22267145582009,5,8.80470735951975,1
"791",21,5.23109655128792,1,26.1747752607556,1
"792",21,5.23109655128792,2,15.2230360708053,1
"793",21,5.23109655128792,3,14.8540740550176,1
"794",21,5.23109655128792,4,-5.44618530376184,1
"795",21,5.23109655128792,5,-17.1884931595505,1
"796",21,8.62106215197127,1,42.7511762644054,1
"797",21,8.62106215197127,2,10.0544195356598,1
"798",21,8.62106215197127,3,16.5271279484482,1
"799",21,8.62106215197127,4,10.4931862464171,1
"800",21,8.62106215197127,5,-5.53337150414495,1
"801",22,0,1,-3.52661243029765,1
"802",22,0,2,-4.94860044586405,1
"803",22,0,3,-1.66698570815091,1
"804",22,0,4,-10.8693052176382,1
"805",22,0,5,1.19286589087616,1
"806",22,3.2233650154667,1,2.0249002483389,1
"807",22,3.2233650154667,2,-12.4969800430066,1
"808",22,3.2233650154667,3,11.6160385186918,1
"809",22,3.2233650154667,4,2.32392623799971,1
"810",22,3.2233650154667,5,-19.8363903123316,1
"811",22,5.39783125196118,1,24.6830037177795,1
"812",22,5.39783125196118,2,-9.16834146770528,1
"813",22,5.39783125196118,3,12.6344624598675,1
"814",22,5.39783125196118,4,-9.82669563231658,1
"815",22,5.39783125196118,5,-9.25054027803198,1
"816",22,8.19159379554912,1,28.7539960669,1
"817",22,8.19159379554912,2,14.283019710119,1
"818",22,8.19159379554912,3,2.86333058813626,1
"819",22,8.19159379554912,4,10.5630205020134,1
"820",22,8.19159379554912,5,9.48126178026935,1
"821",22,8.94980110472534,1,16.8924665672673,1
"822",22,8.94980110472534,2,2.1300418041601,1
"823",22,8.94980110472534,3,13.5854878991878,1
"824",22,8.94980110472534,4,22.1197367162051,1
"825",22,8.94980110472534,5,-4.78870071709816,1
"826",23,0,1,0.883155208872672,1
"827",23,0,2,-2.55169350523888,1
"828",23,0,3,-25.1936946428756,1
"829",23,0,4,-14.5337441906162,1
"830",23,0,5,-0.822873390094684,1
"831",23,1.97133550152648,1,21.0667782126971,1
"832",23,1.97133550152648,2,12.4864175392288,1
"833",23,1.97133550152648,3,8.18825308947047,1
"834",23,1.97133550152648,4,-5.02121885954462,1
"835",23,1.97133550152648,5,-4.33889084359818,1
"836",23,8.37305238796398,1,22.1931600089006,1
"837",23,8.37305238796398,2,-3.48867522337993,1
"838",23,8.37305238796398,3,6.42513654868908,1
"839",23,8.37305238796398,4,-0.165727554202433,1
"840",23,8.37305238796398,5,-5.20796904775089,1
"841",23,9.44073193951044,1,24.55792944978,1
"842",23,9.44073193951044,2,-3.0017027569696,1
"843",23,9.44073193951044,3,14.6427572984222,1
"844",23,9.44073193951044,4,-8.81174903209744,1
"845",23,9.44073193951044,5,-0.519608146905876,1
"846",23,10.0857398229418,1,2.46835616593382,1
"847",23,10.0857398229418,2,-7.83849540613069,1
"848",23,10.0857398229418,3,0.651926610190269,1
"849",23,10.0857398229418,4,1.8397726916734,1
"850",23,10.0857398229418,5,16.2891126681249,1
"851",23,10.6385402360465,1,23.5267805811533,1
"852",23,10.6385402360465,2,0.0336816826205864,1
"853",23,10.6385402360465,3,17.2177553822118,1
"854",23,10.6385402360465,4,-15.0578972459511,1
"855",23,10.6385402360465,5,1.54820416654518,1
"856",24,0,1,1.55306879561068,1
"857",24,0,2,-4.16698660820839,1
"858",24,0,3,-16.3496810040702,1
"859",24,0,4,5.98060273181804,1
"860",24,0,5,-4.98002875021265,1
"861",24,0.71939936617855,1,-0.0655582236716423,1
"862",24,0.71939936617855,2,13.9820441319439,1
"863",24,0.71939936617855,3,-8.87847295510739,1
"864",24,0.71939936617855,4,12.7390016547409,1
"865",24,0.71939936617855,5,-18.5951754481701,1
"866",24,1.07983554713428,1,12.1616681147707,1
"867",24,1.07983554713428,2,-7.45924429482321,1
"868",24,1.07983554713428,3,-12.4317560507648,1
"869",24,1.07983554713428,4,-5.48394937186001,1
"870",24,1.07983554713428,5,-1.38239720140477,1
"871",24,2.09568134031724,1,22.6304042563781,1
"872",24,2.09568134031724,2,7.66534274884185,1
"873",24,2.09568134031724,3,0.562784628487922,1
"874",24,2.09568134031724,4,1.2411526088853,1
"875",24,2.09568134031724,5,-1.53102889166545,1
"876",24,3.99679517920595,1,16.0679006677411,1
"877",24,3.99679517920595,2,2.37805308282083,1
"878",24,3.99679517920595,3,9.12110284032657,1
"879",24,3.99679517920595,4,-3.38213804105079,1
"880",24,3.99679517920595,5,-32.4944923647026,1
"881",24,4.949645411456,1,23.5105993387333,1
"882",24,4.949645411456,2,23.2298867913772,1
"883",24,4.949645411456,3,12.4994674205332,1
"884",24,4.949645411456,4,20.3908294786554,1
"885",24,4.949645411456,5,-4.15059016813287,1
"886",24,4.98741359764244,1,7.42980653758037,1
"887",24,4.98741359764244,2,6.24566469671869,1
"888",24,4.98741359764244,3,-5.18716766584783,1
"889",24,4.98741359764244,4,4.75793141398109,1
"890",24,4.98741359764244,5,-37.0982960188128,1
"891",24,5.87714549992234,1,37.0571468865697,1
"892",24,5.87714549992234,2,22.7045592821787,1
"893",24,5.87714549992234,3,7.24826435341555,1
"894",24,5.87714549992234,4,16.9720709068751,1
"895",24,5.87714549992234,5,5.81971364114899,1
"896",24,6.88882334320806,1,21.273759346861,1
"897",24,6.88882334320806,2,3.99265086247145,1
"898",24,6.88882334320806,3,12.2862634400845,1
"899",24,6.88882334320806,4,-5.13909121714778,1
"900",24,6.88882334320806,5,-6.59616322035097,1
"901",24,10.95104654436,1,-1.86451654915851,1
"902",24,10.95104654436,2,8.32165898071456,1
"903",24,10.95104654436,3,-9.83829114703171,1
"904",24,10.95104654436,4,-1.45400400981304,1
"905",24,10.95104654436,5,-23.629644048269,1
"906",25,0,1,13.3872403181407,1
"907",25,0,2,1.43786986731961,1
"908",25,0,3,-14.5888177287142,1
"909",25,0,4,-12.6207144997688,1
"910",25,0,5,-19.8139317886799,1
"911",25,2.23033824784216,1,15.3499466892416,1
"912",25,2.23033824784216,2,11.2849838298396,1
"913",25,2.23033824784216,3,0.48829261784586,1
"914",25,2.23033824784216,4,5.91618821351702,1
"915",25,2.23033824784216,5,-15.0455407927723,1
"916",25,5.20461617351975,1,14.116903608418,1
"917",25,5.20461617351975,2,19.8586459846592,1
"918",25,5.20461617351975,3,7.22825721643358,1
"919",25,5.20461617351975,4,-4.47948449005692,1
"920",25,5.20461617351975,5,-20.9520315782362,1
"921",25,6.83055712585337,1,19.2846663105803,1
"922",25,6.83055712585337,2,30.3292453142181,1
"923",25,6.83055712585337,3,3.08068207783304,1
"924",25,6.83055712585337,4,20.7871616331695,1
"925",25,6.83055712585337,5,-1.47114280259728,1
"926",26,0,1,-13.331781152227,1
"927",26,0,2,-8.76575710203689,1
"928",26,0,3,-12.6094518361255,1
"929",26,0,4,-8.49822085338731,1
"930",26,0,5,-9.10310173529579,1
"931",26,1.89598314580508,1,27.0502685506893,1
"932",26,1.89598314580508,2,-16.4187575009896,1
"933",26,1.89598314580508,3,-14.431298432712,1
"934",26,1.89598314580508,4,17.7519193114341,1
"935",26,1.89598314580508,5,-14.1595880129494,1
"936",26,6.91466531367041,1,20.69570790957,1
"937",26,6.91466531367041,2,3.23997649174887,1
"938",26,6.91466531367041,3,-6.5190882991086,1
"939",26,6.91466531367041,4,-11.5411370634629,1
"940",26,6.91466531367041,5,-21.6469575610911,1
"941",26,10.8415386142442,1,12.2374938919962,1
"942",26,10.8415386142442,2,1.28162876312834,1
"943",26,10.8415386142442,3,17.5481148338029,1
"944",26,10.8415386142442,4,10.2868505752387,1
"945",26,10.8415386142442,5,1.47785687708827,1
"946",26,10.9096493374091,1,24.9043470525734,1
"947",26,10.9096493374091,2,18.3966487730331,1
"948",26,10.9096493374091,3,15.376983795675,1
"949",26,10.9096493374091,4,15.7474034068787,1
"950",26,10.9096493374091,5,-10.3376825828402,1
"951",27,0,1,22.8091695539946,1
"952",27,0,2,-2.77860235771653,1
"953",27,0,3,2.72841857125915,1
"954",27,0,4,-10.4028613641894,1
"955",27,0,5,-5.09112311210006,1
"956",27,0.651494403020479,1,28.6592587971835,1
"957",27,0.651494403020479,2,-3.74487838879304,1
"958",27,0.651494403020479,3,3.18898496511423,1
"959",27,0.651494403020479,4,-17.0950603041312,1
"960",27,0.651494403020479,5,-14.9986728589411,1
"961",27,1.01933496899437,1,11.415327571097,1
"962",27,1.01933496899437,2,-17.4375318851049,1
"963",27,1.01933496899437,3,-2.95742739493509,1
"964",27,1.01933496899437,4,19.3396447099627,1
"965",27,1.01933496899437,5,-13.1198819784037,1
"966",27,1.17758477875032,1,16.5660685309607,1
"967",27,1.17758477875032,2,0.0479998127818488,1
"968",27,1.17758477875032,3,11.17394824789,1
"969",27,1.17758477875032,4,5.96983915719151,1
"970",27,1.17758477875032,5,-7.78544841474526,1
"971",27,2.47592961974442,1,14.2342684450266,1
"972",27,2.47592961974442,2,-18.347508117544,1
"973",27,2.47592961974442,3,-2.301943592034,1
"974",27,2.47592961974442,4,-18.3142520949247,1
"975",27,2.47592961974442,5,-5.18739308699426,1
"976",27,4.84420614619739,1,35.1619377100044,1
"977",27,4.84420614619739,2,10.0531504395347,1
"978",27,4.84420614619739,3,21.4687805094974,1
"979",27,4.84420614619739,4,4.32583200556081,1
"980",27,4.84420614619739,5,-6.97613335804354,1
"981",27,6.16815963340923,1,31.8993938172826,1
"982",27,6.16815963340923,2,17.6592725738662,1
"983",27,6.16815963340923,3,12.7638694193836,1
"984",27,6.16815963340923,4,10.3792114008829,1
"985",27,6.16815963340923,5,-23.9413803225835,1
"986",27,7.67129974754062,1,42.7554340268284,1
"987",27,7.67129974754062,2,10.548858439633,1
"988",27,7.67129974754062,3,36.5282055368138,1
"989",27,7.67129974754062,4,16.1677190858029,1
"990",27,7.67129974754062,5,-1.81062919274851,1
"991",27,8.51209057669621,1,35.6564514234007,1
"992",27,8.51209057669621,2,3.9716429371295,1
"993",27,8.51209057669621,3,37.8697649552449,1
"994",27,8.51209057669621,4,17.5261452196398,1
"995",27,8.51209057669621,5,-9.31144469704074,1
"996",27,8.71055744064506,1,23.6367329375542,1
"997",27,8.71055744064506,2,22.5412735091438,1
"998",27,8.71055744064506,3,10.5220385974722,1
"999",27,8.71055744064506,4,2.60689022134753,1
"1000",27,8.71055744064506,5,14.1328906983195,1
"1001",27,9.14143907849211,1,8.60873558779141,1
"1002",27,9.14143907849211,2,19.5558587293369,1
"1003",27,9.14143907849211,3,7.26284541447891,1
"1004",27,9.14143907849211,4,6.30635588917654,1
"1005",27,9.14143907849211,5,-25.7903377171736,1
"1006",27,9.98254426952917,1,18.0077589202757,1
"1007",27,9.98254426952917,2,-3.65174012521886,1
"1008",27,9.98254426952917,3,30.3951189022012,1
"1009",27,9.98254426952917,4,9.72310579690854,1
"1010",27,9.98254426952917,5,-22.5958663996556,1
"1011",28,0,1,-3.34706683143843,1
"1012",28,0,2,17.8943555076189,1
"1013",28,0,3,6.64119292663957,1
"1014",28,0,4,-3.1214817616326,1
"1015",28,0,5,-12.7924464760217,1
"1016",28,0.51621844060719,1,-5.73408290730844,1
"1017",28,0.51621844060719,2,3.3630345185874,1
"1018",28,0.51621844060719,3,1.13642910705872,1
"1019",28,0.51621844060719,4,-11.0126153631318,1
"1020",28,0.51621844060719,5,-2.33977137134792,1
"1021",28,4.02003761590458,1,17.9546728341382,1
"1022",28,4.02003761590458,2,2.8370686340439,1
"1023",28,4.02003761590458,3,4.44055881065634,1
"1024",28,4.02003761590458,4,2.97590454818947,1
"1025",28,4.02003761590458,5,-5.96345910001742,1
"1026",28,5.74371290171985,1,28.2013806785163,1
"1027",28,5.74371290171985,2,-5.8063390715539,1
"1028",28,5.74371290171985,3,18.5726393334822,1
"1029",28,5.74371290171985,4,-4.13523537894473,1
"1030",28,5.74371290171985,5,-17.4439290843124,1
"1031",28,6.95274885185063,1,30.0849299997707,1
"1032",28,6.95274885185063,2,15.6463554590142,1
"1033",28,6.95274885185063,3,5.46195515625464,1
"1034",28,6.95274885185063,4,7.13050295541881,1
"1035",28,6.95274885185063,5,-16.6955020022476,1
"1036",28,8.96073447249364,1,41.5817686768889,1
"1037",28,8.96073447249364,2,32.1811656912708,1
"1038",28,8.96073447249364,3,15.1085538709529,1
"1039",28,8.96073447249364,4,27.704464514278,1
"1040",28,8.96073447249364,5,13.7486766085488,1
"1041",29,0,1,8.38909157684764,1
"1042",29,0,2,-12.7146690803248,1
"1043",29,0,3,-21.1080485853198,1
"1044",29,0,4,5.57236847451619,1
"1045",29,0,5,-1.26061448673192,1
"1046",29,2.12372576550115,1,28.1943418750836,1
"1047",29,2.12372576550115,2,-5.26360058195299,1
"1048",29,2.12372576550115,3,-8.4644341520838,1
"1049",29,2.12372576550115,4,1.90535410025497,1
"1050",29,2.12372576550115,5,-1.79685242281321,1
"1051",29,2.16154068743344,1,12.0647026924443,1
"1052",29,2.16154068743344,2,1.63575661762647,1
"1053",29,2.16154068743344,3,-10.0976624349668,1
"1054",29,2.16154068743344,4,-5.47200183435505,1
"1055",29,2.16154068743344,5,8.11772085677165,1
"1056",29,2.37029153748881,1,21.9899060464624,1
"1057",29,2.37029153748881,2,16.8707252903453,1
"1058",29,2.37029153748881,3,2.67864160371571,1
"1059",29,2.37029153748881,4,15.2527080871475,1
"1060",29,2.37029153748881,5,14.855940016151,1
"1061",29,3.67749181587715,1,13.1814624098533,1
"1062",29,3.67749181587715,2,3.5795349285691,1
"1063",29,3.67749181587715,3,14.6771951435335,1
"1064",29,3.67749181587715,4,15.2386577491711,1
"1065",29,3.67749181587715,5,-2.93673280463598,1
"1066",29,7.90838070807513,1,35.7969503594156,1
"1067",29,7.90838070807513,2,3.46300448020331,1
"1068",29,7.90838070807513,3,18.1821265610427,1
"1069",29,7.90838070807513,4,3.13633596162999,1
"1070",29,7.90838070807513,5,1.41748704096818,1
"1071",30,0,1,-8.93216002736835,1
"1072",30,0,2,-16.7033807149348,1
"1073",30,0,3,-14.2140450259267,1
"1074",30,0,4,-3.58840690214034,1
"1075",30,0,5,1.95543848060923,1
"1076",30,2.68630573304836,1,18.3175141698855,1
"1077",30,2.68630573304836,2,20.0169088833829,1
"1078",30,2.68630573304836,3,-16.8833574736141,1
"1079",30,2.68630573304836,4,1.72236545499097,1
"1080",30,2.68630573304836,5,-19.8118608706891,1
"1081",30,3.30161032290198,1,19.673778336223,1
"1082",30,3.30161032290198,2,9.69354572550054,1
"1083",30,3.30161032290198,3,-13.4297170897589,1
"1084",30,3.30161032290198,4,-3.33476739674176,1
"1085",30,3.30161032290198,5,-24.0847868292165,1
"1086",30,4.61625677638222,1,-2.50167784859194,1
"1087",30,4.61625677638222,2,-5.63445638870226,1
"1088",30,4.61625677638222,3,18.3292392707399,1
"1089",30,4.61625677638222,4,3.32382833409299,1
"1090",30,4.61625677638222,5,-23.9333788445695,1
"1091",30,4.83603645325638,1,31.1113848057469,1
"1092",30,4.83603645325638,2,-0.0224934622397199,1
"1093",30,4.83603645325638,3,15.4803603554263,1
"1094",30,4.83603645325638,4,0.671298707779115,1
"1095",30,4.83603645325638,5,-13.2948760127409,1
"1096",30,7.65318088536151,1,26.0706826897162,1
"1097",30,7.65318088536151,2,-6.99227903585432,1
"1098",30,7.65318088536151,3,18.9872848550033,1
"1099",30,7.65318088536151,4,-10.9662200733185,1
"1100",30,7.65318088536151,5,-16.5888736437899,1
"1101",30,8.99840302648954,1,27.7136403392564,1
"1102",30,8.99840302648954,2,-4.66904645974868,1
"1103",30,8.99840302648954,3,7.58329594368801,1
"1104",30,8.99840302648954,4,11.1472269598134,1
"1105",30,8.99840302648954,5,5.48470123348532,1
"1106",30,9.07435048860498,1,47.5926210619286,1
"1107",30,9.07435048860498,2,5.71316474124326,1
"1108",30,9.07435048860498,3,13.8176219338189,1
"1109",30,9.07435048860498,4,11.9822623379938,1
"1110",30,9.07435048860498,5,-0.617538502032784,1
"1111",30,10.9888862508815,1,13.9878708798459,1
"1112",30,10.9888862508815,2,14.2325775015195,1
"1113",30,10.9888862508815,3,18.9300244366929,1
"1114",30,10.9888862508815,4,5.50431648004955,1
"1115",30,10.9888862508815,5,-27.549929123439,1
"1116",31,0,1,-14.2289028215424,1
"1117",31,0,2,17.2817333278785,1
"1118",31,0,3,-19.7626735091056,1
"1119",31,0,4,5.13884384111755,1
"1120",31,0,5,-6.50244388874191,1
"1121",31,3.05428224755451,1,25.1811869604438,1
"1122",31,3.05428224755451,2,24.4166030424583,1
"1123",31,3.05428224755451,3,17.6245534771349,1
"1124",31,3.05428224755451,4,-7.42862515900921,1
"1125",31,3.05428224755451,5,-21.714481170311,1
"1126",31,4.03812290960923,1,35.4973428332677,1
"1127",31,4.03812290960923,2,16.0328723091332,1
"1128",31,4.03812290960923,3,15.4108195866189,1
"1129",31,4.03812290960923,4,-10.1480121722934,1
"1130",31,4.03812290960923,5,-11.452917194002,1
"1131",31,5.94825110991951,1,35.0746149077934,1
"1132",31,5.94825110991951,2,9.65099528575221,1
"1133",31,5.94825110991951,3,9.26233512616646,1
"1134",31,5.94825110991951,4,9.41766777801705,1
"1135",31,5.94825110991951,5,-17.3168304627844,1
"1136",32,0,1,2.08873859386341,1
"1137",32,0,2,23.1964399424836,1
"1138",32,0,3,3.66863714951514,1
"1139",32,0,4,-3.02112635719051,1
"1140",32,0,5,-18.7372701789322,1
"1141",32,3.9061729349196,1,19.0531174428214,1
"1142",32,3.9061729349196,2,-11.2455058097337,1
"1143",32,3.9061729349196,3,19.9239281619433,1
"1144",32,3.9061729349196,4,2.83886444705036,1
"1145",32,3.9061729349196,5,-11.8808315457686,1
"1146",32,4.94901262212079,1,15.5828525786663,1
"1147",32,4.94901262212079,2,18.6124605486699,1
"1148",32,4.94901262212079,3,-2.27471616456307,1
"1149",32,4.94901262212079,4,1.82235766679691,1
"1150",32,4.94901262212079,5,-24.1698980980843,1
"1151",32,5.33469349867664,1,26.8279928426441,1
"1152",32,5.33469349867664,2,-10.0292122522333,1
"1153",32,5.33469349867664,3,14.4617358140557,1
"1154",32,5.33469349867664,4,1.06099844505137,1
"1155",32,5.33469349867664,5,-19.2752966497685,1
"1156",32,8.97467293869704,1,19.5215290357281,1
"1157",32,8.97467293869704,2,15.352597505419,1
"1158",32,8.97467293869704,3,18.341804248237,1
"1159",32,8.97467293869704,4,-3.74228730641759,1
"1160",32,8.97467293869704,5,-23.0672458883234,1
"1161",32,10.7313548848033,1,23.5873227584318,1
"1162",32,10.7313548848033,2,-2.76418704071575,1
"1163",32,10.7313548848033,3,6.37052783299202,1
"1164",32,10.7313548848033,4,17.7682816971197,1
"1165",32,10.7313548848033,5,8.87364239807438,1
"1166",32,10.8524863447528,1,20.8441385953615,1
"1167",32,10.8524863447528,2,3.78780541510139,1
"1168",32,10.8524863447528,3,-3.76773382031572,1
"1169",32,10.8524863447528,4,4.86907766489044,1
"1170",32,10.8524863447528,5,-15.3146098400096,1
"1171",33,0,1,-1.656082436082,1
"1172",33,0,2,-4.26228026141133,1
"1173",33,0,3,-3.25449380336055,1
"1174",33,0,4,-2.98635715797922,1
"1175",33,0,5,-12.9214588489677,1
"1176",33,0.593186060665175,1,-6.71598306078384,1
"1177",33,0.593186060665175,2,10.0822562941873,1
"1178",33,0.593186060665175,3,-11.9929513587246,1
"1179",33,0.593186060665175,4,12.5292032754655,1
"1180",33,0.593186060665175,5,10.5976816361233,1
"1181",33,1.09306266286876,1,-0.587694784665429,1
"1182",33,1.09306266286876,2,-8.79223099426102,1
"1183",33,1.09306266286876,3,1.44192487793859,1
"1184",33,1.09306266286876,4,-12.959053683181,1
"1185",33,1.09306266286876,5,4.98155963859377,1
"1186",33,1.85951171582565,1,-0.694658538591948,1
"1187",33,1.85951171582565,2,17.722896540391,1
"1188",33,1.85951171582565,3,12.5788224161291,1
"1189",33,1.85951171582565,4,10.6801221866245,1
"1190",33,1.85951171582565,5,4.44266661873436,1
"1191",33,6.62978700886015,1,25.3076366182073,1
"1192",33,6.62978700886015,2,26.6817068277721,1
"1193",33,6.62978700886015,3,13.7641880868401,1
"1194",33,6.62978700886015,4,15.3015654150956,1
"1195",33,6.62978700886015,5,2.66036320625311,1
"1196",33,7.98732885345817,1,28.2940115296254,1
"1197",33,7.98732885345817,2,-5.71314293076219,1
"1198",33,7.98732885345817,3,17.8984041219861,1
"1199",33,7.98732885345817,4,6.01835110955937,1
"1200",33,7.98732885345817,5,9.11332182289807,1
"1201",33,8.44551280408632,1,21.6493605732944,1
"1202",33,8.44551280408632,2,0.794022927828461,1
"1203",33,8.44551280408632,3,18.2603044928943,1
"1204",33,8.44551280408632,4,20.9642365008468,1
"1205",33,8.44551280408632,5,1.01127738693326,1
"1206",33,8.73334230121691,1,20.4482674321571,1
"1207",33,8.73334230121691,2,19.3335179724692,1
"1208",33,8.73334230121691,3,11.631574065162,1
"1209",33,8.73334230121691,4,6.83899075258703,1
"1210",33,8.73334230121691,5,-13.0974899473527,1
"1211",34,0,1,-17.4061030645105,1
"1212",34,0,2,-2.40033690630262,1
"1213",34,0,3,-17.0037486851205,1
"1214",34,0,4,-9.35756122511748,1
"1215",34,0,5,2.27250836068668,1
"1216",34,3.93119204381946,1,18.5810143601832,1
"1217",34,3.93119204381946,2,-4.16871034355195,1
"1218",34,3.93119204381946,3,0.776063312346952,1
"1219",34,3.93119204381946,4,-0.3511390008275,1
"1220",34,3.93119204381946,5,15.9215175042418,1
"1221",34,4.14167279121466,1,21.4771644803383,1
"1222",34,4.14167279121466,2,-3.83329799056569,1
"1223",34,4.14167279121466,3,-1.46412733315781,1
"1224",34,4.14167279121466,4,2.88261038697842,1
"1225",34,4.14167279121466,5,-25.7726658758298,1
"1226",34,4.53554659534711,1,16.1350566381329,1
"1227",34,4.53554659534711,2,-9.39464395940674,1
"1228",34,4.53554659534711,3,-0.074866632837451,1
"1229",34,4.53554659534711,4,-2.2049093096316,1
"1230",34,4.53554659534711,5,-2.23628459971439,1
"1231",34,6.59717173385434,1,27.5241941109485,1
"1232",34,6.59717173385434,2,1.5550272833238,1
"1233",34,6.59717173385434,3,16.0098719611743,1
"1234",34,6.59717173385434,4,10.9814904091513,1
"1235",34,6.59717173385434,5,-17.1821863869413,1
"1236",35,0,1,1.91581553502095,1
"1237",35,0,2,4.00353080604381,1
"1238",35,0,3,-2.28370306142012,1
"1239",35,0,4,2.13099885218722,1
"1240",35,0,5,-9.26695612622459,1
"1241",35,0.966369495145045,1,10.7304966983201,1
"1242",35,0.966369495145045,2,3.45187124249191,1
"1243",35,0.966369495145045,3,-3.40763544980035,1
"1244",35,0.966369495145045,4,-3.22574370223064,1
"1245",35,0.966369495145045,5,4.3139413937936,1
"1246",35,1.29991370986681,1,21.3617309636154,1
"1247",35,1.29991370986681,2,3.20595164438296,1
"1248",35,1.29991370986681,3,5.39103683794645,1
"1249",35,1.29991370986681,4,4.29790346140251,1
"1250",35,1.29991370986681,5,-1.83252742111294,1
"1251",35,1.47430572402664,1,20.4113687393811,1
"1252",35,1.47430572402664,2,0.643587709359314,1
"1253",35,1.47430572402664,3,12.5585766854874,1
"1254",35,1.47430572402664,4,13.6036494599695,1
"1255",35,1.47430572402664,5,2.22805116252364,1
"1256",35,1.75113809260074,1,25.5788198873412,1
"1257",35,1.75113809260074,2,4.51372014924068,1
"1258",35,1.75113809260074,3,2.3071080227154,1
"1259",35,1.75113809260074,4,17.3947201202916,1
"1260",35,1.75113809260074,5,-11.0141453187544,1
"1261",35,3.13822488614824,1,19.4178884177058,1
"1262",35,3.13822488614824,2,12.0887668286163,1
"1263",35,3.13822488614824,3,14.7880745861689,1
"1264",35,3.13822488614824,4,-7.96380876378795,1
"1265",35,3.13822488614824,5,-0.190975713350796,1
"1266",35,3.23101178975776,1,21.8243400106928,1
"1267",35,3.23101178975776,2,5.92702366762777,1
"1268",35,3.23101178975776,3,-17.6967404903675,1
"1269",35,3.23101178975776,4,-1.71184126951989,1
"1270",35,3.23101178975776,5,27.5827883639682,1
"1271",35,5.78019705892075,1,23.2343610161651,1
"1272",35,5.78019705892075,2,10.3376320735762,1
"1273",35,5.78019705892075,3,24.8344569168846,1
"1274",35,5.78019705892075,4,4.72676138910893,1
"1275",35,5.78019705892075,5,5.04216658843247,1
"1276",35,6.25351707893424,1,30.7862862872936,1
"1277",35,6.25351707893424,2,5.21783846480694,1
"1278",35,6.25351707893424,3,16.940519515733,1
"1279",35,6.25351707893424,4,16.3774650012279,1
"1280",35,6.25351707893424,5,14.0913540412501,1
"1281",35,6.42700300097931,1,21.1674103800294,1
"1282",35,6.42700300097931,2,-15.6134913615107,1
"1283",35,6.42700300097931,3,22.2628266881587,1
"1284",35,6.42700300097931,4,6.08701798689383,1
"1285",35,6.42700300097931,5,-3.22498947515452,1
"1286",35,10.1396165057085,1,14.2873562279658,1
"1287",35,10.1396165057085,2,-5.29235497295058,1
"1288",35,10.1396165057085,3,-2.60182025551918,1
"1289",35,10.1396165057085,4,-8.66929420166849,1
"1290",35,10.1396165057085,5,-1.22967908588423,1
"1291",36,0,1,24.6434725173152,1
"1292",36,0,2,-3.25574315298863,1
"1293",36,0,3,1.89144887052858,1
"1294",36,0,4,-3.97234746013261,1
"1295",36,0,5,11.3218367628278,1
"1296",36,1.70070567319635,1,26.9181930649464,1
"1297",36,1.70070567319635,2,-6.91096226802484,1
"1298",36,1.70070567319635,3,8.37658449287123,1
"1299",36,1.70070567319635,4,-9.09896105967553,1
"1300",36,1.70070567319635,5,-7.91146794256271,1
"1301",36,1.77626175491605,1,-0.0984591950617535,1
"1302",36,1.77626175491605,2,-2.09737992353931,1
"1303",36,1.77626175491605,3,-4.1069106785897,1
"1304",36,1.77626175491605,4,24.4202563817086,1
"1305",36,1.77626175491605,5,-8.63436773118727,1
"1306",36,2.42407677054871,1,33.2544535528197,1
"1307",36,2.42407677054871,2,3.31877107116527,1
"1308",36,2.42407677054871,3,5.41851224859629,1
"1309",36,2.42407677054871,4,17.0581971036882,1
"1310",36,2.42407677054871,5,-16.1128576171982,1
"1311",36,6.18674199772067,1,34.2431200518309,1
"1312",36,6.18674199772067,2,6.73970904129463,1
"1313",36,6.18674199772067,3,1.94432464086314,1
"1314",36,6.18674199772067,4,9.61442268854348,1
"1315",36,6.18674199772067,5,-7.84489152381643,1
"1316",36,9.55084249353968,1,26.7760626820134,1
"1317",36,9.55084249353968,2,10.1729274033221,1
"1318",36,9.55084249353968,3,0.998198565493546,1
"1319",36,9.55084249353968,4,5.41276367760481,1
"1320",36,9.55084249353968,5,-11.1684468292206,1
"1321",36,10.3733827535762,1,31.7064148485308,1
"1322",36,10.3733827535762,2,30.0332565258517,1
"1323",36,10.3733827535762,3,11.4946802298582,1
"1324",36,10.3733827535762,4,31.1760006309791,1
"1325",36,10.3733827535762,5,5.13789545401158,1
"1326",36,10.7771629663184,1,34.6749951566451,1
"1327",36,10.7771629663184,2,29.2625397122896,1
"1328",36,10.7771629663184,3,5.61603052659739,1
"1329",36,10.7771629663184,4,14.2188701228958,1
"1330",36,10.7771629663184,5,-2.99218485239356,1
"1331",37,0,1,-6.73849473269265,1
"1332",37,0,2,15.6577589756129,1
"1333",37,0,3,-17.7018115215921,1
"1334",37,0,4,-8.10281459856932,1
"1335",37,0,5,-15.7078032157017,1
"1336",37,2.2834130252013,1,1.98279473799847,1
"1337",37,2.2834130252013,2,7.59074779167879,1
"1338",37,2.2834130252013,3,-14.2407996576648,1
"1339",37,2.2834130252013,4,28.8204213439772,1
"1340",37,2.2834130252013,5,1.25293705190109,1
"1341",37,4.19879310147371,1,23.4809919555276,1
"1342",37,4.19879310147371,2,-2.81427259476635,1
"1343",37,4.19879310147371,3,6.87249656142857,1
"1344",37,4.19879310147371,4,7.28300821892136,1
"1345",37,4.19879310147371,5,-16.1198599514621,1
"1346",37,5.17168740206398,1,31.9876183198132,1
"1347",37,5.17168740206398,2,-0.470757144365519,1
"1348",37,5.17168740206398,3,3.30111088102309,1
"1349",37,5.17168740206398,4,7.05721775731195,1
"1350",37,5.17168740206398,5,-8.22371241311589,1
"1351",37,5.39688302751165,1,29.9416245938152,1
"1352",37,5.39688302751165,2,0.618611987014724,1
"1353",37,5.39688302751165,3,7.12711722427187,1
"1354",37,5.39688302751165,4,-8.03527461670883,1
"1355",37,5.39688302751165,5,-25.0597308681991,1
"1356",37,5.80502501258161,1,24.2685496474088,1
"1357",37,5.80502501258161,2,9.38582661335343,1
"1358",37,5.80502501258161,3,18.0366060569702,1
"1359",37,5.80502501258161,4,8.11157146681153,1
"1360",37,5.80502501258161,5,4.21226382090776,1
"1361",37,6.77488396863919,1,28.4197072707703,1
"1362",37,6.77488396863919,2,19.3709597355558,1
"1363",37,6.77488396863919,3,8.70184019599754,1
"1364",37,6.77488396863919,4,-2.49958048410782,1
"1365",37,6.77488396863919,5,-17.350934537525,1
"1366",37,7.17207110661548,1,36.5360080654656,1
"1367",37,7.17207110661548,2,15.1443148955156,1
"1368",37,7.17207110661548,3,15.0701865774371,1
"1369",37,7.17207110661548,4,14.652777886295,1
"1370",37,7.17207110661548,5,-12.0744246794405,1
"1371",37,7.85175227583386,1,28.0114560792459,1
"1372",37,7.85175227583386,2,-14.3326003199576,1
"1373",37,7.85175227583386,3,15.3892153351338,1
"1374",37,7.85175227583386,4,9.69866267638849,1
"1375",37,7.85175227583386,5,-1.49950816561733,1
"1376",37,8.70249951793812,1,49.8120955807914,1
"1377",37,8.70249951793812,2,6.55284068225495,1
"1378",37,8.70249951793812,3,12.7248679657989,1
"1379",37,8.70249951793812,4,11.2414325185325,1
"1380",37,8.70249951793812,5,1.76792112717458,1
"1381",37,10.3101219574455,1,33.10887535066,1
"1382",37,10.3101219574455,2,12.6517631194566,1
"1383",37,10.3101219574455,3,24.2441739433168,1
"1384",37,10.3101219574455,4,7.21828073815032,1
"1385",37,10.3101219574455,5,-9.29080009137715,1
"1386",38,0,1,-12.8068435402876,1
"1387",38,0,2,4.09001021813222,1
"1388",38,0,3,-12.028891426351,1
"1389",38,0,4,-17.9485880499015,1
"1390",38,0,5,13.1780342306191,1
"1391",38,2.36000089440495,1,12.7685015364382,1
"1392",38,2.36000089440495,2,18.0744489436848,1
"1393",38,2.36000089440495,3,0.0584960865541166,1
"1394",38,2.36000089440495,4,3.75804703527052,1
"1395",38,2.36000089440495,5,4.03880186660061,1
"1396",38,3.24441028293222,1,11.5492088079484,1
"1397",38,3.24441028293222,2,-21.9544492425358,1
"1398",38,3.24441028293222,3,6.79480453893232,1
"1399",38,3.24441028293222,4,-4.88398361139098,1
"1400",38,3.24441028293222,5,0.696876657572169,1
"1401",38,4.58142324641813,1,14.4953228123596,1
"1402",38,4.58142324641813,2,0.895629020336384,1
"1403",38,4.58142324641813,3,13.4979670577254,1
"1404",38,4.58142324641813,4,-12.9532796171865,1
"1405",38,4.58142324641813,5,-4.35610348340923,1
"1406",38,5.05230148811825,1,13.9094136063795,1
"1407",38,5.05230148811825,2,-1.74674936011596,1
"1408",38,5.05230148811825,3,27.7957391578742,1
"1409",38,5.05230148811825,4,-1.23516721386626,1
"1410",38,5.05230148811825,5,-27.2372975593552,1
"1411",38,6.0643949121004,1,30.9900397520351,1
"1412",38,6.0643949121004,2,-8.19350731640279,1
"1413",38,6.0643949121004,3,20.0495722699081,1
"1414",38,6.0643949121004,4,7.77317488534794,1
"1415",38,6.0643949121004,5,-8.95398066933612,1
"1416",38,6.51687957090326,1,14.2546658549457,1
"1417",38,6.51687957090326,2,8.44660698326768,1
"1418",38,6.51687957090326,3,19.6806730278776,1
"1419",38,6.51687957090326,4,12.322651627709,1
"1420",38,6.51687957090326,5,-4.37431269383736,1
"1421",38,7.3201489620842,1,34.14001468063,1
"1422",38,7.3201489620842,2,2.31672806087399,1
"1423",38,7.3201489620842,3,10.0946786123221,1
"1424",38,7.3201489620842,4,15.6133329724426,1
"1425",38,7.3201489620842,5,-10.3870032727092,1
"1426",38,8.51363464584574,1,25.7105550496527,1
"1427",38,8.51363464584574,2,4.62509537434576,1
"1428",38,8.51363464584574,3,22.7966545290155,1
"1429",38,8.51363464584574,4,13.0127522354521,1
"1430",38,8.51363464584574,5,-39.1332853911551,1
"1431",38,9.47744246816728,1,7.54573857928378,1
"1432",38,9.47744246816728,2,-3.30397684966917,1
"1433",38,9.47744246816728,3,27.4048360688498,1
"1434",38,9.47744246816728,4,23.7415486033752,1
"1435",38,9.47744246816728,5,19.7255676655037,1
"1436",38,9.67837444774341,1,17.5207491027012,1
"1437",38,9.67837444774341,2,7.11633978553975,1
"1438",38,9.67837444774341,3,17.1563920566501,1
"1439",38,9.67837444774341,4,19.4456651985735,1
"1440",38,9.67837444774341,5,2.34649923153014,1
"1441",39,0,1,6.32395303335022,1
"1442",39,0,2,21.9942177713065,1
"1443",39,0,3,-7.80608571789058,1
"1444",39,0,4,9.26725869072082,1
"1445",39,0,5,2.77086021139323,1
"1446",39,4.84017424017657,1,22.2927368859452,1
"1447",39,4.84017424017657,2,14.1537254568786,1
"1448",39,4.84017424017657,3,3.76454472137825,1
"1449",39,4.84017424017657,4,-0.417153721445773,1
"1450",39,4.84017424017657,5,-19.953978105251,1
"1451",39,5.39425806130748,1,31.1255877607409,1
"1452",39,5.39425806130748,2,13.9770940279817,1
"1453",39,5.39425806130748,3,17.9129154373763,1
"1454",39,5.39425806130748,4,23.3704610643817,1
"1455",39,5.39425806130748,5,-5.24648074244294,1
"1456",39,7.39341980591416,1,28.5819625153996,1
"1457",39,7.39341980591416,2,4.15887875135322,1
"1458",39,7.39341980591416,3,10.4085326089782,1
"1459",39,7.39341980591416,4,11.6831019815079,1
"1460",39,7.39341980591416,5,-11.5899129024973,1
"1461",39,8.88387959566899,1,19.1272124977733,1
"1462",39,8.88387959566899,2,28.8459333405476,1
"1463",39,8.88387959566899,3,23.9994950710993,1
"1464",39,8.88387959566899,4,3.93184408420311,1
"1465",39,8.88387959566899,5,-16.7207512913664,1
"1466",39,10.7029453697614,1,18.1314424866069,1
"1467",39,10.7029453697614,2,9.79941261702602,1
"1468",39,10.7029453697614,3,21.6021282569299,1
"1469",39,10.7029453697614,4,31.990765064903,1
"1470",39,10.7029453697614,5,-12.9436600570319,1
"1471",40,0,1,20.0404030561185,1
"1472",40,0,2,-14.7124824924192,1
"1473",40,0,3,-14.5508640153316,1
"1474",40,0,4,-7.53090532976416,1
"1475",40,0,5,-7.42167080646763,1
"1476",40,1.93080166517757,1,23.6551108510899,1
"1477",40,1.93080166517757,2,11.8772683856009,1
"1478",40,1.93080166517757,3,-12.9987835164035,1
"1479",40,1.93080166517757,4,24.4773316056502,1
"1480",40,1.93080166517757,5,26.7015741700768,1
"1481",40,3.17953933926765,1,5.11535990925222,1
"1482",40,3.17953933926765,2,-12.0663474250628,1
"1483",40,3.17953933926765,3,-6.73713026780222,1
"1484",40,3.17953933926765,4,2.99510580525142,1
"1485",40,3.17953933926765,5,3.70061025338126,1
"1486",40,8.31316661089659,1,13.5453864764566,1
"1487",40,8.31316661089659,2,-11.0967543960118,1
"1488",40,8.31316661089659,3,-3.98803736519116,1
"1489",40,8.31316661089659,4,-11.0456492747015,1
"1490",40,8.31316661089659,5,7.4752982865058,1
"1491",40,8.78150024928618,1,35.2213217639798,1
"1492",40,8.78150024928618,2,12.3006935421298,1
"1493",40,8.78150024928618,3,10.1720183786466,1
"1494",40,8.78150024928618,4,5.69694090618108,1
"1495",40,8.78150024928618,5,4.59528398174009,1
"1496",40,9.30759808875155,1,15.6642943903754,1
"1497",40,9.30759808875155,2,11.8518463928651,1
"1498",40,9.30759808875155,3,-12.5737309263031,1
"1499",40,9.30759808875155,4,10.98917835295,1
"1500",40,9.30759808875155,5,-20.0318120383666,1
"1501",41,0,1,3.0508612102849,1
"1502",41,0,2,6.32767433456417,1
"1503",41,0,3,-6.25179920075201,1
"1504",41,0,4,-3.24162085902657,1
"1505",41,0,5,-7.7133931646319,1
"1506",41,1.1164309513988,1,9.85228940745787,1
"1507",41,1.1164309513988,2,12.1837155598024,1
"1508",41,1.1164309513988,3,-6.86107246500845,1
"1509",41,1.1164309513988,4,-0.689491991426152,1
"1510",41,1.1164309513988,5,21.1733266248436,1
"1511",41,2.60578253655694,1,30.1656699295729,1
"1512",41,2.60578253655694,2,19.1903952633617,1
"1513",41,2.60578253655694,3,0.216909093808374,1
"1514",41,2.60578253655694,4,4.79230339611297,1
"1515",41,2.60578253655694,5,-6.74195264281792,1
"1516",41,4.41332984762266,1,25.8937793410839,1
"1517",41,4.41332984762266,2,8.8929156077363,1
"1518",41,4.41332984762266,3,15.7693056424165,1
"1519",41,4.41332984762266,4,-8.47416005222665,1
"1520",41,4.41332984762266,5,-8.7576135867213,1
"1521",41,5.60537999565713,1,34.7055807550143,1
"1522",41,5.60537999565713,2,-18.3526620083162,1
"1523",41,5.60537999565713,3,8.78633482304528,1
"1524",41,5.60537999565713,4,-5.69453553048855,1
"1525",41,5.60537999565713,5,-0.531057334129682,1
"1526",41,8.19166342855897,1,42.0861960019867,1
"1527",41,8.19166342855897,2,-10.1889700485117,1
"1528",41,8.19166342855897,3,20.4356661992649,1
"1529",41,8.19166342855897,4,5.48610663903841,1
"1530",41,8.19166342855897,5,8.13634855453234,1
"1531",42,0,1,-5.34681076024869,1
"1532",42,0,2,-1.8983504256182,1
"1533",42,0,3,-4.37448321086829,1
"1534",42,0,4,11.4351453434411,1
"1535",42,0,5,9.19092104079751,1
"1536",42,1.84397458983585,1,12.3980540904147,1
"1537",42,1.84397458983585,2,-8.89430183687545,1
"1538",42,1.84397458983585,3,7.65516440273511,1
"1539",42,1.84397458983585,4,8.01154221854371,1
"1540",42,1.84397458983585,5,-24.681115355967,1
"1541",42,2.28453387878835,1,26.8914050824108,1
"1542",42,2.28453387878835,2,5.09258980036863,1
"1543",42,2.28453387878835,3,-5.41645365063095,1
"1544",42,2.28453387878835,4,21.4181628630951,1
"1545",42,2.28453387878835,5,-5.06389863559885,1
"1546",42,2.50259688915685,1,12.4692393797698,1
"1547",42,2.50259688915685,2,-14.2623510328009,1
"1548",42,2.50259688915685,3,14.246901948598,1
"1549",42,2.50259688915685,4,0.0150646501786365,1
"1550",42,2.50259688915685,5,-10.7908697903551,1
"1551",42,3.91224667744245,1,1.40863805528901,1
"1552",42,3.91224667744245,2,16.875044768207,1
"1553",42,3.91224667744245,3,9.22443474033337,1
"1554",42,3.91224667744245,4,8.8314288945955,1
"1555",42,3.91224667744245,5,-1.93985546170611,1
"1556",42,6.71708080603275,1,29.3478718233498,1
"1557",42,6.71708080603275,2,-5.4126130805412,1
"1558",42,6.71708080603275,3,0.521432097560666,1
"1559",42,6.71708080603275,4,-0.976715295300386,1
"1560",42,6.71708080603275,5,-6.32802411756919,1
"1561",42,8.2301752648782,1,30.4013333017032,1
"1562",42,8.2301752648782,2,14.9713607593691,1
"1563",42,8.2301752648782,3,23.0025795079639,1
"1564",42,8.2301752648782,4,21.9370882962709,1
"1565",42,8.2301752648782,5,-22.8460323735173,1
"1566",42,9.68780484213494,1,11.2146982200144,1
"1567",42,9.68780484213494,2,4.09491166096048,1
"1568",42,9.68780484213494,3,7.41586960529794,1
"1569",42,9.68780484213494,4,-1.59557227585554,1
"1570",42,9.68780484213494,5,-10.1445181262796,1
"1571",42,10.7113928735489,1,20.9419164395751,1
"1572",42,10.7113928735489,2,25.4708657898592,1
"1573",42,10.7113928735489,3,-0.531207604737908,1
"1574",42,10.7113928735489,4,27.4547004015434,1
"1575",42,10.7113928735489,5,-17.2219359513615,1
"1576",43,0,1,-17.8649741620912,1
"1577",43,0,2,-1.58635953709903,1
"1578",43,0,3,10.6712377791093,1
"1579",43,0,4,17.6057629047837,1
"1580",43,0,5,1.04428786636254,1
"1581",43,2.44417875190265,1,-11.3152995484825,1
"1582",43,2.44417875190265,2,-14.9249317856784,1
"1583",43,2.44417875190265,3,3.99047140601694,1
"1584",43,2.44417875190265,4,1.74839274041613,1
"1585",43,2.44417875190265,5,10.1019644220953,1
"1586",43,3.87809265544638,1,35.3964670060464,1
"1587",43,3.87809265544638,2,26.6102857956058,1
"1588",43,3.87809265544638,3,26.7179036424334,1
"1589",43,3.87809265544638,4,-3.0552368136239,1
"1590",43,3.87809265544638,5,-6.72356290091717,1
"1591",43,5.11104046821129,1,31.4472290870768,1
"1592",43,5.11104046821129,2,-0.622906284613821,1
"1593",43,5.11104046821129,3,19.0348440045518,1
"1594",43,5.11104046821129,4,10.6804602806125,1
"1595",43,5.11104046821129,5,-7.94476532493279,1
"1596",43,5.21710607118439,1,15.8770732207113,1
"1597",43,5.21710607118439,2,4.85223492601102,1
"1598",43,5.21710607118439,3,14.022916270622,1
"1599",43,5.21710607118439,4,12.4396971134229,1
"1600",43,5.21710607118439,5,2.8555845158418,1
"1601",43,5.61903843854088,1,23.1426105444252,1
"1602",43,5.61903843854088,2,-3.76140952771123,1
"1603",43,5.61903843854088,3,-17.9865471106155,1
"1604",43,5.61903843854088,4,14.6635855402,1
"1605",43,5.61903843854088,5,6.96494565228712,1
"1606",43,6.24031575256959,1,24.9095883333471,1
"1607",43,6.24031575256959,2,-6.72467502720476,1
"1608",43,6.24031575256959,3,-6.85438646203007,1
"1609",43,6.24031575256959,4,7.55447962637631,1
"1610",43,6.24031575256959,5,-12.8768751590468,1
"1611",43,6.73761206341442,1,45.6177784114788,1
"1612",43,6.73761206341442,2,-21.3076980216404,1
"1613",43,6.73761206341442,3,24.429008996318,1
"1614",43,6.73761206341442,4,17.5547451769571,1
"1615",43,6.73761206341442,5,-7.3290437950819,1
"1616",43,7.01980599772651,1,12.086562771777,1
"1617",43,7.01980599772651,2,-8.77502903855538,1
"1618",43,7.01980599772651,3,9.41577207204033,1
"1619",43,7.01980599772651,4,6.18385778703488,1
"1620",43,7.01980599772651,5,-11.3801468120477,1
"1621",43,8.42769437865354,1,26.3111861716884,1
"1622",43,8.42769437865354,2,7.9575411461179,1
"1623",43,8.42769437865354,3,2.08557328967002,1
"1624",43,8.42769437865354,4,6.68696088609461,1
"1625",43,8.42769437865354,5,7.20382591080077,1
"1626",44,0,1,14.9420669130205,1
"1627",44,0,2,-9.55728382838527,1
"1628",44,0,3,-20.4524622491225,1
"1629",44,0,4,14.6978552528575,1
"1630",44,0,5,-23.8474365513163,1
"1631",44,3.94142402824946,1,21.9391537909806,1
"1632",44,3.94142402824946,2,29.0537125321884,1
"1633",44,3.94142402824946,3,1.49895899600357,1
"1634",44,3.94142402824946,4,10.270129519559,1
"1635",44,3.94142402824946,5,8.41756713011935,1
"1636",44,5.50959127442911,1,3.87532216466742,1
"1637",44,5.50959127442911,2,21.6101948004199,1
"1638",44,5.50959127442911,3,22.1677753519115,1
"1639",44,5.50959127442911,4,18.2945852478896,1
"1640",44,5.50959127442911,5,-5.80938951079069,1
"1641",44,6.37062692269683,1,46.4670553160146,1
"1642",44,6.37062692269683,2,3.52614093251659,1
"1643",44,6.37062692269683,3,12.4411169559362,1
"1644",44,6.37062692269683,4,16.3357567794962,1
"1645",44,6.37062692269683,5,-8.21440169340047,1
"1646",44,8.99052307708189,1,27.6788534053561,1
"1647",44,8.99052307708189,2,6.05865740172083,1
"1648",44,8.99052307708189,3,-3.40902078620114,1
"1649",44,8.99052307708189,4,21.1962558650103,1
"1650",44,8.99052307708189,5,10.8017170569941,1
"1651",45,0,1,9.50753584120786,1
"1652",45,0,2,-10.554220548535,1
"1653",45,0,3,-2.76304634953291,1
"1654",45,0,4,11.0980840477211,1
"1655",45,0,5,-2.29254119323735,1
"1656",45,2.40093238675036,1,18.1905309214126,1
"1657",45,2.40093238675036,2,-8.19315735504411,1
"1658",45,2.40093238675036,3,3.58814604656836,1
"1659",45,2.40093238675036,4,10.2159590675503,1
"1660",45,2.40093238675036,5,-1.23991120460607,1
"1661",45,2.80825815012213,1,15.8252066634113,1
"1662",45,2.80825815012213,2,12.4098977397197,1
"1663",45,2.80825815012213,3,3.98789072378373,1
"1664",45,2.80825815012213,4,7.58578145124909,1
"1665",45,2.80825815012213,5,-3.48125525602117,1
"1666",45,3.3411470403662,1,11.3691911145222,1
"1667",45,3.3411470403662,2,7.07180742049607,1
"1668",45,3.3411470403662,3,14.7631279841056,1
"1669",45,3.3411470403662,4,5.75353024385892,1
"1670",45,3.3411470403662,5,-8.91909754895929,1
"1671",45,4.51474122353829,1,16.699383103251,1
"1672",45,4.51474122353829,2,-13.8471805145944,1
"1673",45,4.51474122353829,3,28.6172549645087,1
"1674",45,4.51474122353829,4,-11.9885291909463,1
"1675",45,4.51474122353829,5,-18.587225972911,1
"1676",45,4.57435099396389,1,35.2184861513178,1
"1677",45,4.57435099396389,2,-4.14223352877486,1
"1678",45,4.57435099396389,3,9.9796253862546,1
"1679",45,4.57435099396389,4,11.7231744498444,1
"1680",45,4.57435099396389,5,-22.9342410068593,1
"1681",45,5.76932942727581,1,34.4862817398599,1
"1682",45,5.76932942727581,2,12.7224378587635,1
"1683",45,5.76932942727581,3,34.3870076015152,1
"1684",45,5.76932942727581,4,9.46101143315706,1
"1685",45,5.76932942727581,5,2.30485772759433,1
"1686",45,6.83537287812214,1,1.69417430748473,1
"1687",45,6.83537287812214,2,-6.43402098875817,1
"1688",45,6.83537287812214,3,4.25774240224845,1
"1689",45,6.83537287812214,4,21.2766391614401,1
"1690",45,6.83537287812214,5,-4.05709158387869,1
"1691",45,7.52158612385392,1,24.7785664006094,1
"1692",45,7.52158612385392,2,2.99623593788081,1
"1693",45,7.52158612385392,3,14.8397425515031,1
"1694",45,7.52158612385392,4,-7.34961708175963,1
"1695",45,7.52158612385392,5,-1.62947400645457,1
"1696",45,8.13841356756166,1,9.21671639663727,1
"1697",45,8.13841356756166,2,-14.2540484282207,1
"1698",45,8.13841356756166,3,5.68368464912028,1
"1699",45,8.13841356756166,4,1.69053214632003,1
"1700",45,8.13841356756166,5,-7.66850921717883,1
"1701",45,10.6495039183646,1,9.89331730759385,1
"1702",45,10.6495039183646,2,23.1645521089534,1
"1703",45,10.6495039183646,3,-4.47570558972445,1
"1704",45,10.6495039183646,4,-4.99400859780583,1
"1705",45,10.6495039183646,5,-20.6267597203207,1
"1706",46,0,1,-6.20520232241725,1
"1707",46,0,2,-15.7982573773676,1
"1708",46,0,3,0.923973448368262,1
"1709",46,0,4,3.9723949762852,1
"1710",46,0,5,0.885043229426851,1
"1711",46,3.44146014214493,1,12.8928632079873,1
"1712",46,3.44146014214493,2,-14.603595578838,1
"1713",46,3.44146014214493,3,2.98348819288151,1
"1714",46,3.44146014214493,4,8.50939675809038,1
"1715",46,3.44146014214493,5,-18.2372242598198,1
"1716",46,3.87550501036458,1,22.0777727229269,1
"1717",46,3.87550501036458,2,5.0680267137863,1
"1718",46,3.87550501036458,3,-9.19738591303332,1
"1719",46,3.87550501036458,4,6.59258057726094,1
"1720",46,3.87550501036458,5,-35.2430932872488,1
"1721",46,4.04446178220678,1,29.1952404934686,1
"1722",46,4.04446178220678,2,1.14497951761978,1
"1723",46,4.04446178220678,3,-4.04658016681659,1
"1724",46,4.04446178220678,4,10.5284101456985,1
"1725",46,4.04446178220678,5,-7.16887113473589,1
"1726",46,6.26757447351702,1,22.7820148863735,1
"1727",46,6.26757447351702,2,-5.48404130187571,1
"1728",46,6.26757447351702,3,3.78719493650165,1
"1729",46,6.26757447351702,4,2.95880854270685,1
"1730",46,6.26757447351702,5,-14.8029995645231,1
"1731",46,8.12807901238557,1,33.9378803651362,1
"1732",46,8.12807901238557,2,16.5998038938098,1
"1733",46,8.12807901238557,3,17.0673655689268,1
"1734",46,8.12807901238557,4,8.66781357420655,1
"1735",46,8.12807901238557,5,-14.8087008890898,1
"1736",47,0,1,8.9979797258233,1
"1737",47,0,2,9.29076051956446,1
"1738",47,0,3,6.77140147677378,1
"1739",47,0,4,2.67035308032646,1
"1740",47,0,5,8.87834466895721,1
"1741",47,0.753979593631811,1,9.0925735205598,1
"1742",47,0.753979593631811,2,-11.0847000300011,1
"1743",47,0.753979593631811,3,-5.15044534315028,1
"1744",47,0.753979593631811,4,-5.15721490714307,1
"1745",47,0.753979593631811,5,11.6244060970277,1
"1746",47,0.886232860502787,1,23.5792877228193,1
"1747",47,0.886232860502787,2,10.9391482874969,1
"1748",47,0.886232860502787,3,2.64304256072112,1
"1749",47,0.886232860502787,4,10.2009885092673,1
"1750",47,0.886232860502787,5,7.93707873479297,1
"1751",47,1.05460279155523,1,16.968089003152,1
"1752",47,1.05460279155523,2,-1.8559082226169,1
"1753",47,1.05460279155523,3,6.98908067701109,1
"1754",47,1.05460279155523,4,-2.48441669385252,1
"1755",47,1.05460279155523,5,-8.55398450713804,1
"1756",47,2.95118139288388,1,19.5544761619175,1
"1757",47,2.95118139288388,2,2.90753923651747,1
"1758",47,2.95118139288388,3,21.5152299443021,1
"1759",47,2.95118139288388,4,9.68017754796432,1
"1760",47,2.95118139288388,5,-12.2428014589811,1
"1761",47,4.9470798666589,1,24.4227792605131,1
"1762",47,4.9470798666589,2,17.9743185533487,1
"1763",47,4.9470798666589,3,11.1149169407547,1
"1764",47,4.9470798666589,4,4.39589817612367,1
"1765",47,4.9470798666589,5,-10.5122692868842,1
"1766",47,5.98229431023356,1,44.0101257753943,1
"1767",47,5.98229431023356,2,2.78635983164683,1
"1768",47,5.98229431023356,3,26.6046303875178,1
"1769",47,5.98229431023356,4,5.88245526435524,1
"1770",47,5.98229431023356,5,8.09899333947338,1
"1771",47,8.77159737574402,1,17.4137853992734,1
"1772",47,8.77159737574402,2,14.16503773273,1
"1773",47,8.77159737574402,3,14.9088078261932,1
"1774",47,8.77159737574402,4,10.5068901443977,1
"1775",47,8.77159737574402,5,-10.6340553135927,1
"1776",47,9.45272767334245,1,39.2222624889063,1
"1777",47,9.45272767334245,2,-3.82844162378231,1
"1778",47,9.45272767334245,3,14.9232988500278,1
"1779",47,9.45272767334245,4,25.0756756754503,1
"1780",47,9.45272767334245,5,1.33438925744028,1
"1781",47,10.5913731385954,1,4.67859789018875,1
"1782",47,10.5913731385954,2,5.60803985948368,1
"1783",47,10.5913731385954,3,-6.69672491962946,1
"1784",47,10.5913731385954,4,-10.7034906697191,1
"1785",47,10.5913731385954,5,-1.77717682377308,1
"1786",48,0,1,-10.6493128464192,1
"1787",48,0,2,13.860756822324,1
"1788",48,0,3,-9.43124408011614,1
"1789",48,0,4,-9.31363905762984,1
"1790",48,0,5,14.3320655285523,1
"1791",48,1.09296941873617,1,7.42135102730486,1
"1792",48,1.09296941873617,2,-12.3842714576665,1
"1793",48,1.09296941873617,3,2.3927826382927,1
"1794",48,1.09296941873617,4,5.38783934229387,1
"1795",48,1.09296941873617,5,8.32358084120057,1
"1796",48,1.34124117868487,1,-7.97996724436597,1
"1797",48,1.34124117868487,2,-1.01258310829302,1
"1798",48,1.34124117868487,3,-8.90271756154697,1
"1799",48,1.34124117868487,4,7.07384859362577,1
"1800",48,1.34124117868487,5,-4.25965199346601,1
"1801",48,3.36387075600214,1,28.9313876044064,1
"1802",48,3.36387075600214,2,4.79655577063985,1
"1803",48,3.36387075600214,3,5.99455074190736,1
"1804",48,3.36387075600214,4,3.34411749403207,1
"1805",48,3.36387075600214,5,-6.31819128303278,1
"1806",48,4.27196111297235,1,3.65594822953767,1
"1807",48,4.27196111297235,2,-2.5803366525305,1
"1808",48,4.27196111297235,3,-4.36284827023239,1
"1809",48,4.27196111297235,4,4.18461206536044,1
"1810",48,4.27196111297235,5,-10.8056765205653,1
"1811",48,8.43335685541388,1,27.7868795634089,1
"1812",48,8.43335685541388,2,20.2236247597815,1
"1813",48,8.43335685541388,3,1.72700163020504,1
"1814",48,8.43335685541388,4,12.9835531108899,1
"1815",48,8.43335685541388,5,-4.19848956974946,1
"1816",49,0,1,7.76741384637934,1
"1817",49,0,2,1.43397938382157,1
"1818",49,0,3,-5.51728140857584,1
"1819",49,0,4,9.72908961268167,1
"1820",49,0,5,0.414103961394816,1
"1821",49,3.15065250941552,1,25.9119975959602,1
"1822",49,3.15065250941552,2,14.0365003022762,1
"1823",49,3.15065250941552,3,27.3566141037428,1
"1824",49,3.15065250941552,4,-9.98971431570912,1
"1825",49,3.15065250941552,5,-2.00544084223241,1
"1826",49,5.22664425091352,1,22.3365766512127,1
"1827",49,5.22664425091352,2,6.68364918385192,1
"1828",49,5.22664425091352,3,29.3680419599744,1
"1829",49,5.22664425091352,4,-3.00784815405155,1
"1830",49,5.22664425091352,5,5.96822485075471,1
"1831",49,5.46446423861198,1,34.50792489452,1
"1832",49,5.46446423861198,2,-7.37203006208481,1
"1833",49,5.46446423861198,3,19.8259638659598,1
"1834",49,5.46446423861198,4,8.60021685645632,1
"1835",49,5.46446423861198,5,0.41115870969192,1
"1836",49,6.63917187030893,1,44.5199076145552,1
"1837",49,6.63917187030893,2,6.94318922736268,1
"1838",49,6.63917187030893,3,5.82696236585395,1
"1839",49,6.63917187030893,4,-12.3804081908776,1
"1840",49,6.63917187030893,5,-25.6568159364479,1
"1841",49,7.56931892747525,1,32.9679159832899,1
"1842",49,7.56931892747525,2,1.77784133056529,1
"1843",49,7.56931892747525,3,21.9059546034403,1
"1844",49,7.56931892747525,4,2.66413304331775,1
"1845",49,7.56931892747525,5,3.04949818378102,1
"1846",49,10.7835959093645,1,44.856309277854,1
"1847",49,10.7835959093645,2,15.9555079919395,1
"1848",49,10.7835959093645,3,13.7759650827649,1
"1849",49,10.7835959093645,4,14.2425720737702,1
"1850",49,10.7835959093645,5,-10.4726237984038,1
"1851",50,0,1,-9.1508869923879,1
"1852",50,0,2,2.16167076889232,1
"1853",50,0,3,-23.3563873050678,1
"1854",50,0,4,16.1372641389578,1
"1855",50,0,5,-0.515342901896052,1
"1856",50,0.541182663058862,1,2.84960311236066,1
"1857",50,0.541182663058862,2,-4.37178842578678,1
"1858",50,0.541182663058862,3,-7.66275667682622,1
"1859",50,0.541182663058862,4,-8.9450354592295,1
"1860",50,0.541182663058862,5,4.85653947924251,1
"1861",50,0.713637623935938,1,20.0966370775459,1
"1862",50,0.713637623935938,2,15.6814570754198,1
"1863",50,0.713637623935938,3,-6.24387939229491,1
"1864",50,0.713637623935938,4,7.28242912191282,1
"1865",50,0.713637623935938,5,3.56366904751862,1
"1866",50,1.43400683521759,1,12.2007616790061,1
"1867",50,1.43400683521759,2,27.9334857419842,1
"1868",50,1.43400683521759,3,-10.9940202488875,1
"1869",50,1.43400683521759,4,-12.4457619206967,1
"1870",50,1.43400683521759,5,1.35620060998451,1
"1871",50,1.61430564918555,1,22.8601048559384,1
"1872",50,1.61430564918555,2,28.1845717420185,1
"1873",50,1.61430564918555,3,10.4717505752928,1
"1874",50,1.61430564918555,4,-10.332920742676,1
"1875",50,1.61430564918555,5,2.00473361462433,1
"1876",50,2.75479389925022,1,40.2755354335845,1
"1877",50,2.75479389925022,2,-9.94829912895745,1
"1878",50,2.75479389925022,3,16.0359152615492,1
"1879",50,2.75479389925022,4,4.5814141884263,1
"1880",50,2.75479389925022,5,-1.51685212330118,1
"1881",50,3.02164999640081,1,22.8390631498896,1
"1882",50,3.02164999640081,2,-2.62042197745711,1
"1883",50,3.02164999640081,3,10.365720908407,1
"1884",50,3.02164999640081,4,-5.62990961949417,1
"1885",50,3.02164999640081,5,2.03923685322398,1
"1886",50,3.66895220230799,1,13.1935346361675,1
"1887",50,3.66895220230799,2,26.436145349349,1
"1888",50,3.66895220230799,3,0.0333602465080283,1
"1889",50,3.66895220230799,4,9.95088016755696,1
"1890",50,3.66895220230799,5,-14.8642745574784,1
"1891",50,5.27510322735179,1,35.6874071095027,1
"1892",50,5.27510322735179,2,-15.06254122682,1
"1893",50,5.27510322735179,3,27.7163773533434,1
"1894",50,5.27510322735179,4,9.9657659434633,1
"1895",50,5.27510322735179,5,-10.9862638145152,1
"1896",50,9.46154197584838,1,20.5736583608018,1
"1897",50,9.46154197584838,2,18.522668341995,1
"1898",50,9.46154197584838,3,8.43752476932214,1
"1899",50,9.46154197584838,4,7.62597995753455,1
"1900",50,9.46154197584838,5,-2.06017015749789,1
"1901",50,9.65812551905401,1,24.2298233303499,1
"1902",50,9.65812551905401,2,20.9032142535748,1
"1903",50,9.65812551905401,3,16.0336789726161,1
"1904",50,9.65812551905401,4,3.07037178621427,1
"1905",50,9.65812551905401,5,-4.42192397592995,1
"1906",51,0,1,14.6411300892881,2
"1907",51,0,2,1.40807903809716,2
"1908",51,0,3,-8.60701058740622,2
"1909",51,0,4,-10.4573618936446,2
"1910",51,0,5,4.77112871827989,2
"1911",51,1.61970610800199,1,7.53113507483329,2
"1912",51,1.61970610800199,2,17.4360494937041,2
"1913",51,1.61970610800199,3,5.65533839051132,2
"1914",51,1.61970610800199,4,-2.73271355660048,2
"1915",51,1.61970610800199,5,-22.4526531076236,2
"1916",51,1.84344911156222,1,18.9170874947724,2
"1917",51,1.84344911156222,2,-19.1825175897017,2
"1918",51,1.84344911156222,3,-0.729880469029025,2
"1919",51,1.84344911156222,4,-1.83540679813704,2
"1920",51,1.84344911156222,5,-8.98290240012691,2
"1921",51,1.88426734483801,1,-23.2118553050032,2
"1922",51,1.88426734483801,2,-7.12887407318901,2
"1923",51,1.88426734483801,3,-1.99438246316484,2
"1924",51,1.88426734483801,4,-14.8202473157468,2
"1925",51,1.88426734483801,5,-33.9267198166273,2
"1926",51,2.49693133938126,1,16.6631568086384,2
"1927",51,2.49693133938126,2,-18.0109722155814,2
"1928",51,2.49693133938126,3,-4.03098362963579,2
"1929",51,2.49693133938126,4,-9.70845468825231,2
"1930",51,2.49693133938126,5,-9.81532999037244,2
"1931",51,3.85383569833357,1,9.68316854995228,2
"1932",51,3.85383569833357,2,14.5197931695634,2
"1933",51,3.85383569833357,3,-8.58496710644505,2
"1934",51,3.85383569833357,4,12.2233635680689,2
"1935",51,3.85383569833357,5,-14.7370777611581,2
"1936",51,4.86072708689608,1,-6.11817798628278,2
"1937",51,4.86072708689608,2,-15.0244691249157,2
"1938",51,4.86072708689608,3,13.363163150011,2
"1939",51,4.86072708689608,4,11.0224995963374,2
"1940",51,4.86072708689608,5,-19.1757835485579,2
"1941",51,6.29524755035527,1,-14.3813564323109,2
"1942",51,6.29524755035527,2,-3.09690062596003,2
"1943",51,6.29524755035527,3,13.5554037916216,2
"1944",51,6.29524755035527,4,1.91547166026393,2
"1945",51,6.29524755035527,5,-11.0663263004972,2
"1946",51,8.31444490945432,1,-5.17356323407113,2
"1947",51,8.31444490945432,2,-16.5796295851934,2
"1948",51,8.31444490945432,3,4.37087516316657,2
"1949",51,8.31444490945432,4,25.2390844154751,2
"1950",51,8.31444490945432,5,-12.776908856515,2
"1951",51,8.95566597266588,1,-17.9183132507916,2
"1952",51,8.95566597266588,2,-22.2389765838555,2
"1953",51,8.95566597266588,3,4.28383730801725,2
"1954",51,8.95566597266588,4,4.78791815041638,2
"1955",51,8.95566597266588,5,-23.9384886156142,2
"1956",52,0,1,13.1537186521086,2
"1957",52,0,2,-6.58254159260255,2
"1958",52,0,3,-28.8589706588535,2
"1959",52,0,4,11.9133855318318,2
"1960",52,0,5,-2.81459344095754,2
"1961",52,0.837570023606531,1,12.3100047051268,2
"1962",52,0.837570023606531,2,14.0693432370022,2
"1963",52,0.837570023606531,3,-14.1247975784841,2
"1964",52,0.837570023606531,4,-7.50535917832235,2
"1965",52,0.837570023606531,5,-9.19347971218171,2
"1966",52,1.09586871939246,1,0.431772836438642,2
"1967",52,1.09586871939246,2,12.3445100140558,2
"1968",52,1.09586871939246,3,-15.3486766732696,2
"1969",52,1.09586871939246,4,-3.22841431590929,2
"1970",52,1.09586871939246,5,3.68607593141373,2
"1971",52,1.3173887936864,1,10.888285742019,2
"1972",52,1.3173887936864,2,0.521697121896626,2
"1973",52,1.3173887936864,3,-7.22214869859799,2
"1974",52,1.3173887936864,4,-12.2215559670347,2
"1975",52,1.3173887936864,5,8.8403853917662,2
"1976",52,1.66681424365379,1,24.8109944460027,2
"1977",52,1.66681424365379,2,-6.62273390849924,2
"1978",52,1.66681424365379,3,-17.6807542176228,2
"1979",52,1.66681424365379,4,-13.1066332139665,2
"1980",52,1.66681424365379,5,-10.5912798046892,2
"1981",52,3.2729472584324,1,11.6646687344795,2
"1982",52,3.2729472584324,2,-5.97925701027497,2
"1983",52,3.2729472584324,3,-1.84735924181464,2
"1984",52,3.2729472584324,4,-3.15703335511727,2
"1985",52,3.2729472584324,5,-28.5583931389529,2
"1986",52,4.23455568926875,1,-2.54328881014533,2
"1987",52,4.23455568926875,2,7.8304487003431,2
"1988",52,4.23455568926875,3,17.9527428322733,2
"1989",52,4.23455568926875,4,0.939271102560705,2
"1990",52,4.23455568926875,5,6.71407710855312,2
"1991",52,6.76679225009866,1,-5.25134626910903,2
"1992",52,6.76679225009866,2,1.30201352950587,2
"1993",52,6.76679225009866,3,12.6009074617877,2
"1994",52,6.76679225009866,4,12.4310986586883,2
"1995",52,6.76679225009866,5,-16.8202734159397,2
"1996",53,0,1,13.4770967503672,2
"1997",53,0,2,-12.857847168788,2
"1998",53,0,3,-19.3959722526298,2
"1999",53,0,4,0.909331570932639,2
"2000",53,0,5,7.21557742432393,2
"2001",53,0.559256877284497,1,28.0073268275496,2
"2002",53,0.559256877284497,2,-12.9871062321046,2
"2003",53,0.559256877284497,3,4.71852760262221,2
"2004",53,0.559256877284497,4,2.80584269993366,2
"2005",53,0.559256877284497,5,3.37037400216679,2
"2006",53,2.31247452308889,1,10.80854244457,2
"2007",53,2.31247452308889,2,-9.94163403137703,2
"2008",53,2.31247452308889,3,13.4781075077663,2
"2009",53,2.31247452308889,4,-0.525961561739947,2
"2010",53,2.31247452308889,5,-2.06276479807176,2
"2011",53,3.19963274942711,1,21.75970188646,2
"2012",53,3.19963274942711,2,-3.57688477340742,2
"2013",53,3.19963274942711,3,-7.02326069006616,2
"2014",53,3.19963274942711,4,3.19259793930004,2
"2015",53,3.19963274942711,5,-2.75992572370735,2
"2016",53,4.31790756329428,1,-6.35626139606379,2
"2017",53,4.31790756329428,2,-8.11609416570156,2
"2018",53,4.31790756329428,3,-4.19784704675149,2
"2019",53,4.31790756329428,4,-7.89549703790383,2
"2020",53,4.31790756329428,5,-17.1314397612585,2
"2021",53,6.0791633320041,1,-12.4644461280169,2
"2022",53,6.0791633320041,2,-15.3194145809002,2
"2023",53,6.0791633320041,3,12.9373937233354,2
"2024",53,6.0791633320041,4,-0.777090188775186,2
"2025",53,6.0791633320041,5,-5.75320188086484,2
"2026",53,7.45450990425888,1,8.21042504300388,2
"2027",53,7.45450990425888,2,2.74321456414755,2
"2028",53,7.45450990425888,3,14.3926333245463,2
"2029",53,7.45450990425888,4,4.85437936859637,2
"2030",53,7.45450990425888,5,-3.03933718428313,2
"2031",53,7.72537684370764,1,-11.9485254008087,2
"2032",53,7.72537684370764,2,-22.9875645629746,2
"2033",53,7.72537684370764,3,9.95115132532583,2
"2034",53,7.72537684370764,4,23.4129775879326,2
"2035",53,7.72537684370764,5,-16.2429551254672,2
"2036",53,9.02333152666688,1,20.8735920790973,2
"2037",53,9.02333152666688,2,21.7653672931618,2
"2038",53,9.02333152666688,3,24.5967840032041,2
"2039",53,9.02333152666688,4,26.8415778969469,2
"2040",53,9.02333152666688,5,9.10914918888918,2
"2041",53,10.5417820066214,1,0.744965423156633,2
"2042",53,10.5417820066214,2,-8.92794619786817,2
"2043",53,10.5417820066214,3,18.2849401397499,2
"2044",53,10.5417820066214,4,26.6125006514013,2
"2045",53,10.5417820066214,5,-2.30578439523229,2
"2046",54,0,1,18.3235932862625,2
"2047",54,0,2,-6.72307632899999,2
"2048",54,0,3,-3.72987925753638,2
"2049",54,0,4,5.12006047497721,2
"2050",54,0,5,-12.1440923596633,2
"2051",54,1.02899186685681,1,30.8003289490463,2
"2052",54,1.02899186685681,2,-4.38940536592846,2
"2053",54,1.02899186685681,3,0.0259412021263175,2
"2054",54,1.02899186685681,4,11.8806051103405,2
"2055",54,1.02899186685681,5,26.1646779111597,2
"2056",54,1.09813133627176,1,4.50738813164245,2
"2057",54,1.09813133627176,2,-7.09722484113947,2
"2058",54,1.09813133627176,3,13.3703635816892,2
"2059",54,1.09813133627176,4,-6.22980032900521,2
"2060",54,1.09813133627176,5,16.347160650246,2
"2061",54,1.30251712340396,1,1.91800199523775,2
"2062",54,1.30251712340396,2,7.49597819238728,2
"2063",54,1.30251712340396,3,23.6832608648509,2
"2064",54,1.30251712340396,4,1.06398864763268,2
"2065",54,1.30251712340396,5,3.71617248118341,2
"2066",54,7.64097204757854,1,5.37685311478096,2
"2067",54,7.64097204757854,2,-4.17611625662835,2
"2068",54,7.64097204757854,3,10.4141970509046,2
"2069",54,7.64097204757854,4,19.2518431507873,2
"2070",54,7.64097204757854,5,22.7724353051978,2
"2071",54,8.95922531641554,1,1.81049883367726,2
"2072",54,8.95922531641554,2,20.7107205815591,2
"2073",54,8.95922531641554,3,21.7163397971604,2
"2074",54,8.95922531641554,4,12.4743851145837,2
"2075",54,8.95922531641554,5,-11.0609449908942,2
"2076",54,9.62419023853727,1,-19.3481802104358,2
"2077",54,9.62419023853727,2,-26.348777200198,2
"2078",54,9.62419023853727,3,14.6362589767321,2
"2079",54,9.62419023853727,4,18.8608644723111,2
"2080",54,9.62419023853727,5,-5.77179169141548,2
"2081",55,0,1,7.41210335987828,2
"2082",55,0,2,0.550779266268391,2
"2083",55,0,3,-17.7611071386388,2
"2084",55,0,4,1.79548986704635,2
"2085",55,0,5,14.0419613153607,2
"2086",55,2.40061267092824,1,4.17787735775471,2
"2087",55,2.40061267092824,2,-6.65312240689059,2
"2088",55,2.40061267092824,3,-2.18834736064407,2
"2089",55,2.40061267092824,4,-4.31286356620339,2
"2090",55,2.40061267092824,5,-15.3803025665092,2
"2091",55,3.06914738065097,1,5.27289258825676,2
"2092",55,3.06914738065097,2,15.7846729357498,2
"2093",55,3.06914738065097,3,19.1231996727871,2
"2094",55,3.06914738065097,4,-6.71439105180163,2
"2095",55,3.06914738065097,5,-14.3563752905524,2
"2096",55,8.22979888773989,1,-1.22631104083866,2
"2097",55,8.22979888773989,2,10.2509729799299,2
"2098",55,8.22979888773989,3,5.11495647844217,2
"2099",55,8.22979888773989,4,4.2821995729542,2
"2100",55,8.22979888773989,5,-5.9918197189196,2
"2101",55,9.87503742729314,1,3.55804060011482,2
"2102",55,9.87503742729314,2,10.1826602220599,2
"2103",55,9.87503742729314,3,21.443946785288,2
"2104",55,9.87503742729314,4,-1.41608362737658,2
"2105",55,9.87503742729314,5,-15.2103116786471,2
"2106",55,9.96964769240003,1,-13.0806176628954,2
"2107",55,9.96964769240003,2,6.31890695080853,2
"2108",55,9.96964769240003,3,0.227331692406224,2
"2109",55,9.96964769240003,4,18.9037977425117,2
"2110",55,9.96964769240003,5,-17.3878169652512,2
"2111",56,0,1,22.8351978476793,2
"2112",56,0,2,-4.24702972112269,2
"2113",56,0,3,-11.3074926936937,2
"2114",56,0,4,-21.823717045761,2
"2115",56,0,5,-5.56501722081568,2
"2116",56,0.978517821175046,1,25.5148055028759,2
"2117",56,0.978517821175046,2,1.64654858533593,2
"2118",56,0.978517821175046,3,9.78328921144157,2
"2119",56,0.978517821175046,4,1.63798212978737,2
"2120",56,0.978517821175046,5,-20.9173101249572,2
"2121",56,1.79725379589945,1,32.545256503151,2
"2122",56,1.79725379589945,2,-15.6320741262613,2
"2123",56,1.79725379589945,3,-10.1727491053114,2
"2124",56,1.79725379589945,4,4.17067278819733,2
"2125",56,1.79725379589945,5,-11.6144417447753,2
"2126",56,2.9170716276858,1,17.6780016251222,2
"2127",56,2.9170716276858,2,8.78371837260899,2
"2128",56,2.9170716276858,3,5.85714701499171,2
"2129",56,2.9170716276858,4,5.51714094407065,2
"2130",56,2.9170716276858,5,-8.74320327152213,2
"2131",56,7.31745159055572,1,-10.1142239745968,2
"2132",56,7.31745159055572,2,-6.12074209137666,2
"2133",56,7.31745159055572,3,18.2578030590314,2
"2134",56,7.31745159055572,4,5.89337240135792,2
"2135",56,7.31745159055572,5,-21.4608920206452,2
"2136",56,8.49914990901016,1,1.28312078904151,2
"2137",56,8.49914990901016,2,13.8787143600202,2
"2138",56,8.49914990901016,3,8.2351057082691,2
"2139",56,8.49914990901016,4,4.41692022574033,2
"2140",56,8.49914990901016,5,-21.9812304348958,2
"2141",56,8.92840577999596,1,-15.1160802932911,2
"2142",56,8.92840577999596,2,-14.401131344858,2
"2143",56,8.92840577999596,3,2.76785123980668,2
"2144",56,8.92840577999596,4,6.02426434630718,2
"2145",56,8.92840577999596,5,-33.5714132750712,2
"2146",56,10.120905492804,1,10.4794680847797,2
"2147",56,10.120905492804,2,-4.49055606042264,2
"2148",56,10.120905492804,3,-4.48159995978277,2
"2149",56,10.120905492804,4,18.2444944389021,2
"2150",56,10.120905492804,5,-7.91112719740517,2
"2151",56,10.999701827066,1,15.7541514196743,2
"2152",56,10.999701827066,2,-12.3312703186112,2
"2153",56,10.999701827066,3,15.791200710685,2
"2154",56,10.999701827066,4,15.7603047041521,2
"2155",56,10.999701827066,5,-8.93796150437086,2
"2156",57,0,1,15.5004679291199,2
"2157",57,0,2,4.1303032246353,2
"2158",57,0,3,-13.1972535879531,2
"2159",57,0,4,3.84883573097737,2
"2160",57,0,5,-9.59472716528231,2
"2161",57,4.63737355684862,1,11.2726852622861,2
"2162",57,4.63737355684862,2,-8.72233638709085,2
"2163",57,4.63737355684862,3,12.7452689530516,2
"2164",57,4.63737355684862,4,-1.58862956602695,2
"2165",57,4.63737355684862,5,-9.6586817300502,2
"2166",57,5.44728463119827,1,7.89684369897685,2
"2167",57,5.44728463119827,2,-9.45193417109348,2
"2168",57,5.44728463119827,3,31.7925771831083,2
"2169",57,5.44728463119827,4,13.6030320909838,2
"2170",57,5.44728463119827,5,-18.0252992460093,2
"2171",57,8.86865001323167,1,-9.7638174936269,2
"2172",57,8.86865001323167,2,5.42919627069829,2
"2173",57,8.86865001323167,3,20.8788969770065,2
"2174",57,8.86865001323167,4,7.38661979856436,2
"2175",57,8.86865001323167,5,-4.3686386264222,2
"2176",57,9.56243033532519,1,3.73116752144929,2
"2177",57,9.56243033532519,2,-23.0388329484656,2
"2178",57,9.56243033532519,3,22.4494702181915,2
"2179",57,9.56243033532519,4,18.8416369733596,2
"2180",57,9.56243033532519,5,-23.5767073774077,2
"2181",57,10.8673374769278,1,8.58667711310858,2
"2182",57,10.8673374769278,2,0.917857269342345,2
"2183",57,10.8673374769278,3,31.7483931470554,2
"2184",57,10.8673374769278,4,23.5494943806934,2
"2185",57,10.8673374769278,5,-16.0968243781479,2
"2186",58,0,1,16.8279560919325,2
"2187",58,0,2,-6.03080413440881,2
"2188",58,0,3,15.5346455212099,2
"2189",58,0,4,4.89071486599962,2
"2190",58,0,5,13.3482133819103,2
"2191",58,0.74457659968175,1,17.03164780641,2
"2192",58,0.74457659968175,2,-1.4076273344379,2
"2193",58,0.74457659968175,3,-11.2940239902231,2
"2194",58,0.74457659968175,4,3.44277915814138,2
"2195",58,0.74457659968175,5,-5.16446215292473,2
"2196",58,0.996145883458667,1,-4.39162151559198,2
"2197",58,0.996145883458667,2,-15.678856060965,2
"2198",58,0.996145883458667,3,-11.820179513619,2
"2199",58,0.996145883458667,4,-5.50448437152706,2
"2200",58,0.996145883458667,5,-7.10623750033467,2
"2201",58,3.82500058657024,1,9.29217127174266,2
"2202",58,3.82500058657024,2,0.394335958121188,2
"2203",58,3.82500058657024,3,4.09289754363377,2
"2204",58,3.82500058657024,4,6.12231026908129,2
"2205",58,3.82500058657024,5,-11.3563676510402,2
"2206",58,3.93388374848291,1,9.61687513605558,2
"2207",58,3.93388374848291,2,-18.7359471866657,2
"2208",58,3.93388374848291,3,22.1930403101451,2
"2209",58,3.93388374848291,4,-10.3586049037617,2
"2210",58,3.93388374848291,5,27.8601666281804,2
"2211",58,5.61956359655596,1,4.82594790987085,2
"2212",58,5.61956359655596,2,-5.02982354019256,2
"2213",58,5.61956359655596,3,15.0866292928909,2
"2214",58,5.61956359655596,4,0.879821671055731,2
"2215",58,5.61956359655596,5,-1.26000974008228,2
"2216",58,5.72620333021041,1,-6.39023119578191,2
"2217",58,5.72620333021041,2,-9.20149503007042,2
"2218",58,5.72620333021041,3,20.4171069626282,2
"2219",58,5.72620333021041,4,18.2800874070987,2
"2220",58,5.72620333021041,5,-6.03446860066994,2
"2221",58,6.66233416413888,1,-21.2496765809228,2
"2222",58,6.66233416413888,2,-5.61745458457258,2
"2223",58,6.66233416413888,3,33.2443155381001,2
"2224",58,6.66233416413888,4,0.564841073222745,2
"2225",58,6.66233416413888,5,3.43868588584334,2
"2226",58,8.40076894662343,1,-3.3136565339477,2
"2227",58,8.40076894662343,2,-27.7294590496847,2
"2228",58,8.40076894662343,3,6.04715757022397,2
"2229",58,8.40076894662343,4,-1.1793744991978,2
"2230",58,8.40076894662343,5,3.48009388714863,2
"2231",58,9.54709650750738,1,-8.22452514314028,2
"2232",58,9.54709650750738,2,-5.88247527585057,2
"2233",58,9.54709650750738,3,21.6774440706158,2
"2234",58,9.54709650750738,4,17.0345672000289,2
"2235",58,9.54709650750738,5,3.31669246146652,2
"2236",58,9.83676294900943,1,-10.830917564045,2
"2237",58,9.83676294900943,2,-0.08620255460918,2
"2238",58,9.83676294900943,3,33.2911040557827,2
"2239",58,9.83676294900943,4,15.6142953327354,2
"2240",58,9.83676294900943,5,-15.4682819411663,2
"2241",58,10.9804413507227,1,-10.548191890404,2
"2242",58,10.9804413507227,2,11.6919125692753,2
"2243",58,10.9804413507227,3,19.0088917096733,2
"2244",58,10.9804413507227,4,32.7509036514308,2
"2245",58,10.9804413507227,5,16.9953277211641,2
"2246",59,0,1,14.794993143187,2
"2247",59,0,2,7.42037891424,2
"2248",59,0,3,-6.55906553437215,2
"2249",59,0,4,-2.19966608470372,2
"2250",59,0,5,13.4524064944418,2
"2251",59,0.736854552407749,1,3.08998339815995,2
"2252",59,0.736854552407749,2,-17.4993363984112,2
"2253",59,0.736854552407749,3,-23.065138035511,2
"2254",59,0.736854552407749,4,-14.6232869386928,2
"2255",59,0.736854552407749,5,-0.157585271693204,2
"2256",59,6.67600689642131,1,-24.4088620417398,2
"2257",59,6.67600689642131,2,-15.9445249388175,2
"2258",59,6.67600689642131,3,-12.8838409479862,2
"2259",59,6.67600689642131,4,15.0424929668356,2
"2260",59,6.67600689642131,5,-14.3939878811547,2
"2261",59,6.81627245771233,1,-17.2279297540693,2
"2262",59,6.81627245771233,2,-26.6037633455275,2
"2263",59,6.81627245771233,3,5.58348379714621,2
"2264",59,6.81627245771233,4,4.35072713330962,2
"2265",59,6.81627245771233,5,-1.72911605955677,2
"2266",59,9.75824892753735,1,-33.528559727006,2
"2267",59,9.75824892753735,2,-18.3113468843546,2
"2268",59,9.75824892753735,3,9.11165682473758,2
"2269",59,9.75824892753735,4,14.1924233848106,2
"2270",59,9.75824892753735,5,-0.819849150898213,2
"2271",60,0,1,22.5445007581214,2
"2272",60,0,2,-9.65037779939504,2
"2273",60,0,3,-26.0553511577469,2
"2274",60,0,4,-9.09535348877155,2
"2275",60,0,5,5.98592476846522,2
"2276",60,4.23349263868295,1,-9.17074572864722,2
"2277",60,4.23349263868295,2,3.79005069991617,2
"2278",60,4.23349263868295,3,-10.5903144605818,2
"2279",60,4.23349263868295,4,-9.77918363855993,2
"2280",60,4.23349263868295,5,-9.91405746535058,2
"2281",60,4.83407662250102,1,-2.76951680460694,2
"2282",60,4.83407662250102,2,-15.2513941987966,2
"2283",60,4.83407662250102,3,-3.15418339753737,2
"2284",60,4.83407662250102,4,0.420929053653904,2
"2285",60,4.83407662250102,5,4.11895300203547,2
"2286",60,7.83584323676769,1,-15.0265439891863,2
"2287",60,7.83584323676769,2,-23.4693223441488,2
"2288",60,7.83584323676769,3,-0.363587664754846,2
"2289",60,7.83584323676769,4,-6.6788408886936,2
"2290",60,7.83584323676769,5,0.693312192116135,2
"2291",60,8.03646948188543,1,-6.71590080919147,2
"2292",60,8.03646948188543,2,-11.964765892727,2
"2293",60,8.03646948188543,3,24.0746665847708,2
"2294",60,8.03646948188543,4,24.3939152389002,2
"2295",60,8.03646948188543,5,3.34685075823075,2
"2296",60,8.39849029236939,1,-22.0005820292026,2
"2297",60,8.39849029236939,2,-1.88186295870003,2
"2298",60,8.39849029236939,3,-8.9917627897338,2
"2299",60,8.39849029236939,4,-3.32107356002581,2
"2300",60,8.39849029236939,5,-7.05785152499103,2
"2301",60,10.4462355084252,1,-28.0770958079831,2
"2302",60,10.4462355084252,2,-15.0975103543553,2
"2303",60,10.4462355084252,3,2.61020406405537,2
"2304",60,10.4462355084252,4,-6.51168673233183,2
"2305",60,10.4462355084252,5,-19.4570595672694,2
"2306",60,10.8909082128666,1,-20.1273169135392,2
"2307",60,10.8909082128666,2,3.15998330141249,2
"2308",60,10.8909082128666,3,1.93182957045263,2
"2309",60,10.8909082128666,4,7.00483095212539,2
"2310",60,10.8909082128666,5,0.971099148938499,2
"2311",61,0,1,18.1862958132692,2
"2312",61,0,2,-18.3359038488007,2
"2313",61,0,3,-16.0294653867759,2
"2314",61,0,4,4.19294037934895,2
"2315",61,0,5,-4.13371735334693,2
"2316",61,2.05203872243874,1,29.118983659459,2
"2317",61,2.05203872243874,2,-1.91040851729696,2
"2318",61,2.05203872243874,3,7.32825919945957,2
"2319",61,2.05203872243874,4,0.833132642778102,2
"2320",61,2.05203872243874,5,-17.6629953690928,2
"2321",61,2.5415886194678,1,23.4261273373386,2
"2322",61,2.5415886194678,2,11.5660822196812,2
"2323",61,2.5415886194678,3,15.4090502627055,2
"2324",61,2.5415886194678,4,7.70331322967522,2
"2325",61,2.5415886194678,5,12.764353810334,2
"2326",61,5.0823929203907,1,2.72601359565639,2
"2327",61,5.0823929203907,2,0.161014503424554,2
"2328",61,5.0823929203907,3,19.4408547519359,2
"2329",61,5.0823929203907,4,18.0729357573898,2
"2330",61,5.0823929203907,5,-18.5721221647386,2
"2331",61,5.10565999988467,1,3.85483536774584,2
"2332",61,5.10565999988467,2,-3.43624329965364,2
"2333",61,5.10565999988467,3,20.5310644703353,2
"2334",61,5.10565999988467,4,11.4078797193904,2
"2335",61,5.10565999988467,5,0.501977551667815,2
"2336",61,6.73303367407061,1,-11.5190242241236,2
"2337",61,6.73303367407061,2,-8.10649592857712,2
"2338",61,6.73303367407061,3,16.1218345882015,2
"2339",61,6.73303367407061,4,2.02933520983995,2
"2340",61,6.73303367407061,5,-9.92478222607149,2
"2341",61,7.30793366534635,1,-11.5214489724497,2
"2342",61,7.30793366534635,2,2.31872909456159,2
"2343",61,7.30793366534635,3,10.4343058916699,2
"2344",61,7.30793366534635,4,9.08012442640251,2
"2345",61,7.30793366534635,5,-6.88369434498156,2
"2346",61,9.38764434936456,1,-23.2708264540182,2
"2347",61,9.38764434936456,2,8.76028875383706,2
"2348",61,9.38764434936456,3,30.5426231228248,2
"2349",61,9.38764434936456,4,4.21838326774993,2
"2350",61,9.38764434936456,5,6.8007098742715,2
"2351",61,9.52705806691665,1,-9.24569056566257,2
"2352",61,9.52705806691665,2,1.9870662871067,2
"2353",61,9.52705806691665,3,5.24524673662958,2
"2354",61,9.52705806691665,4,14.9084168444976,2
"2355",61,9.52705806691665,5,-21.5644451250091,2
"2356",61,9.80699104431551,1,-12.9438709553295,2
"2357",61,9.80699104431551,2,-19.5691185027444,2
"2358",61,9.80699104431551,3,7.13479231024668,2
"2359",61,9.80699104431551,4,25.0475862484809,2
"2360",61,9.80699104431551,5,7.2657678152843,2
"2361",61,10.0220681204228,1,10.5425849097171,2
"2362",61,10.0220681204228,2,-15.2344918226493,2
"2363",61,10.0220681204228,3,11.1316485871553,2
"2364",61,10.0220681204228,4,-5.81846053790391,2
"2365",61,10.0220681204228,5,-5.37193498775467,2
"2366",62,0,1,7.27041900256933,2
"2367",62,0,2,-16.2643381610518,2
"2368",62,0,3,-13.5847217522984,2
"2369",62,0,4,2.84747826291405,2
"2370",62,0,5,-6.07151922260319,2
"2371",62,1.09980009112041,1,15.1945847030094,2
"2372",62,1.09980009112041,2,-16.0969529878401,2
"2373",62,1.09980009112041,3,-12.8815267110365,2
"2374",62,1.09980009112041,4,-14.3923443383095,2
"2375",62,1.09980009112041,5,-27.1434018554575,2
"2376",62,9.11244843841996,1,-9.70755958425147,2
"2377",62,9.11244843841996,2,-37.040241957111,2
"2378",62,9.11244843841996,3,-4.86801664040186,2
"2379",62,9.11244843841996,4,3.38688928570156,2
"2380",62,9.11244843841996,5,4.49319648154397,2
"2381",62,9.27421634702478,1,-22.1690922231362,2
"2382",62,9.27421634702478,2,-25.8536132661287,2
"2383",62,9.27421634702478,3,12.7141819922188,2
"2384",62,9.27421634702478,4,1.76586909490652,2
"2385",62,9.27421634702478,5,-12.6023572047264,2
"2386",62,10.5222805662779,1,-0.596460592390067,2
"2387",62,10.5222805662779,2,-16.641641649164,2
"2388",62,10.5222805662779,3,9.50069623932371,2
"2389",62,10.5222805662779,4,14.0895661077639,2
"2390",62,10.5222805662779,5,-13.2226273606455,2
"2391",62,10.8912869296037,1,-19.9779553757053,2
"2392",62,10.8912869296037,2,-18.1732393279517,2
"2393",62,10.8912869296037,3,-0.797922582011131,2
"2394",62,10.8912869296037,4,-27.3383325890162,2
"2395",62,10.8912869296037,5,-10.3509099791596,2
"2396",63,0,1,22.7450882784596,2
"2397",63,0,2,1.45339538945173,2
"2398",63,0,3,-6.46146795732133,2
"2399",63,0,4,20.3716162255969,2
"2400",63,0,5,6.36271716951183,2
"2401",63,1.88206223025918,1,10.3018272398476,2
"2402",63,1.88206223025918,2,-4.03716680544365,2
"2403",63,1.88206223025918,3,18.2007957739129,2
"2404",63,1.88206223025918,4,0.296643678679577,2
"2405",63,1.88206223025918,5,-12.5780471681707,2
"2406",63,3.27186258183792,1,4.78634103193234,2
"2407",63,3.27186258183792,2,0.0497945013905103,2
"2408",63,3.27186258183792,3,20.2496021753044,2
"2409",63,3.27186258183792,4,6.03873862579558,2
"2410",63,3.27186258183792,5,-9.92377656639298,2
"2411",63,3.71983482455835,1,3.93038589651537,2
"2412",63,3.71983482455835,2,-4.80663723567137,2
"2413",63,3.71983482455835,3,5.633015432674,2
"2414",63,3.71983482455835,4,-2.26430552119537,2
"2415",63,3.71983482455835,5,-4.74327294866719,2
"2416",63,4.70131527888589,1,-0.782408724947558,2
"2417",63,4.70131527888589,2,-12.4525245890475,2
"2418",63,4.70131527888589,3,13.3499048048969,2
"2419",63,4.70131527888589,4,-4.77164203434936,2
"2420",63,4.70131527888589,5,-13.3725057232329,2
"2421",63,4.92544371483382,1,2.63175924168836,2
"2422",63,4.92544371483382,2,14.7380735642207,2
"2423",63,4.92544371483382,3,11.415834346834,2
"2424",63,4.92544371483382,4,16.9833296507416,2
"2425",63,4.92544371483382,5,4.26059541302465,2
"2426",63,6.8568226712523,1,-2.80588445509829,2
"2427",63,6.8568226712523,2,-6.60858466593974,2
"2428",63,6.8568226712523,3,22.1767929131461,2
"2429",63,6.8568226712523,4,20.0631731063822,2
"2430",63,6.8568226712523,5,-25.0715846556787,2
"2431",63,9.67519627034198,1,-20.2068083900148,2
"2432",63,9.67519627034198,2,-6.71783442596779,2
"2433",63,9.67519627034198,3,25.8623321646894,2
"2434",63,9.67519627034198,4,35.7057890680337,2
"2435",63,9.67519627034198,5,-12.5549418346341,2
"2436",64,0,1,19.2684904411245,2
"2437",64,0,2,-18.4658969744811,2
"2438",64,0,3,-8.10754727836075,2
"2439",64,0,4,-13.6945779028581,2
"2440",64,0,5,-7.05224843552409,2
"2441",64,1.8933230220573,1,5.9335056884365,2
"2442",64,1.8933230220573,2,-9.42446761339605,2
"2443",64,1.8933230220573,3,-2.85036832859087,2
"2444",64,1.8933230220573,4,7.49625548198785,2
"2445",64,1.8933230220573,5,-6.47307060921839,2
"2446",64,3.86165892286226,1,18.6413781286027,2
"2447",64,3.86165892286226,2,-7.06191823566862,2
"2448",64,3.86165892286226,3,16.1790622313796,2
"2449",64,3.86165892286226,4,5.30077301933733,2
"2450",64,3.86165892286226,5,-16.5098797564617,2
"2451",64,4.76568704214878,1,-8.01869597020976,2
"2452",64,4.76568704214878,2,-23.6988920950269,2
"2453",64,4.76568704214878,3,19.6162529406644,2
"2454",64,4.76568704214878,4,22.7639052506035,2
"2455",64,4.76568704214878,5,-6.6013252294489,2
"2456",64,6.10253652464598,1,-7.49555436211467,2
"2457",64,6.10253652464598,2,4.83996458619773,2
"2458",64,6.10253652464598,3,19.8402876505213,2
"2459",64,6.10253652464598,4,12.4708609443706,2
"2460",64,6.10253652464598,5,-2.27951683527037,2
"2461",64,6.45339692116249,1,-20.3609037331913,2
"2462",64,6.45339692116249,2,-18.0607643334645,2
"2463",64,6.45339692116249,3,10.7672605266365,2
"2464",64,6.45339692116249,4,21.3513263987556,2
"2465",64,6.45339692116249,5,-17.5314988857772,2
"2466",65,0,1,33.4417964898541,2
"2467",65,0,2,6.81705891463094,2
"2468",65,0,3,-8.984023660532,2
"2469",65,0,4,-11.8808474297952,2
"2470",65,0,5,-0.447578399228971,2
"2471",65,1.50904711242765,1,30.1929182918906,2
"2472",65,1.50904711242765,2,-5.77649418650858,2
"2473",65,1.50904711242765,3,2.0264281990565,2
"2474",65,1.50904711242765,4,11.0904243611889,2
"2475",65,1.50904711242765,5,4.03188837074255,2
"2476",65,3.21082990756258,1,15.9373695387451,2
"2477",65,3.21082990756258,2,11.5064705106464,2
"2478",65,3.21082990756258,3,4.78608541623103,2
"2479",65,3.21082990756258,4,-6.76705984152727,2
"2480",65,3.21082990756258,5,-7.4351427064624,2
"2481",65,4.00620888592675,1,1.3334273014713,2
"2482",65,4.00620888592675,2,-2.160005647446,2
"2483",65,4.00620888592675,3,30.3913663341934,2
"2484",65,4.00620888592675,4,8.67667709189697,2
"2485",65,4.00620888592675,5,5.19622964856389,2
"2486",65,6.07754651037976,1,6.081443135445,2
"2487",65,6.07754651037976,2,11.40714039172,2
"2488",65,6.07754651037976,3,15.3713978389645,2
"2489",65,6.07754651037976,4,7.52506942602322,2
"2490",65,6.07754651037976,5,-8.25599123307305,2
"2491",65,6.26642374298535,1,-6.82413124126972,2
"2492",65,6.26642374298535,2,-7.16224176870615,2
"2493",65,6.26642374298535,3,11.1718232749081,2
"2494",65,6.26642374298535,4,12.508318128869,2
"2495",65,6.26642374298535,5,10.7807924296069,2
"2496",65,7.71601035434287,1,-8.13012968701735,2
"2497",65,7.71601035434287,2,3.62467550180696,2
"2498",65,7.71601035434287,3,20.9903020296943,2
"2499",65,7.71601035434287,4,-1.68642104495241,2
"2500",65,7.71601035434287,5,11.622567940196,2
"2501",65,9.08239597501233,1,13.9776043555807,2
"2502",65,9.08239597501233,2,-5.34701352315994,2
"2503",65,9.08239597501233,3,15.7634281684908,2
"2504",65,9.08239597501233,4,25.863114031879,2
"2505",65,9.08239597501233,5,-5.62896894961059,2
"2506",65,9.3553382876562,1,-4.7983493909137,2
"2507",65,9.3553382876562,2,-27.6179155255248,2
"2508",65,9.3553382876562,3,5.37620085949512,2
"2509",65,9.3553382876562,4,12.9730242242271,2
"2510",65,9.3553382876562,5,-23.9518992807615,2
"2511",65,10.1159119212534,1,-20.2160033807624,2
"2512",65,10.1159119212534,2,-14.7714149769665,2
"2513",65,10.1159119212534,3,6.52555851223814,2
"2514",65,10.1159119212534,4,-1.58550371924348,2
"2515",65,10.1159119212534,5,-19.9664425702061,2
"2516",66,0,1,9.52262005403977,2
"2517",66,0,2,2.25535362679804,2
"2518",66,0,3,7.6593534114202,2
"2519",66,0,4,-2.00332271014775,2
"2520",66,0,5,-7.91750914307965,2
"2521",66,3.86508397804573,1,12.5825881625733,2
"2522",66,3.86508397804573,2,-31.1372047529387,2
"2523",66,3.86508397804573,3,16.4293161755432,2
"2524",66,3.86508397804573,4,1.42122854613881,2
"2525",66,3.86508397804573,5,2.29632812307993,2
"2526",66,9.00682198326103,1,-0.00469527144248083,2
"2527",66,9.00682198326103,2,0.084566290563715,2
"2528",66,9.00682198326103,3,21.4000463555476,2
"2529",66,9.00682198326103,4,31.8170509339178,2
"2530",66,9.00682198326103,5,11.5251366471393,2
"2531",66,10.2546996189049,1,14.9783374190411,2
"2532",66,10.2546996189049,2,-5.00412158014321,2
"2533",66,10.2546996189049,3,17.3708601529544,2
"2534",66,10.2546996189049,4,2.5009910849101,2
"2535",66,10.2546996189049,5,6.22840060785776,2
"2536",67,0,1,17.5002109018191,2
"2537",67,0,2,-15.3867638889324,2
"2538",67,0,3,-37.1209072229212,2
"2539",67,0,4,-5.41667437137635,2
"2540",67,0,5,8.56775308735378,2
"2541",67,1.63576735788956,1,13.5123334182271,2
"2542",67,1.63576735788956,2,-13.8768386691441,2
"2543",67,1.63576735788956,3,-25.1028697811281,2
"2544",67,1.63576735788956,4,-3.17442940747966,2
"2545",67,1.63576735788956,5,14.1980308341588,2
"2546",67,1.69656176958233,1,24.4205794666331,2
"2547",67,1.69656176958233,2,-12.3552810245094,2
"2548",67,1.69656176958233,3,-1.98699350409261,2
"2549",67,1.69656176958233,4,7.28544701350087,2
"2550",67,1.69656176958233,5,-6.76673300306512,2
"2551",67,5.90976780839264,1,-10.3615349709278,2
"2552",67,5.90976780839264,2,1.19224515612816,2
"2553",67,5.90976780839264,3,6.82691636717706,2
"2554",67,5.90976780839264,4,6.38173973833233,2
"2555",67,5.90976780839264,5,17.1321425338124,2
"2556",67,7.6637754709227,1,-9.16559531979892,2
"2557",67,7.6637754709227,2,-13.4642022359052,2
"2558",67,7.6637754709227,3,3.73094439485034,2
"2559",67,7.6637754709227,4,-4.74303290869027,2
"2560",67,7.6637754709227,5,-17.4602530842949,2
"2561",68,0,1,30.6406604015206,2
"2562",68,0,2,-0.41415036540272,2
"2563",68,0,3,-16.5858043741702,2
"2564",68,0,4,7.58678158194134,2
"2565",68,0,5,-9.6053800571977,2
"2566",68,2.5045373699395,1,3.82107609622391,2
"2567",68,2.5045373699395,2,-4.17611067021812,2
"2568",68,2.5045373699395,3,-13.8053068898004,2
"2569",68,2.5045373699395,4,-12.3241033505688,2
"2570",68,2.5045373699395,5,-2.49589715789592,2
"2571",68,2.61992384621408,1,7.90722801601256,2
"2572",68,2.61992384621408,2,-13.525926016363,2
"2573",68,2.61992384621408,3,0.386503199286976,2
"2574",68,2.61992384621408,4,5.76868534327985,2
"2575",68,2.61992384621408,5,-2.55668286190411,2
"2576",68,2.91097838850692,1,-18.5405518130668,2
"2577",68,2.91097838850692,2,-26.1387180938833,2
"2578",68,2.91097838850692,3,-4.99222742270272,2
"2579",68,2.91097838850692,4,-16.487070017338,2
"2580",68,2.91097838850692,5,-12.2351593432605,2
"2581",68,3.86282643396407,1,-9.69982812569667,2
"2582",68,3.86282643396407,2,-3.647270745717,2
"2583",68,3.86282643396407,3,5.24234029241056,2
"2584",68,3.86282643396407,4,1.02717367179964,2
"2585",68,3.86282643396407,5,-14.1620700672038,2
"2586",68,5.75073296425398,1,-0.335868976578102,2
"2587",68,5.75073296425398,2,-13.2117587444212,2
"2588",68,5.75073296425398,3,36.7021069925053,2
"2589",68,5.75073296425398,4,26.6828002061568,2
"2590",68,5.75073296425398,5,-16.6267090964701,2
"2591",68,7.44854219909757,1,1.6422229427188,2
"2592",68,7.44854219909757,2,-11.3726115789046,2
"2593",68,7.44854219909757,3,12.2766239400202,2
"2594",68,7.44854219909757,4,12.9049112127607,2
"2595",68,7.44854219909757,5,5.3234923075259,2
"2596",68,10.7742494227132,1,-16.4853574929107,2
"2597",68,10.7742494227132,2,-29.6184813827235,2
"2598",68,10.7742494227132,3,13.8429143760022,2
"2599",68,10.7742494227132,4,-11.5942023099453,2
"2600",68,10.7742494227132,5,-7.98173013331108,2
"2601",69,0,1,11.5332944650755,2
"2602",69,0,2,13.7407007706892,2
"2603",69,0,3,-21.9499356971317,2
"2604",69,0,4,-0.902858604710916,2
"2605",69,0,5,-0.711714781641471,2
"2606",69,0.669060171348974,1,17.8018645805175,2
"2607",69,0.669060171348974,2,7.23954879013436,2
"2608",69,0.669060171348974,3,-13.1889999630221,2
"2609",69,0.669060171348974,4,12.4249106888252,2
"2610",69,0.669060171348974,5,-9.08742788863806,2
"2611",69,4.72903056140058,1,-11.3601263980391,2
"2612",69,4.72903056140058,2,-0.311459439968366,2
"2613",69,4.72903056140058,3,12.9936039917257,2
"2614",69,4.72903056140058,4,2.36403101630324,2
"2615",69,4.72903056140058,5,0.556775681998335,2
"2616",69,5.20166917878669,1,-4.98261764202526,2
"2617",69,5.20166917878669,2,-13.6297045534064,2
"2618",69,5.20166917878669,3,2.53645525193305,2
"2619",69,5.20166917878669,4,16.1601440373969,2
"2620",69,5.20166917878669,5,-23.365573671123,2
"2621",69,9.49902747641318,1,-0.022487217809203,2
"2622",69,9.49902747641318,2,-4.47875826325481,2
"2623",69,9.49902747641318,3,17.4111562945816,2
"2624",69,9.49902747641318,4,18.2319140846848,2
"2625",69,9.49902747641318,5,-11.9401450156634,2
"2626",69,9.94883683219086,1,-1.52835430479707,2
"2627",69,9.94883683219086,2,-3.58197445364683,2
"2628",69,9.94883683219086,3,3.85059955274161,2
"2629",69,9.94883683219086,4,7.68527346800525,2
"2630",69,9.94883683219086,5,-13.4599310131083,2
"2631",70,0,1,12.4799692960847,2
"2632",70,0,2,9.65063325174212,2
"2633",70,0,3,-6.04648039674434,2
"2634",70,0,4,1.70718104465777,2
"2635",70,0,5,-11.4857913186308,2
"2636",70,2.43578085885383,1,6.2953761874514,2
"2637",70,2.43578085885383,2,4.22142508115633,2
"2638",70,2.43578085885383,3,8.92512660668335,2
"2639",70,2.43578085885383,4,-14.3525417780825,2
"2640",70,2.43578085885383,5,-11.3220425603508,2
"2641",70,2.94418600003701,1,12.5899190816187,2
"2642",70,2.94418600003701,2,11.5938631092658,2
"2643",70,2.94418600003701,3,14.1706430000678,2
"2644",70,2.94418600003701,4,11.6484699407843,2
"2645",70,2.94418600003701,5,-2.60810462324238,2
"2646",70,3.45375089521986,1,12.0409973069932,2
"2647",70,3.45375089521986,2,1.91010290941175,2
"2648",70,3.45375089521986,3,19.3318834718945,2
"2649",70,3.45375089521986,4,14.0717731838902,2
"2650",70,3.45375089521986,5,-3.60119635630667,2
"2651",70,6.15357711503748,1,9.14268913147925,2
"2652",70,6.15357711503748,2,-0.0177839590169082,2
"2653",70,6.15357711503748,3,9.92359487088426,2
"2654",70,6.15357711503748,4,20.5307614073913,2
"2655",70,6.15357711503748,5,-2.33431583965001,2
"2656",70,6.20901697734371,1,3.57082344899906,2
"2657",70,6.20901697734371,2,-13.9592138733239,2
"2658",70,6.20901697734371,3,34.1642262923404,2
"2659",70,6.20901697734371,4,22.2087590419013,2
"2660",70,6.20901697734371,5,-7.51792193147152,2
"2661",70,7.7639837723691,1,0.558671106499672,2
"2662",70,7.7639837723691,2,-26.9300553135175,2
"2663",70,7.7639837723691,3,12.2339074565922,2
"2664",70,7.7639837723691,4,15.2522269528404,2
"2665",70,7.7639837723691,5,-12.8331926000617,2
"2666",70,8.06563422770705,1,-7.74902500514345,2
"2667",70,8.06563422770705,2,1.04970319713692,2
"2668",70,8.06563422770705,3,7.48097406037449,2
"2669",70,8.06563422770705,4,13.702663832964,2
"2670",70,8.06563422770705,5,-19.611481009676,2
"2671",70,9.58624159276951,1,6.91286476075367,2
"2672",70,9.58624159276951,2,3.52328999818439,2
"2673",70,9.58624159276951,3,-1.9486196077817,2
"2674",70,9.58624159276951,4,16.4192208695534,2
"2675",70,9.58624159276951,5,4.67737180510893,2
"2676",70,10.1503586155595,1,-20.7453675577693,2
"2677",70,10.1503586155595,2,-16.6984704218679,2
"2678",70,10.1503586155595,3,19.295816290936,2
"2679",70,10.1503586155595,4,19.5203123640281,2
"2680",70,10.1503586155595,5,-1.84171537290648,2
"2681",71,0,1,13.4481360897156,2
"2682",71,0,2,-1.03677204151026,2
"2683",71,0,3,2.97722718121809,2
"2684",71,0,4,-12.0773326005037,2
"2685",71,0,5,-14.4299925247144,2
"2686",71,2.55482062220108,1,12.1288739103808,2
"2687",71,2.55482062220108,2,1.79434201228266,2
"2688",71,2.55482062220108,3,4.11444548880307,2
"2689",71,2.55482062220108,4,-7.77175256199074,2
"2690",71,2.55482062220108,5,-8.60271126269032,2
"2691",71,4.20514991099481,1,16.3423340217776,2
"2692",71,4.20514991099481,2,9.20909906584276,2
"2693",71,4.20514991099481,3,8.38848194233685,2
"2694",71,4.20514991099481,4,-24.9250312829765,2
"2695",71,4.20514991099481,5,-7.19194825002388,2
"2696",71,4.61561619816348,1,-2.15491764956981,2
"2697",71,4.61561619816348,2,-13.8340353898157,2
"2698",71,4.61561619816348,3,-2.50026856655297,2
"2699",71,4.61561619816348,4,0.732633459242062,2
"2700",71,4.61561619816348,5,-7.07909814648294,2
"2701",71,6.18251305446029,1,-28.5862610922385,2
"2702",71,6.18251305446029,2,-2.91943768066475,2
"2703",71,6.18251305446029,3,29.6734443028186,2
"2704",71,6.18251305446029,4,14.3998109033737,2
"2705",71,6.18251305446029,5,-13.9092519478422,2
"2706",71,6.71793293091469,1,-1.28278198205306,2
"2707",71,6.71793293091469,2,5.29438531880403,2
"2708",71,6.71793293091469,3,-6.67482366219154,2
"2709",71,6.71793293091469,4,7.39587039650071,2
"2710",71,6.71793293091469,5,-21.9378564365864,2
"2711",71,6.9380136752734,1,-4.58663165392653,2
"2712",71,6.9380136752734,2,-6.01079381865259,2
"2713",71,6.9380136752734,3,24.6538552619181,2
"2714",71,6.9380136752734,4,-5.03455985729659,2
"2715",71,6.9380136752734,5,8.02166556483099,2
"2716",71,7.49174123932607,1,-2.04347144910582,2
"2717",71,7.49174123932607,2,6.35934548818057,2
"2718",71,7.49174123932607,3,11.7549509549458,2
"2719",71,7.49174123932607,4,-14.6350664224097,2
"2720",71,7.49174123932607,5,-16.8231749681861,2
"2721",71,8.0366440936923,1,-23.9307802949707,2
"2722",71,8.0366440936923,2,-27.317290454282,2
"2723",71,8.0366440936923,3,6.15835883953126,2
"2724",71,8.0366440936923,4,-15.7834169007154,2
"2725",71,8.0366440936923,5,-20.7160966030757,2
"2726",71,8.92940836283378,1,-38.2105440817878,2
"2727",71,8.92940836283378,2,0.55914855162354,2
"2728",71,8.92940836283378,3,26.6838796191229,2
"2729",71,8.92940836283378,4,-9.85941272544994,2
"2730",71,8.92940836283378,5,-38.1843354997932,2
"2731",72,0,1,33.2843702189162,2
"2732",72,0,2,-4.34073523375731,2
"2733",72,0,3,-23.5813605043123,2
"2734",72,0,4,-12.9772890043119,2
"2735",72,0,5,12.4145661211381,2
"2736",72,1.97862614586484,1,-2.18049444239504,2
"2737",72,1.97862614586484,2,-22.5954105562179,2
"2738",72,1.97862614586484,3,13.7951317339845,2
"2739",72,1.97862614586484,4,28.7402638305879,2
"2740",72,1.97862614586484,5,0.992375511937193,2
"2741",72,4.49501182511449,1,-2.36753489562582,2
"2742",72,4.49501182511449,2,-13.4807170784577,2
"2743",72,4.49501182511449,3,11.1539806977682,2
"2744",72,4.49501182511449,4,13.5759859842266,2
"2745",72,4.49501182511449,5,2.4993054859302,2
"2746",72,5.39145656418987,1,-19.9964292448671,2
"2747",72,5.39145656418987,2,19.8885987645404,2
"2748",72,5.39145656418987,3,14.2998747354385,2
"2749",72,5.39145656418987,4,-4.22517738135735,2
"2750",72,5.39145656418987,5,1.0684387354328,2
"2751",72,6.87676125229336,1,-12.4747141080962,2
"2752",72,6.87676125229336,2,-12.5109190707811,2
"2753",72,6.87676125229336,3,6.8588643833079,2
"2754",72,6.87676125229336,4,-4.2554311517661,2
"2755",72,6.87676125229336,5,-12.4913641596686,2
"2756",72,8.19499223260209,1,-35.1041456491338,2
"2757",72,8.19499223260209,2,-6.96120150720695,2
"2758",72,8.19499223260209,3,17.847624170728,2
"2759",72,8.19499223260209,4,-15.3864071799488,2
"2760",72,8.19499223260209,5,3.99745557304727,2
"2761",73,0,1,6.84585046858441,2
"2762",73,0,2,-11.0532138014199,2
"2763",73,0,3,-19.9014487404621,2
"2764",73,0,4,17.1246938319847,2
"2765",73,0,5,-1.42807781570973,2
"2766",73,0.765452638617717,1,13.8918666712415,2
"2767",73,0.765452638617717,2,-9.05579707457362,2
"2768",73,0.765452638617717,3,4.5099380734554,2
"2769",73,0.765452638617717,4,2.67574761883952,2
"2770",73,0.765452638617717,5,15.4328132408785,2
"2771",73,2.52032110234722,1,12.7209723028438,2
"2772",73,2.52032110234722,2,-26.8484869575407,2
"2773",73,2.52032110234722,3,1.84642075324179,2
"2774",73,2.52032110234722,4,1.83853519479878,2
"2775",73,2.52032110234722,5,-5.88284851492406,2
"2776",73,4.49223380954936,1,-19.5188267559154,2
"2777",73,4.49223380954936,2,2.81093688189683,2
"2778",73,4.49223380954936,3,-25.9280364388035,2
"2779",73,4.49223380954936,4,15.2088473052859,2
"2780",73,4.49223380954936,5,-5.55900152314548,2
"2781",73,4.66010737651959,1,-24.8800281383751,2
"2782",73,4.66010737651959,2,-15.9741322701357,2
"2783",73,4.66010737651959,3,24.9125808432697,2
"2784",73,4.66010737651959,4,16.0971650675091,2
"2785",73,4.66010737651959,5,-9.78937264144631,2
"2786",73,5.03494838613551,1,-2.63223829217734,2
"2787",73,5.03494838613551,2,-15.4857055968459,2
"2788",73,5.03494838613551,3,11.113974686542,2
"2789",73,5.03494838613551,4,22.3302423909644,2
"2790",73,5.03494838613551,5,15.5896565279543,2
"2791",73,5.99680188565981,1,-6.62731257619201,2
"2792",73,5.99680188565981,2,-13.2356480899151,2
"2793",73,5.99680188565981,3,-5.39360504353163,2
"2794",73,5.99680188565981,4,18.7054667967851,2
"2795",73,5.99680188565981,5,-1.38677058456729,2
"2796",73,7.38398748019245,1,1.65953013198764,2
"2797",73,7.38398748019245,2,-12.5903464561779,2
"2798",73,7.38398748019245,3,16.2369783128924,2
"2799",73,7.38398748019245,4,0.851654189237051,2
"2800",73,7.38398748019245,5,15.1692050883445,2
"2801",73,7.43126623297576,1,-12.3030117145916,2
"2802",73,7.43126623297576,2,-10.4315610607792,2
"2803",73,7.43126623297576,3,6.69199040960491,2
"2804",73,7.43126623297576,4,15.4066566745878,2
"2805",73,7.43126623297576,5,0.0557946319969416,2
"2806",73,10.554699535016,1,-12.0471602998684,2
"2807",73,10.554699535016,2,7.83903805887032,2
"2808",73,10.554699535016,3,32.1127365004974,2
"2809",73,10.554699535016,4,11.8428848249198,2
"2810",73,10.554699535016,5,-24.4656000065317,2
"2811",74,0,1,24.5609072796783,2
"2812",74,0,2,-11.2541883831911,2
"2813",74,0,3,-27.8078072003193,2
"2814",74,0,4,-17.3247100903638,2
"2815",74,0,5,-7.81596924175835,2
"2816",74,3.16498257603962,1,1.067574790533,2
"2817",74,3.16498257603962,2,-8.92655327810686,2
"2818",74,3.16498257603962,3,-2.41949502505154,2
"2819",74,3.16498257603962,4,2.20132766205422,2
"2820",74,3.16498257603962,5,-1.38290608246133,2
"2821",74,5.49673434090801,1,-3.00248418708523,2
"2822",74,5.49673434090801,2,-19.461331763643,2
"2823",74,5.49673434090801,3,2.77493456388194,2
"2824",74,5.49673434090801,4,1.16779994144141,2
"2825",74,5.49673434090801,5,-0.672285329765781,2
"2826",74,7.50509156903718,1,-2.81021818531204,2
"2827",74,7.50509156903718,2,7.21208531683986,2
"2828",74,7.50509156903718,3,-13.2631938248071,2
"2829",74,7.50509156903718,4,-6.77493501737922,2
"2830",74,7.50509156903718,5,0.987103248013529,2
"2831",74,8.65829524968285,1,-10.5044256870989,2
"2832",74,8.65829524968285,2,-26.9786271213791,2
"2833",74,8.65829524968285,3,-0.996121819505483,2
"2834",74,8.65829524968285,4,10.4363723982868,2
"2835",74,8.65829524968285,5,-3.3921708802631,2
"2836",74,10.099598625442,1,-14.5194353831328,2
"2837",74,10.099598625442,2,-10.729027555769,2
"2838",74,10.099598625442,3,9.16171767021019,2
"2839",74,10.099598625442,4,9.25975280277528,2
"2840",74,10.099598625442,5,-23.0177846424197,2
"2841",75,0,1,8.24986458084475,2
"2842",75,0,2,11.2031047871388,2
"2843",75,0,3,-12.5790560254022,2
"2844",75,0,4,-9.29035469733038,2
"2845",75,0,5,-4.39042018111275,2
"2846",75,0.926295951008797,1,38.041100088434,2
"2847",75,0.926295951008797,2,1.30302923670453,2
"2848",75,0.926295951008797,3,-5.64115271304373,2
"2849",75,0.926295951008797,4,-3.83904846678711,2
"2850",75,0.926295951008797,5,0.513080584368532,2
"2851",75,2.43220366130117,1,15.2587143730187,2
"2852",75,2.43220366130117,2,-12.1981801271604,2
"2853",75,2.43220366130117,3,-1.50228907802634,2
"2854",75,2.43220366130117,4,-5.4665301279804,2
"2855",75,2.43220366130117,5,5.63934343527742,2
"2856",75,2.56800516066141,1,27.0433883216761,2
"2857",75,2.56800516066141,2,12.1464844100473,2
"2858",75,2.56800516066141,3,8.493398939329,2
"2859",75,2.56800516066141,4,17.885269218824,2
"2860",75,2.56800516066141,5,-12.2379329133796,2
"2861",75,4.33250395790674,1,8.43312621133295,2
"2862",75,4.33250395790674,2,4.85497036401038,2
"2863",75,4.33250395790674,3,-2.40433584432431,2
"2864",75,4.33250395790674,4,-0.0971112086797952,2
"2865",75,4.33250395790674,5,-9.17355773083622,2
"2866",75,4.36679582798388,1,1.56259049134355,2
"2867",75,4.36679582798388,2,14.6203177413092,2
"2868",75,4.36679582798388,3,17.5601018377917,2
"2869",75,4.36679582798388,4,5.94424731963643,2
"2870",75,4.36679582798388,5,-21.9770220999493,2
"2871",75,5.65088281698991,1,-10.0871962341264,2
"2872",75,5.65088281698991,2,13.2097582417801,2
"2873",75,5.65088281698991,3,19.3846616326665,2
"2874",75,5.65088281698991,4,21.6300697106266,2
"2875",75,5.65088281698991,5,-20.1720471494333,2
"2876",75,6.9466178441653,1,-7.21027002918661,2
"2877",75,6.9466178441653,2,-4.86390073750858,2
"2878",75,6.9466178441653,3,1.23444554030491,2
"2879",75,6.9466178441653,4,1.96741042752053,2
"2880",75,6.9466178441653,5,-32.618549212603,2
"2881",75,10.4668772672303,1,-5.15672193686325,2
"2882",75,10.4668772672303,2,5.35440606092225,2
"2883",75,10.4668772672303,3,20.366458669585,2
"2884",75,10.4668772672303,4,7.47211189920141,2
"2885",75,10.4668772672303,5,-20.8212638422594,2
"2886",75,10.4853363099974,1,-2.2726593718376,2
"2887",75,10.4853363099974,2,15.5727403409647,2
"2888",75,10.4853363099974,3,24.9242172190156,2
"2889",75,10.4853363099974,4,4.84246040689089,2
"2890",75,10.4853363099974,5,-2.65095597266446,2
"2891",76,0,1,13.0550577710003,2
"2892",76,0,2,-0.330474195259054,2
"2893",76,0,3,-13.5322651518686,2
"2894",76,0,4,-9.05363796334933,2
"2895",76,0,5,-5.98158884291519,2
"2896",76,2.95773515896872,1,22.8419100530306,2
"2897",76,2.95773515896872,2,15.5387766149013,2
"2898",76,2.95773515896872,3,2.21229328015358,2
"2899",76,2.95773515896872,4,-5.92856733419737,2
"2900",76,2.95773515896872,5,-2.32214435918726,2
"2901",76,4.30203823139891,1,-5.17805715369493,2
"2902",76,4.30203823139891,2,-5.68904021426258,2
"2903",76,4.30203823139891,3,-9.68595480989933,2
"2904",76,4.30203823139891,4,7.35154680991999,2
"2905",76,4.30203823139891,5,-7.0492929042904,2
"2906",76,4.79481726360973,1,4.54049586897409,2
"2907",76,4.79481726360973,2,-2.53107429170948,2
"2908",76,4.79481726360973,3,4.46934756894967,2
"2909",76,4.79481726360973,4,19.0590206487184,2
"2910",76,4.79481726360973,5,0.860766174380551,2
"2911",76,5.05935974942986,1,-8.95151443966912,2
"2912",76,5.05935974942986,2,-1.77945679878805,2
"2913",76,5.05935974942986,3,-14.4759714812235,2
"2914",76,5.05935974942986,4,26.7803132044934,2
"2915",76,5.05935974942986,5,-16.268498009139,2
"2916",76,5.79325219825841,1,-2.86428953214954,2
"2917",76,5.79325219825841,2,-4.68022898615886,2
"2918",76,5.79325219825841,3,0.597282005473701,2
"2919",76,5.79325219825841,4,4.16902511042235,2
"2920",76,5.79325219825841,5,-3.99083145746742,2
"2921",76,8.33765631285496,1,-15.2943710527226,2
"2922",76,8.33765631285496,2,-4.31827860269534,2
"2923",76,8.33765631285496,3,4.75830342383314,2
"2924",76,8.33765631285496,4,15.9264740977513,2
"2925",76,8.33765631285496,5,0.258153284677443,2
"2926",76,9.07201634894591,1,-14.49109114752,2
"2927",76,9.07201634894591,2,-26.9689763483212,2
"2928",76,9.07201634894591,3,22.3804808708967,2
"2929",76,9.07201634894591,4,17.2367741504927,2
"2930",76,9.07201634894591,5,-0.0498722269677367,2
"2931",76,9.18993512669113,1,-16.914842799187,2
"2932",76,9.18993512669113,2,-15.8982946138479,2
"2933",76,9.18993512669113,3,-10.1443538159446,2
"2934",76,9.18993512669113,4,16.0684495661913,2
"2935",76,9.18993512669113,5,-5.99937669117973,2
"2936",76,10.2603786317632,1,-23.4499047632478,2
"2937",76,10.2603786317632,2,-31.1294377868544,2
"2938",76,10.2603786317632,3,0.429583559080168,2
"2939",76,10.2603786317632,4,-11.7860931709156,2
"2940",76,10.2603786317632,5,-31.6845578717525,2
"2941",76,10.7268521131482,1,-5.77932541719138,2
"2942",76,10.7268521131482,2,-25.7536595211031,2
"2943",76,10.7268521131482,3,4.92965536889628,2
"2944",76,10.7268521131482,4,7.2372048131877,2
"2945",76,10.7268521131482,5,-0.192172978828445,2
"2946",77,0,1,30.3148331772486,2
"2947",77,0,2,-2.58778580632958,2
"2948",77,0,3,12.5467718904929,2
"2949",77,0,4,-16.9612941432944,2
"2950",77,0,5,2.58897237854989,2
"2951",77,2.17359946819488,1,-10.12153770544,2
"2952",77,2.17359946819488,2,-11.2031540293812,2
"2953",77,2.17359946819488,3,11.4158689990536,2
"2954",77,2.17359946819488,4,-6.75185672336147,2
"2955",77,2.17359946819488,5,7.8509297587072,2
"2956",77,2.82621915172786,1,-8.9785209642399,2
"2957",77,2.82621915172786,2,-11.9941999832517,2
"2958",77,2.82621915172786,3,-3.58816957749746,2
"2959",77,2.82621915172786,4,-11.399631592167,2
"2960",77,2.82621915172786,5,15.6608756873388,2
"2961",77,7.06774210196454,1,7.32995823772771,2
"2962",77,7.06774210196454,2,-20.7086556821088,2
"2963",77,7.06774210196454,3,2.1165974814698,2
"2964",77,7.06774210196454,4,-8.78002837380605,2
"2965",77,7.06774210196454,5,-3.80977333633191,2
"2966",77,7.2478136937134,1,-10.1587568349081,2
"2967",77,7.2478136937134,2,-15.5413077563269,2
"2968",77,7.2478136937134,3,18.3047747743688,2
"2969",77,7.2478136937134,4,-8.71765377880805,2
"2970",77,7.2478136937134,5,4.20594177409575,2
"2971",77,7.77518685651012,1,-15.754367613659,2
"2972",77,7.77518685651012,2,-31.7186518261384,2
"2973",77,7.77518685651012,3,11.6398912624653,2
"2974",77,7.77518685651012,4,0.907531830202312,2
"2975",77,7.77518685651012,5,-6.44467604072275,2
"2976",77,10.9563706520712,1,4.06559427531437,2
"2977",77,10.9563706520712,2,-14.5739655359877,2
"2978",77,10.9563706520712,3,11.0769732042711,2
"2979",77,10.9563706520712,4,12.1420187015984,2
"2980",77,10.9563706520712,5,0.927690748356252,2
"2981",78,0,1,24.8579695731341,2
"2982",78,0,2,-7.31082973028715,2
"2983",78,0,3,-7.10880303230027,2
"2984",78,0,4,0.78054995028486,2
"2985",78,0,5,-7.67443991285258,2
"2986",78,1.59908466483466,1,8.76801145662781,2
"2987",78,1.59908466483466,2,-23.799426874165,2
"2988",78,1.59908466483466,3,17.2663455447428,2
"2989",78,1.59908466483466,4,7.13470848094147,2
"2990",78,1.59908466483466,5,-10.856364928331,2
"2991",78,1.94897482707165,1,23.1803100687255,2
"2992",78,1.94897482707165,2,-3.37348588877647,2
"2993",78,1.94897482707165,3,3.05123947820352,2
"2994",78,1.94897482707165,4,2.48093058255231,2
"2995",78,1.94897482707165,5,3.32172059047088,2
"2996",78,2.73858845722862,1,8.42404377801381,2
"2997",78,2.73858845722862,2,15.6849965073969,2
"2998",78,2.73858845722862,3,4.19166924538415,2
"2999",78,2.73858845722862,4,8.91275906042947,2
"3000",78,2.73858845722862,5,0.0255062378748434,2
"3001",78,4.13297562266234,1,8.40898303040386,2
"3002",78,4.13297562266234,2,1.65114781313869,2
"3003",78,4.13297562266234,3,9.69191875562472,2
"3004",78,4.13297562266234,4,16.6999641506689,2
"3005",78,4.13297562266234,5,-3.15003823955516,2
"3006",78,7.86995208763983,1,-2.88584918939311,2
"3007",78,7.86995208763983,2,2.89549275489454,2
"3008",78,7.86995208763983,3,3.65220098969496,2
"3009",78,7.86995208763983,4,5.2636653026127,2
"3010",78,7.86995208763983,5,-12.8926144208251,2
"3011",78,9.34898610354867,1,-16.6519777347576,2
"3012",78,9.34898610354867,2,-7.56851355624299,2
"3013",78,9.34898610354867,3,12.2642782103559,2
"3014",78,9.34898610354867,4,-3.57958052923045,2
"3015",78,9.34898610354867,5,-18.8794025783022,2
"3016",78,9.68158716172911,1,-24.5473221263622,2
"3017",78,9.68158716172911,2,4.97495194125197,2
"3018",78,9.68158716172911,3,12.2603017124091,2
"3019",78,9.68158716172911,4,2.95985994204968,2
"3020",78,9.68158716172911,5,-19.3586343372301,2
"3021",79,0,1,0.208924922893715,2
"3022",79,0,2,0.95261440891056,2
"3023",79,0,3,-9.35546746345446,2
"3024",79,0,4,-3.75719026738384,2
"3025",79,0,5,14.7060486558128,2
"3026",79,1.24881498154718,1,18.0958658679784,2
"3027",79,1.24881498154718,2,5.181126306058,2
"3028",79,1.24881498154718,3,-7.66105065264268,2
"3029",79,1.24881498154718,4,10.3923795897149,2
"3030",79,1.24881498154718,5,-4.89706911826885,2
"3031",79,1.38150418631267,1,5.79955422867494,2
"3032",79,1.38150418631267,2,7.90141553979131,2
"3033",79,1.38150418631267,3,-10.1618608160396,2
"3034",79,1.38150418631267,4,1.9566574710984,2
"3035",79,1.38150418631267,5,-5.97467375793299,2
"3036",79,4.82981126511004,1,4.03032959621429,2
"3037",79,4.82981126511004,2,-6.91132431151041,2
"3038",79,4.82981126511004,3,1.99395976773332,2
"3039",79,4.82981126511004,4,-2.58492826583447,2
"3040",79,4.82981126511004,5,-23.9276473992778,2
"3041",79,5.80146464204881,1,11.192852471222,2
"3042",79,5.80146464204881,2,-0.437567929966998,2
"3043",79,5.80146464204881,3,7.12314812890691,2
"3044",79,5.80146464204881,4,4.33026074660263,2
"3045",79,5.80146464204881,5,-9.02582249023762,2
"3046",79,6.06802054448053,1,4.02766898838614,2
"3047",79,6.06802054448053,2,-17.167174628747,2
"3048",79,6.06802054448053,3,4.35035235524806,2
"3049",79,6.06802054448053,4,13.1146852816076,2
"3050",79,6.06802054448053,5,-16.6654678324091,2
"3051",79,7.07843052572571,1,-9.95536744250159,2
"3052",79,7.07843052572571,2,-16.0789231049738,2
"3053",79,7.07843052572571,3,9.66006232707588,2
"3054",79,7.07843052572571,4,9.89451068055147,2
"3055",79,7.07843052572571,5,-4.64498435361443,2
"3056",79,8.00465042341966,1,6.90202572631839,2
"3057",79,8.00465042341966,2,2.71155261497502,2
"3058",79,8.00465042341966,3,7.81275374905701,2
"3059",79,8.00465042341966,4,-1.7930719942303,2
"3060",79,8.00465042341966,5,-11.4670506795709,2
"3061",79,8.15296274970751,1,4.48199462294259,2
"3062",79,8.15296274970751,2,-2.95470539752079,2
"3063",79,8.15296274970751,3,19.3999797897881,2
"3064",79,8.15296274970751,4,-1.21562132747344,2
"3065",79,8.15296274970751,5,-11.296678192334,2
"3066",79,8.56750800868031,1,-20.1536492852128,2
"3067",79,8.56750800868031,2,-6.10916084840714,2
"3068",79,8.56750800868031,3,16.5283731160129,2
"3069",79,8.56750800868031,4,-9.07728264238284,2
"3070",79,8.56750800868031,5,-7.33338062742408,2
"3071",80,0,1,26.2486688836369,2
"3072",80,0,2,-6.18739758144427,2
"3073",80,0,3,-21.2660096860097,2
"3074",80,0,4,9.44578696445184,2
"3075",80,0,5,1.3547309766372,2
"3076",80,0.886780285043642,1,25.1965129263489,2
"3077",80,0.886780285043642,2,14.3429186637691,2
"3078",80,0.886780285043642,3,11.1942290227696,2
"3079",80,0.886780285043642,4,-15.3042818257073,2
"3080",80,0.886780285043642,5,-4.85198544484471,2
"3081",80,3.72916191723198,1,-1.50663666249245,2
"3082",80,3.72916191723198,2,-0.251424335549517,2
"3083",80,3.72916191723198,3,10.8280117119816,2
"3084",80,3.72916191723198,4,4.58291795666952,2
"3085",80,3.72916191723198,5,8.7620399684461,2
"3086",80,4.81948188785464,1,11.9072389327694,2
"3087",80,4.81948188785464,2,2.37004438966129,2
"3088",80,4.81948188785464,3,4.45365677127011,2
"3089",80,4.81948188785464,4,5.40616410999453,2
"3090",80,4.81948188785464,5,-13.8431219573742,2
"3091",80,5.63729968620464,1,-8.63435236176235,2
"3092",80,5.63729968620464,2,-18.5607682579617,2
"3093",80,5.63729968620464,3,9.61719392702819,2
"3094",80,5.63729968620464,4,18.2452041015673,2
"3095",80,5.63729968620464,5,-18.4190453392208,2
"3096",80,7.2708212317666,1,-5.88531914837283,2
"3097",80,7.2708212317666,2,-9.39186912853249,2
"3098",80,7.2708212317666,3,25.6831301077397,2
"3099",80,7.2708212317666,4,19.6424909868101,2
"3100",80,7.2708212317666,5,-1.81012489591247,2
"3101",80,7.91464542248286,1,-20.6555571062833,2
"3102",80,7.91464542248286,2,-19.3215485010051,2
"3103",80,7.91464542248286,3,-12.8198788304479,2
"3104",80,7.91464542248286,4,-6.56413306076254,2
"3105",80,7.91464542248286,5,-18.4419468630004,2
"3106",80,8.01597838639282,1,-2.84640979161366,2
"3107",80,8.01597838639282,2,15.6496150517787,2
"3108",80,8.01597838639282,3,19.4268119066793,2
"3109",80,8.01597838639282,4,13.4542049955997,2
"3110",80,8.01597838639282,5,0.183747383309479,2
"3111",80,10.0040410746587,1,1.11777855057029,2
"3112",80,10.0040410746587,2,-4.56454823113911,2
"3113",80,10.0040410746587,3,11.3651538444249,2
"3114",80,10.0040410746587,4,7.92602498199544,2
"3115",80,10.0040410746587,5,-0.748549349261877,2
"3116",80,10.7960805337643,1,1.12357478690692,2
"3117",80,10.7960805337643,2,3.66266587316112,2
"3118",80,10.7960805337643,3,13.722967177772,2
"3119",80,10.7960805337643,4,22.5477776358418,2
"3120",80,10.7960805337643,5,-10.1852971927365,2
"3121",81,0,1,14.2794894461445,2
"3122",81,0,2,12.8034158617412,2
"3123",81,0,3,-0.697187040754937,2
"3124",81,0,4,2.75316260638329,2
"3125",81,0,5,8.17122161679032,2
"3126",81,1.15661952947266,1,3.17457583726595,2
"3127",81,1.15661952947266,2,-18.2345959482087,2
"3128",81,1.15661952947266,3,3.50202652253723,2
"3129",81,1.15661952947266,4,-9.96634559194964,2
"3130",81,1.15661952947266,5,-22.7961375148672,2
"3131",81,4.1676750840852,1,-2.95191318163053,2
"3132",81,4.1676750840852,2,-0.25689830732382,2
"3133",81,4.1676750840852,3,0.794753037439634,2
"3134",81,4.1676750840852,4,18.3407566938079,2
"3135",81,4.1676750840852,5,6.39413401051602,2
"3136",81,5.67571319092531,1,2.79788149915602,2
"3137",81,5.67571319092531,2,-7.02212433538659,2
"3138",81,5.67571319092531,3,2.49706360889124,2
"3139",81,5.67571319092531,4,2.06159559079704,2
"3140",81,5.67571319092531,5,6.625432319143,2
"3141",81,7.00452595378738,1,-8.59636538256322,2
"3142",81,7.00452595378738,2,-7.69281387298637,2
"3143",81,7.00452595378738,3,4.33747072095241,2
"3144",81,7.00452595378738,4,11.8849078327899,2
"3145",81,7.00452595378738,5,-10.1883347218872,2
"3146",81,8.2702680954244,1,-21.2043297128201,2
"3147",81,8.2702680954244,2,-3.9433716047926,2
"3148",81,8.2702680954244,3,1.56107011257621,2
"3149",81,8.2702680954244,4,-1.41331080642197,2
"3150",81,8.2702680954244,5,-18.3086440978762,2
"3151",81,9.78360734670423,1,-34.0516182474381,2
"3152",81,9.78360734670423,2,-23.2280449558921,2
"3153",81,9.78360734670423,3,9.65121297134182,2
"3154",81,9.78360734670423,4,-4.7376797075744,2
"3155",81,9.78360734670423,5,-25.9752493768028,2
"3156",82,0,1,42.2878659445271,2
"3157",82,0,2,-4.73702075505318,2
"3158",82,0,3,-4.38249940506107,2
"3159",82,0,4,10.4984280712064,2
"3160",82,0,5,0.426324569282828,2
"3161",82,2.61374883842655,1,0.654212378878533,2
"3162",82,2.61374883842655,2,-5.39277510382432,2
"3163",82,2.61374883842655,3,3.32704153767806,2
"3164",82,2.61374883842655,4,5.4683682912971,2
"3165",82,2.61374883842655,5,7.85821663296039,2
"3166",82,3.46405811107252,1,-4.75379011578009,2
"3167",82,3.46405811107252,2,-6.2397847990871,2
"3168",82,3.46405811107252,3,10.9544864126333,2
"3169",82,3.46405811107252,4,11.3237553492418,2
"3170",82,3.46405811107252,5,-6.08274984527609,2
"3171",82,5.47847413469572,1,8.36212872245032,2
"3172",82,5.47847413469572,2,-2.47821008723122,2
"3173",82,5.47847413469572,3,24.9601870709787,2
"3174",82,5.47847413469572,4,2.46465632374328,2
"3175",82,5.47847413469572,5,-8.33414186543497,2
"3176",82,9.71255691163242,1,-5.93748304696191,2
"3177",82,9.71255691163242,2,-25.7075463111412,2
"3178",82,9.71255691163242,3,20.8748877121056,2
"3179",82,9.71255691163242,4,6.10855000430995,2
"3180",82,9.71255691163242,5,-9.70052263632634,2
"3181",83,0,1,24.6304921082541,2
"3182",83,0,2,0.483899277451775,2
"3183",83,0,3,-13.0402519777941,2
"3184",83,0,4,-13.5251002254721,2
"3185",83,0,5,5.88719305177778,2
"3186",83,1.06732490111608,1,7.23586664810927,2
"3187",83,1.06732490111608,2,-7.28473593957945,2
"3188",83,1.06732490111608,3,-19.363855219209,2
"3189",83,1.06732490111608,4,-19.6450282222266,2
"3190",83,1.06732490111608,5,-11.0102341127755,2
"3191",83,1.34845671872608,1,18.5204406511558,2
"3192",83,1.34845671872608,2,3.08314671856504,2
"3193",83,1.34845671872608,3,-5.47169016164465,2
"3194",83,1.34845671872608,4,-0.29847239557935,2
"3195",83,1.34845671872608,5,-9.85986520179073,2
"3196",83,2.20149594370741,1,10.4565445445505,2
"3197",83,2.20149594370741,2,5.13478725093889,2
"3198",83,2.20149594370741,3,18.7650182119684,2
"3199",83,2.20149594370741,4,18.0275199200295,2
"3200",83,2.20149594370741,5,3.89377771949235,2
"3201",83,2.49625554739032,1,1.17381409204728,2
"3202",83,2.49625554739032,2,6.05210666571133,2
"3203",83,2.49625554739032,3,15.8432192518182,2
"3204",83,2.49625554739032,4,5.80615980400714,2
"3205",83,2.49625554739032,5,-12.183810263212,2
"3206",83,2.5061669627903,1,5.07656880568378,2
"3207",83,2.5061669627903,2,-15.503411984555,2
"3208",83,2.5061669627903,3,-2.95105255010245,2
"3209",83,2.5061669627903,4,-15.9252151148048,2
"3210",83,2.5061669627903,5,-4.42397382910951,2
"3211",83,3.12818685616367,1,3.3000964651671,2
"3212",83,3.12818685616367,2,-6.82333454450929,2
"3213",83,3.12818685616367,3,-11.9772736122595,2
"3214",83,3.12818685616367,4,-10.8641876156,2
"3215",83,3.12818685616367,5,13.9822181409425,2
"3216",83,3.9910940049449,1,-0.919859073575772,2
"3217",83,3.9910940049449,2,-16.271921662519,2
"3218",83,3.9910940049449,3,-8.78039447561702,2
"3219",83,3.9910940049449,4,-2.27906281578222,2
"3220",83,3.9910940049449,5,-1.77642208458747,2
"3221",83,8.17867268319242,1,-0.642505544315704,2
"3222",83,8.17867268319242,2,-18.4363058661095,2
"3223",83,8.17867268319242,3,0.69044963609934,2
"3224",83,8.17867268319242,4,1.80259069271788,2
"3225",83,8.17867268319242,5,-25.3239795022061,2
"3226",83,8.87463002023287,1,-18.7895841185603,2
"3227",83,8.87463002023287,2,-11.3770356794168,2
"3228",83,8.87463002023287,3,7.78294979821578,2
"3229",83,8.87463002023287,4,11.4430647163896,2
"3230",83,8.87463002023287,5,-14.3960998288548,2
"3231",83,10.6850932536181,1,-32.9991065676002,2
"3232",83,10.6850932536181,2,-44.4622015690522,2
"3233",83,10.6850932536181,3,0.540106147223408,2
"3234",83,10.6850932536181,4,-21.8596356120852,2
"3235",83,10.6850932536181,5,-21.1133669275034,2
"3236",84,0,1,24.1326698144182,2
"3237",84,0,2,7.22154392327885,2
"3238",84,0,3,-16.1868272225856,2
"3239",84,0,4,1.44344582823056,2
"3240",84,0,5,-5.35294594106796,2
"3241",84,0.619899537763558,1,17.4606397283215,2
"3242",84,0.619899537763558,2,-10.6338463144586,2
"3243",84,0.619899537763558,3,-4.90396389228828,2
"3244",84,0.619899537763558,4,0.716836082796548,2
"3245",84,0.619899537763558,5,-8.19402485023432,2
"3246",84,3.33783778187353,1,4.86117607583345,2
"3247",84,3.33783778187353,2,-16.7432656565906,2
"3248",84,3.33783778187353,3,-17.0163484900367,2
"3249",84,3.33783778187353,4,-6.69606210939324,2
"3250",84,3.33783778187353,5,3.50124185345267,2
"3251",84,3.41953370161355,1,10.3585104476377,2
"3252",84,3.41953370161355,2,17.5217214481436,2
"3253",84,3.41953370161355,3,12.0782428646182,2
"3254",84,3.41953370161355,4,9.65368678323958,2
"3255",84,3.41953370161355,5,-16.6950191490537,2
"3256",84,4.21962360013276,1,-7.28760523900417,2
"3257",84,4.21962360013276,2,-1.84119718145748,2
"3258",84,4.21962360013276,3,7.21216761614907,2
"3259",84,4.21962360013276,4,16.3316528629432,2
"3260",84,4.21962360013276,5,-9.17989467988147,2
"3261",84,9.85912792128511,1,-21.3636581489214,2
"3262",84,9.85912792128511,2,-18.2057726765668,2
"3263",84,9.85912792128511,3,17.3131330309084,2
"3264",84,9.85912792128511,4,12.1678021626096,2
"3265",84,9.85912792128511,5,-11.1092873179084,2
"3266",84,10.5988929902669,1,-7.34336421589204,2
"3267",84,10.5988929902669,2,-9.41433555823679,2
"3268",84,10.5988929902669,3,-6.96014415536231,2
"3269",84,10.5988929902669,4,7.54219950247299,2
"3270",84,10.5988929902669,5,-8.91585033903112,2
"3271",84,10.7676217502449,1,-7.01868392546189,2
"3272",84,10.7676217502449,2,-7.57555773249028,2
"3273",84,10.7676217502449,3,6.81188945884044,2
"3274",84,10.7676217502449,4,24.5446943377349,2
"3275",84,10.7676217502449,5,-9.30895093434632,2
"3276",85,0,1,14.027788127272,2
"3277",85,0,2,-6.38518931189355,2
"3278",85,0,3,-3.9365724667475,2
"3279",85,0,4,10.5366907177374,2
"3280",85,0,5,-13.4018931672581,2
"3281",85,5.90777990489732,1,-2.09146926993094,2
"3282",85,5.90777990489732,2,4.61516907243509,2
"3283",85,5.90777990489732,3,-5.57937035780036,2
"3284",85,5.90777990489732,4,-1.1880124588752,2
"3285",85,5.90777990489732,5,-15.8100662254487,2
"3286",85,7.89198490290437,1,-10.4857786411621,2
"3287",85,7.89198490290437,2,-37.079595378315,2
"3288",85,7.89198490290437,3,6.23769659142477,2
"3289",85,7.89198490290437,4,15.4094513655479,2
"3290",85,7.89198490290437,5,-26.9759986846112,2
"3291",85,9.14019606949296,1,-14.9691854542697,2
"3292",85,9.14019606949296,2,-15.2932646358622,2
"3293",85,9.14019606949296,3,-6.92140098734303,2
"3294",85,9.14019606949296,4,5.82525971861001,2
"3295",85,9.14019606949296,5,-12.943580977713,2
"3296",85,10.3568938802928,1,18.7876923677044,2
"3297",85,10.3568938802928,2,-17.4267025666508,2
"3298",85,10.3568938802928,3,24.7007208622179,2
"3299",85,10.3568938802928,4,28.1451119689692,2
"3300",85,10.3568938802928,5,-1.60502834084561,2
"3301",86,0,1,22.9407461066659,2
"3302",86,0,2,5.87835928346148,2
"3303",86,0,3,12.4900601515818,2
"3304",86,0,4,3.82335251784429,2
"3305",86,0,5,-6.34974468450785,2
"3306",86,3.63284189195838,1,-3.85069672289745,2
"3307",86,3.63284189195838,2,9.65203283374552,2
"3308",86,3.63284189195838,3,8.24008823482997,2
"3309",86,3.63284189195838,4,-0.284050868135886,2
"3310",86,3.63284189195838,5,-13.10697663396,2
"3311",86,3.950788200018,1,7.57364923333821,2
"3312",86,3.950788200018,2,8.48534419823664,2
"3313",86,3.950788200018,3,21.2295077369971,2
"3314",86,3.950788200018,4,10.6009253562557,2
"3315",86,3.950788200018,5,-4.38379189860998,2
"3316",86,4.97942855698057,1,-23.7075886767893,2
"3317",86,4.97942855698057,2,-19.7946146582989,2
"3318",86,4.97942855698057,3,32.6492241896187,2
"3319",86,4.97942855698057,4,-9.32576510165963,2
"3320",86,4.97942855698057,5,-2.53195292608588,2
"3321",86,7.44247284973972,1,-7.5114844887575,2
"3322",86,7.44247284973972,2,-3.15043573140826,2
"3323",86,7.44247284973972,3,10.0178759597432,2
"3324",86,7.44247284973972,4,7.51677767818651,2
"3325",86,7.44247284973972,5,-23.8957331976674,2
"3326",87,0,1,15.7079223398082,2
"3327",87,0,2,4.98411030912145,2
"3328",87,0,3,-11.0752492191166,2
"3329",87,0,4,10.716539872079,2
"3330",87,0,5,7.38497202965465,2
"3331",87,2.05625463288743,1,1.79412963142585,2
"3332",87,2.05625463288743,2,-3.47830936121892,2
"3333",87,2.05625463288743,3,-12.7310933552715,2
"3334",87,2.05625463288743,4,-9.77287575896488,2
"3335",87,2.05625463288743,5,0.804463478728774,2
"3336",87,4.6851479500765,1,-9.43292341549704,2
"3337",87,4.6851479500765,2,-2.56903380218302,2
"3338",87,4.6851479500765,3,10.3140274834957,2
"3339",87,4.6851479500765,4,10.784135471182,2
"3340",87,4.6851479500765,5,-13.6782184067415,2
"3341",87,4.97133179497905,1,-6.91343170645403,2
"3342",87,4.97133179497905,2,-15.097892983162,2
"3343",87,4.97133179497905,3,0.978517340362979,2
"3344",87,4.97133179497905,4,5.32997418330211,2
"3345",87,4.97133179497905,5,-20.1994803300307,2
"3346",87,7.25883604690898,1,-15.3465062605001,2
"3347",87,7.25883604690898,2,2.34531290532296,2
"3348",87,7.25883604690898,3,26.8135542544226,2
"3349",87,7.25883604690898,4,15.1492972480579,2
"3350",87,7.25883604690898,5,-27.2295522749041,2
"3351",87,7.73316751432139,1,-16.792595834251,2
"3352",87,7.73316751432139,2,-10.1360205941669,2
"3353",87,7.73316751432139,3,20.7462602595531,2
"3354",87,7.73316751432139,4,24.8199425182085,2
"3355",87,7.73316751432139,5,-18.9197222659893,2
"3356",87,9.18611981568392,1,-3.29546941746965,2
"3357",87,9.18611981568392,2,-8.65904014341521,2
"3358",87,9.18611981568392,3,11.8736058985094,2
"3359",87,9.18611981568392,4,6.7367315969138,2
"3360",87,9.18611981568392,5,-17.8153997072078,2
"3361",87,9.41267115913797,1,-6.91139607095285,2
"3362",87,9.41267115913797,2,-15.8143792303233,2
"3363",87,9.41267115913797,3,1.98468544293953,2
"3364",87,9.41267115913797,4,0.991624051241576,2
"3365",87,9.41267115913797,5,-13.9294472058518,2
"3366",87,10.4027238542913,1,4.1030606828851,2
"3367",87,10.4027238542913,2,18.857047285106,2
"3368",87,10.4027238542913,3,19.9053008860277,2
"3369",87,10.4027238542913,4,6.25716333653547,2
"3370",87,10.4027238542913,5,1.78258970409055,2
"3371",87,10.7112304902403,1,-13.7272824935999,2
"3372",87,10.7112304902403,2,-8.64162592748253,2
"3373",87,10.7112304902403,3,2.76344341643839,2
"3374",87,10.7112304902403,4,7.75049877994537,2
"3375",87,10.7112304902403,5,-17.9639615357168,2
"3376",87,10.7227269458817,1,-19.2013454482947,2
"3377",87,10.7227269458817,2,-28.6470489094209,2
"3378",87,10.7227269458817,3,5.10701767248546,2
"3379",87,10.7227269458817,4,11.8825892450996,2
"3380",87,10.7227269458817,5,-11.0773477439089,2
"3381",88,0,1,28.5889333189277,2
"3382",88,0,2,1.85904056378319,2
"3383",88,0,3,-8.90921012917446,2
"3384",88,0,4,-1.1713161996528,2
"3385",88,0,5,6.68018327862744,2
"3386",88,0.562010589870624,1,19.8053974381461,2
"3387",88,0.562010589870624,2,17.9193552314416,2
"3388",88,0.562010589870624,3,-4.17330749324542,2
"3389",88,0.562010589870624,4,18.1865798675021,2
"3390",88,0.562010589870624,5,-9.68214661582125,2
"3391",88,1.52601681847591,1,4.94516186925146,2
"3392",88,1.52601681847591,2,1.95639761026211,2
"3393",88,1.52601681847591,3,-3.27990091717104,2
"3394",88,1.52601681847591,4,6.74803184158263,2
"3395",88,1.52601681847591,5,-12.5949516148435,2
"3396",88,2.5670395444613,1,20.4715299190558,2
"3397",88,2.5670395444613,2,0.0127942437215749,2
"3398",88,2.5670395444613,3,10.6225583711517,2
"3399",88,2.5670395444613,4,-0.1757198438697,2
"3400",88,2.5670395444613,5,-0.820785126962948,2
"3401",88,3.53525780618656,1,-8.7907349535565,2
"3402",88,3.53525780618656,2,-12.643941048506,2
"3403",88,3.53525780618656,3,9.3939620176648,2
"3404",88,3.53525780618656,4,17.2985998902283,2
"3405",88,3.53525780618656,5,-24.6456829782965,2
"3406",88,4.98494363413192,1,-4.58852639212873,2
"3407",88,4.98494363413192,2,-6.55589753717128,2
"3408",88,4.98494363413192,3,31.389039646651,2
"3409",88,4.98494363413192,4,1.06120616769046,2
"3410",88,4.98494363413192,5,-14.6792092089595,2
"3411",88,5.19945156190079,1,-10.0421486814224,2
"3412",88,5.19945156190079,2,-11.6788798635901,2
"3413",88,5.19945156190079,3,12.339690877868,2
"3414",88,5.19945156190079,4,7.39929443336976,2
"3415",88,5.19945156190079,5,-27.7508710930652,2
"3416",88,5.38242292613722,1,-6.60424094932401,2
"3417",88,5.38242292613722,2,-13.7051897374844,2
"3418",88,5.38242292613722,3,19.3143354239579,2
"3419",88,5.38242292613722,4,19.1485829851446,2
"3420",88,5.38242292613722,5,-17.5113687670603,2
"3421",88,7.23579946311656,1,-24.4947263638551,2
"3422",88,7.23579946311656,2,-15.1853120077982,2
"3423",88,7.23579946311656,3,-0.448737914911814,2
"3424",88,7.23579946311656,4,-2.3632597823958,2
"3425",88,7.23579946311656,5,-32.587560922399,2
"3426",88,7.50933027896099,1,3.96813958431435,2
"3427",88,7.50933027896099,2,-18.3574619586417,2
"3428",88,7.50933027896099,3,12.4627823326379,2
"3429",88,7.50933027896099,4,22.1236846107954,2
"3430",88,7.50933027896099,5,-18.0373369055525,2
"3431",88,10.2243727354798,1,-34.5600273731125,2
"3432",88,10.2243727354798,2,-48.1452187793791,2
"3433",88,10.2243727354798,3,11.1349223952285,2
"3434",88,10.2243727354798,4,5.48890811727814,2
"3435",88,10.2243727354798,5,-29.5082546241433,2
"3436",88,10.7222780485172,1,-18.6480920377786,2
"3437",88,10.7222780485172,2,-17.3876091146692,2
"3438",88,10.7222780485172,3,0.0134148511780853,2
"3439",88,10.7222780485172,4,7.51742235166998,2
"3440",88,10.7222780485172,5,-30.7080885776365,2
"3441",89,0,1,29.7849474008188,2
"3442",89,0,2,7.96558867711006,2
"3443",89,0,3,-15.1050022034525,2
"3444",89,0,4,-5.79732268133812,2
"3445",89,0,5,-0.746515135254234,2
"3446",89,0.842077513574623,1,-5.30353653447177,2
"3447",89,0.842077513574623,2,-9.41570416888355,2
"3448",89,0.842077513574623,3,2.52522281220019,2
"3449",89,0.842077513574623,4,3.13610846904698,2
"3450",89,0.842077513574623,5,-21.226361473627,2
"3451",89,1.65260855469387,1,9.55462891501528,2
"3452",89,1.65260855469387,2,1.30401818793089,2
"3453",89,1.65260855469387,3,-13.8755336367667,2
"3454",89,1.65260855469387,4,-3.32739580284089,2
"3455",89,1.65260855469387,5,-9.82211674482436,2
"3456",89,1.74495925637893,1,-3.87203929866217,2
"3457",89,1.74495925637893,2,-0.733540581945963,2
"3458",89,1.74495925637893,3,7.61289657270471,2
"3459",89,1.74495925637893,4,-7.5602849439896,2
"3460",89,1.74495925637893,5,0.973372870991696,2
"3461",89,2.79878855217248,1,-14.8603423922456,2
"3462",89,2.79878855217248,2,8.34073692331403,2
"3463",89,2.79878855217248,3,-13.2263787473607,2
"3464",89,2.79878855217248,4,-21.7543654357162,2
"3465",89,2.79878855217248,5,-5.03720319332134,2
"3466",89,2.94068233238067,1,-7.41971855420969,2
"3467",89,2.94068233238067,2,19.3623672878497,2
"3468",89,2.94068233238067,3,0.775300892355548,2
"3469",89,2.94068233238067,4,6.77056650362539,2
"3470",89,2.94068233238067,5,-7.70018695418653,2
"3471",89,5.09305772080552,1,-0.989679704351474,2
"3472",89,5.09305772080552,2,-19.5694812179889,2
"3473",89,5.09305772080552,3,17.311330078373,2
"3474",89,5.09305772080552,4,8.86269798761509,2
"3475",89,5.09305772080552,5,0.47204458304279,2
"3476",89,7.68689917726442,1,3.39261676246877,2
"3477",89,7.68689917726442,2,-0.596846910932089,2
"3478",89,7.68689917726442,3,7.44645246780727,2
"3479",89,7.68689917726442,4,-6.43357363144276,2
"3480",89,7.68689917726442,5,-0.294082395924301,2
"3481",89,8.01058127195574,1,4.05943520846602,2
"3482",89,8.01058127195574,2,-25.6994636157852,2
"3483",89,8.01058127195574,3,19.6230392401425,2
"3484",89,8.01058127195574,4,5.3166888529771,2
"3485",89,8.01058127195574,5,-8.33918756624444,2
"3486",89,8.18409187102225,1,-22.8053314514252,2
"3487",89,8.18409187102225,2,-16.0146694937046,2
"3488",89,8.18409187102225,3,13.0496521514859,2
"3489",89,8.18409187102225,4,-4.61082606137657,2
"3490",89,8.18409187102225,5,8.73744877103134,2
"3491",89,9.41219382965937,1,-36.21743681209,2
"3492",89,9.41219382965937,2,-31.4580316521747,2
"3493",89,9.41219382965937,3,-1.96664726540169,2
"3494",89,9.41219382965937,4,-12.5716959984959,2
"3495",89,9.41219382965937,5,-23.8678664194745,2
"3496",89,10.2821720989887,1,-8.6500691310183,2
"3497",89,10.2821720989887,2,-9.4894319423483,2
"3498",89,10.2821720989887,3,-3.37655112731696,2
"3499",89,10.2821720989887,4,-7.67186014289769,2
"3500",89,10.2821720989887,5,8.28114995513036,2
"3501",90,0,1,9.4280753200266,2
"3502",90,0,2,-2.25197981222454,2
"3503",90,0,3,-10.1083645986986,2
"3504",90,0,4,-4.23774105855102,2
"3505",90,0,5,12.4434994231913,2
"3506",90,1.32590355910361,1,15.0977872698086,2
"3507",90,1.32590355910361,2,3.6662419661206,2
"3508",90,1.32590355910361,3,14.0586639059311,2
"3509",90,1.32590355910361,4,-3.84171337911003,2
"3510",90,1.32590355910361,5,5.14510472489924,2
"3511",90,2.01373077591415,1,9.85739820102582,2
"3512",90,2.01373077591415,2,18.5235143128001,2
"3513",90,2.01373077591415,3,-0.856187416888256,2
"3514",90,2.01373077591415,4,-11.5664521110965,2
"3515",90,2.01373077591415,5,14.4565916089032,2
"3516",90,2.19748211395927,1,5.3974889900264,2
"3517",90,2.19748211395927,2,3.64729894360966,2
"3518",90,2.19748211395927,3,-3.97127192750285,2
"3519",90,2.19748211395927,4,-11.018434604692,2
"3520",90,2.19748211395927,5,-16.5657612999693,2
"3521",90,3.73863643151708,1,-0.665515970967915,2
"3522",90,3.73863643151708,2,-4.50175492262879,2
"3523",90,3.73863643151708,3,20.7579023691021,2
"3524",90,3.73863643151708,4,-4.98818473783389,2
"3525",90,3.73863643151708,5,-2.36220867408418,2
"3526",90,3.74455244303681,1,17.1489644342114,2
"3527",90,3.74455244303681,2,2.70378893283382,2
"3528",90,3.74455244303681,3,14.8601683545656,2
"3529",90,3.74455244303681,4,-15.2011148398875,2
"3530",90,3.74455244303681,5,24.4636539330092,2
"3531",90,4.61291412543505,1,-7.27209529957527,2
"3532",90,4.61291412543505,2,-11.058614408797,2
"3533",90,4.61291412543505,3,15.6748375459479,2
"3534",90,4.61291412543505,4,-3.21819689458469,2
"3535",90,4.61291412543505,5,9.5328462031172,2
"3536",90,5.14508719381411,1,11.3582002017606,2
"3537",90,5.14508719381411,2,-5.61243140800129,2
"3538",90,5.14508719381411,3,42.9200524294453,2
"3539",90,5.14508719381411,4,28.4388452258168,2
"3540",90,5.14508719381411,5,-13.3795057219078,2
"3541",90,8.58199793566018,1,-19.0480079038059,2
"3542",90,8.58199793566018,2,-8.24838806565319,2
"3543",90,8.58199793566018,3,38.8329746173016,2
"3544",90,8.58199793566018,4,2.47774574226046,2
"3545",90,8.58199793566018,5,11.4744525495546,2
"3546",90,10.9737707024906,1,-10.0781403589914,2
"3547",90,10.9737707024906,2,-17.8622345116874,2
"3548",90,10.9737707024906,3,13.1407786556407,2
"3549",90,10.9737707024906,4,-2.90904831521181,2
"3550",90,10.9737707024906,5,3.314851679029,2
"3551",91,0,1,24.2964206657203,2
"3552",91,0,2,2.6513977062504,2
"3553",91,0,3,-22.2055573406796,2
"3554",91,0,4,30.8338678261129,2
"3555",91,0,5,-3.85206305640573,2
"3556",91,0.79901266656816,1,4.72116888408036,2
"3557",91,0.79901266656816,2,3.57953525274466,2
"3558",91,0.79901266656816,3,-2.72629773115691,2
"3559",91,0.79901266656816,4,-1.01982863008141,2
"3560",91,0.79901266656816,5,1.75544845294828,2
"3561",91,0.842268817941658,1,10.2546614146798,2
"3562",91,0.842268817941658,2,-15.010901928301,2
"3563",91,0.842268817941658,3,-18.772589180054,2
"3564",91,0.842268817941658,4,-6.72100785118991,2
"3565",91,0.842268817941658,5,-10.7215947159392,2
"3566",91,1.21183630847372,1,9.49208155764893,2
"3567",91,1.21183630847372,2,-0.195525791108915,2
"3568",91,1.21183630847372,3,-3.7363707713513,2
"3569",91,1.21183630847372,4,4.08854205213826,2
"3570",91,1.21183630847372,5,-16.2085215013808,2
"3571",91,1.82319976971485,1,-5.68401507896627,2
"3572",91,1.82319976971485,2,2.26157116886858,2
"3573",91,1.82319976971485,3,-15.2369382026787,2
"3574",91,1.82319976971485,4,-8.34577821426958,2
"3575",91,1.82319976971485,5,-2.29157920147495,2
"3576",91,5.78814274689648,1,-7.8715137725403,2
"3577",91,5.78814274689648,2,-13.5973741410223,2
"3578",91,5.78814274689648,3,1.89289418127964,2
"3579",91,5.78814274689648,4,11.4068998959676,2
"3580",91,5.78814274689648,5,-0.484252583912133,2
"3581",91,6.82504000491463,1,-25.1712021363234,2
"3582",91,6.82504000491463,2,4.98705447298148,2
"3583",91,6.82504000491463,3,-1.29465651801933,2
"3584",91,6.82504000491463,4,15.6406486998463,2
"3585",91,6.82504000491463,5,-16.5078574188933,2
"3586",91,10.1654491813388,1,-3.48186935753472,2
"3587",91,10.1654491813388,2,10.5704903451752,2
"3588",91,10.1654491813388,3,-2.72513071062893,2
"3589",91,10.1654491813388,4,4.9855036007343,2
"3590",91,10.1654491813388,5,-27.6931057334426,2
"3591",91,10.7254180858145,1,-31.3892820675567,2
"3592",91,10.7254180858145,2,-22.4430682542269,2
"3593",91,10.7254180858145,3,-19.3340369816955,2
"3594",91,10.7254180858145,4,1.44733847941288,2
"3595",91,10.7254180858145,5,-5.62052550428091,2
"3596",92,0,1,11.3990593241763,2
"3597",92,0,2,-3.26441604757342,2
"3598",92,0,3,-24.2576022384892,2
"3599",92,0,4,-1.75467742071337,2
"3600",92,0,5,-23.9360185652347,2
"3601",92,0.629799817455932,1,10.5306625072401,2
"3602",92,0.629799817455932,2,2.20043329984468,2
"3603",92,0.629799817455932,3,-18.2859585217522,2
"3604",92,0.629799817455932,4,-3.03075636059419,2
"3605",92,0.629799817455932,5,-7.17838995559103,2
"3606",92,2.28853640414309,1,-15.8098368847401,2
"3607",92,2.28853640414309,2,-4.28086029130048,2
"3608",92,2.28853640414309,3,4.44272188281725,2
"3609",92,2.28853640414309,4,6.21791256218609,2
"3610",92,2.28853640414309,5,5.71478986211034,2
"3611",92,9.74224885681178,1,-20.3062056146114,2
"3612",92,9.74224885681178,2,-8.76765155504781,2
"3613",92,9.74224885681178,3,20.7428627931877,2
"3614",92,9.74224885681178,4,18.1486412843617,2
"3615",92,9.74224885681178,5,-16.8481125470833,2
"3616",92,10.3568630352383,1,5.33305295892673,2
"3617",92,10.3568630352383,2,-8.33180048791977,2
"3618",92,10.3568630352383,3,16.0757812884826,2
"3619",92,10.3568630352383,4,8.60073339449604,2
"3620",92,10.3568630352383,5,2.85728313519601,2
"3621",93,0,1,33.6364844568091,2
"3622",93,0,2,-14.3513051724167,2
"3623",93,0,3,-20.628732508724,2
"3624",93,0,4,-2.61619102345412,2
"3625",93,0,5,8.67164490543553,2
"3626",93,2.27670017129276,1,6.54084014998861,2
"3627",93,2.27670017129276,2,-7.51514334445211,2
"3628",93,2.27670017129276,3,12.0462686397207,2
"3629",93,2.27670017129276,4,-2.40831807947437,2
"3630",93,2.27670017129276,5,-7.84693573998746,2
"3631",93,5.17746791732498,1,-3.03878663075611,2
"3632",93,5.17746791732498,2,-0.772417312153619,2
"3633",93,5.17746791732498,3,26.7288226956472,2
"3634",93,5.17746791732498,4,-0.158783965366808,2
"3635",93,5.17746791732498,5,6.37500148440331,2
"3636",93,5.65836243343074,1,-11.992173387829,2
"3637",93,5.65836243343074,2,-5.93680359558234,2
"3638",93,5.65836243343074,3,12.5978596181749,2
"3639",93,5.65836243343074,4,-8.1536154692602,2
"3640",93,5.65836243343074,5,-13.1002779464885,2
"3641",93,6.29974049667362,1,-11.9102431347683,2
"3642",93,6.29974049667362,2,-19.0565024756298,2
"3643",93,6.29974049667362,3,4.82891265591379,2
"3644",93,6.29974049667362,4,-7.95509324113577,2
"3645",93,6.29974049667362,5,-16.5801840270603,2
"3646",93,7.04785514611285,1,-21.7773350958982,2
"3647",93,7.04785514611285,2,-16.0948106496131,2
"3648",93,7.04785514611285,3,4.10886848434687,2
"3649",93,7.04785514611285,4,-5.63787698194899,2
"3650",93,7.04785514611285,5,-26.5497899696223,2
"3651",93,9.3772927740356,1,-10.7253701652407,2
"3652",93,9.3772927740356,2,-17.7045482983384,2
"3653",93,9.3772927740356,3,20.8138665896856,2
"3654",93,9.3772927740356,4,12.7219756923975,2
"3655",93,9.3772927740356,5,-22.2454154889973,2
"3656",93,10.363440727815,1,-10.9307169374767,2
"3657",93,10.363440727815,2,-13.1344424739788,2
"3658",93,10.363440727815,3,14.9702609706502,2
"3659",93,10.363440727815,4,16.2173470103531,2
"3660",93,10.363440727815,5,19.2496109590493,2
"3661",94,0,1,30.1845702514835,2
"3662",94,0,2,-7.05668462669353,2
"3663",94,0,3,-26.7001361896346,2
"3664",94,0,4,2.39897644670537,2
"3665",94,0,5,-6.16449625025916,2
"3666",94,1.99113289255183,1,-3.32650969069156,2
"3667",94,1.99113289255183,2,-19.8614266449359,2
"3668",94,1.99113289255183,3,-25.8578391258458,2
"3669",94,1.99113289255183,4,18.1135414484466,2
"3670",94,1.99113289255183,5,1.38570951836341,2
"3671",94,3.36794501193799,1,1.21623838411074,2
"3672",94,3.36794501193799,2,-5.25849479530136,2
"3673",94,3.36794501193799,3,-1.02380671323007,2
"3674",94,3.36794501193799,4,6.70598649156118,2
"3675",94,3.36794501193799,5,-0.64002726791288,2
"3676",94,6.63533905020449,1,-32.0206911186767,2
"3677",94,6.63533905020449,2,3.55179427272775,2
"3678",94,6.63533905020449,3,6.88128610571746,2
"3679",94,6.63533905020449,4,-2.04878195539642,2
"3680",94,6.63533905020449,5,-16.3870505722342,2
"3681",94,9.88410197640769,1,-4.61247965904281,2
"3682",94,9.88410197640769,2,-21.9407338718182,2
"3683",94,9.88410197640769,3,-10.2907228538176,2
"3684",94,9.88410197640769,4,-4.19314840690301,2
"3685",94,9.88410197640769,5,-23.9478629810553,2
"3686",94,10.2023843970383,1,3.91698903153259,2
"3687",94,10.2023843970383,2,-7.89711525544903,2
"3688",94,10.2023843970383,3,-7.15921566463063,2
"3689",94,10.2023843970383,4,13.7540616553906,2
"3690",94,10.2023843970383,5,5.13558487348161,2
"3691",94,10.7421861805487,1,-13.5529917228974,2
"3692",94,10.7421861805487,2,5.13831908014101,2
"3693",94,10.7421861805487,3,33.706178216099,2
"3694",94,10.7421861805487,4,12.0319421062318,2
"3695",94,10.7421861805487,5,-20.0138577069813,2
"3696",95,0,1,22.4777540581142,2
"3697",95,0,2,-3.65060318750809,2
"3698",95,0,3,-10.89782732857,2
"3699",95,0,4,4.01018213908157,2
"3700",95,0,5,-5.75508315698307,2
"3701",95,6.60719904617872,1,-6.75024388901198,2
"3702",95,6.60719904617872,2,-10.5471670225229,2
"3703",95,6.60719904617872,3,13.1993928320415,2
"3704",95,6.60719904617872,4,0.312694522956303,2
"3705",95,6.60719904617872,5,10.2881120008087,2
"3706",95,7.02043651102576,1,-13.0855789596264,2
"3707",95,7.02043651102576,2,-3.65356887348784,2
"3708",95,7.02043651102576,3,2.85538578523375,2
"3709",95,7.02043651102576,4,24.7556953065389,2
"3710",95,7.02043651102576,5,-33.827509855494,2
"3711",95,10.7038775470573,1,-2.18741762866402,2
"3712",95,10.7038775470573,2,7.53650835566828,2
"3713",95,10.7038775470573,3,8.53745189177808,2
"3714",95,10.7038775470573,4,21.5887908267134,2
"3715",95,10.7038775470573,5,4.67420107085352,2
"3716",96,0,1,21.2611364548552,2
"3717",96,0,2,-2.28804206142044,2
"3718",96,0,3,-10.5550857480845,2
"3719",96,0,4,-7.2078873768859,2
"3720",96,0,5,-0.623137591342711,2
"3721",96,1.33099873329047,1,16.004356231566,2
"3722",96,1.33099873329047,2,2.99973836846574,2
"3723",96,1.33099873329047,3,11.4544304930289,2
"3724",96,1.33099873329047,4,13.1773302149369,2
"3725",96,1.33099873329047,5,-2.01070800182539,2
"3726",96,1.67802028590813,1,35.8344315775239,2
"3727",96,1.67802028590813,2,11.8640563407346,2
"3728",96,1.67802028590813,3,1.11044213033898,2
"3729",96,1.67802028590813,4,-16.0447832432227,2
"3730",96,1.67802028590813,5,-5.98207292557357,2
"3731",96,2.56251900701318,1,9.47119973739347,2
"3732",96,2.56251900701318,2,1.45189882408809,2
"3733",96,2.56251900701318,3,11.9415389454489,2
"3734",96,2.56251900701318,4,4.64129536848425,2
"3735",96,2.56251900701318,5,7.01630759423315,2
"3736",96,4.9223279193975,1,-10.7199681309607,2
"3737",96,4.9223279193975,2,-17.3824109251116,2
"3738",96,4.9223279193975,3,21.0561940119827,2
"3739",96,4.9223279193975,4,6.79466657899099,2
"3740",96,4.9223279193975,5,0.121069789545817,2
"3741",96,6.29383725149091,1,13.613554977104,2
"3742",96,6.29383725149091,2,10.7651617280987,2
"3743",96,6.29383725149091,3,11.1841758181533,2
"3744",96,6.29383725149091,4,15.8335888329961,2
"3745",96,6.29383725149091,5,-5.05186329521458,2
"3746",96,8.13662488444243,1,5.5986019071129,2
"3747",96,8.13662488444243,2,-21.0944396869478,2
"3748",96,8.13662488444243,3,18.3514612657083,2
"3749",96,8.13662488444243,4,2.81510893814086,2
"3750",96,8.13662488444243,5,-4.2247276950905,2
"3751",97,0,1,9.76830500812311,2
"3752",97,0,2,-2.68551861623947,2
"3753",97,0,3,-15.3135713024495,2
"3754",97,0,4,-14.4906181464591,2
"3755",97,0,5,16.4597003057582,2
"3756",97,0.961391772725619,1,29.6415591541223,2
"3757",97,0.961391772725619,2,-9.55392584191988,2
"3758",97,0.961391772725619,3,-9.21024326310231,2
"3759",97,0.961391772725619,4,-15.1501855046484,2
"3760",97,0.961391772725619,5,-0.723228784582807,2
"3761",97,3.70379815390334,1,5.70766671647101,2
"3762",97,3.70379815390334,2,-4.56419013622958,2
"3763",97,3.70379815390334,3,5.47966241574932,2
"3764",97,3.70379815390334,4,12.7189292234176,2
"3765",97,3.70379815390334,5,1.71923630827458,2
"3766",97,5.08568426396232,1,3.45254036413895,2
"3767",97,5.08568426396232,2,-10.4865822112637,2
"3768",97,5.08568426396232,3,2.06476110253256,2
"3769",97,5.08568426396232,4,-6.56259484163996,2
"3770",97,5.08568426396232,5,-4.69208537950638,2
"3771",97,6.21016225370113,1,-10.5805619349144,2
"3772",97,6.21016225370113,2,-8.84137649982553,2
"3773",97,6.21016225370113,3,6.37150899966512,2
"3774",97,6.21016225370113,4,5.57836210921089,2
"3775",97,6.21016225370113,5,12.5300426428531,2
"3776",97,6.89216431707609,1,-25.2412306658146,2
"3777",97,6.89216431707609,2,-3.82766854520698,2
"3778",97,6.89216431707609,3,5.65386912803361,2
"3779",97,6.89216431707609,4,-2.132643180251,2
"3780",97,6.89216431707609,5,-1.2627489937921,2
"3781",97,7.27789023763034,1,-10.1345299648358,2
"3782",97,7.27789023763034,2,-3.75511002219181,2
"3783",97,7.27789023763034,3,4.79861489854728,2
"3784",97,7.27789023763034,4,-1.39978902440605,2
"3785",97,7.27789023763034,5,-9.74176095379686,2
"3786",97,7.54911948484369,1,-5.81507366436253,2
"3787",97,7.54911948484369,2,0.678458989267043,2
"3788",97,7.54911948484369,3,15.988636880925,2
"3789",97,7.54911948484369,4,5.74767277036208,2
"3790",97,7.54911948484369,5,-10.305368613674,2
"3791",97,8.91523146780673,1,-11.7387910914204,2
"3792",97,8.91523146780673,2,-1.73589786186638,2
"3793",97,8.91523146780673,3,22.3797393852201,2
"3794",97,8.91523146780673,4,-2.0208941222517,2
"3795",97,8.91523146780673,5,-2.09714071587465,2
"3796",98,0,1,10.3774692255882,2
"3797",98,0,2,9.9981148674556,2
"3798",98,0,3,6.59315780985318,2
"3799",98,0,4,7.26379352525291,2
"3800",98,0,5,7.86426919939823,2
"3801",98,3.28279369068332,1,-10.383727256351,2
"3802",98,3.28279369068332,2,4.96706552744697,2
"3803",98,3.28279369068332,3,22.082595673764,2
"3804",98,3.28279369068332,4,9.00542143711809,2
"3805",98,3.28279369068332,5,1.97625030371235,2
"3806",98,3.5834542659577,1,-13.7039358223282,2
"3807",98,3.5834542659577,2,-1.93395849278521,2
"3808",98,3.5834542659577,3,6.50817007150713,2
"3809",98,3.5834542659577,4,0.191422364692854,2
"3810",98,3.5834542659577,5,-5.16269718302942,2
"3811",98,4.32326465519145,1,-26.7479906615468,2
"3812",98,4.32326465519145,2,-18.6017521924414,2
"3813",98,4.32326465519145,3,4.75832746153991,2
"3814",98,4.32326465519145,4,9.41253238500634,2
"3815",98,4.32326465519145,5,-18.7439614083227,2
"3816",98,4.97956513380632,1,-18.2552115534146,2
"3817",98,4.97956513380632,2,2.64274673123681,2
"3818",98,4.97956513380632,3,6.60764878773368,2
"3819",98,4.97956513380632,4,24.7420792476732,2
"3820",98,4.97956513380632,5,-25.6316693940732,2
"3821",98,5.24474365555216,1,-10.2677180611053,2
"3822",98,5.24474365555216,2,-12.8787157182097,2
"3823",98,5.24474365555216,3,27.490870011606,2
"3824",98,5.24474365555216,4,2.08390456572583,2
"3825",98,5.24474365555216,5,-17.955721051625,2
"3826",98,8.9684593238635,1,-20.9386299936011,2
"3827",98,8.9684593238635,2,-4.94174182325822,2
"3828",98,8.9684593238635,3,15.9320002911524,2
"3829",98,8.9684593238635,4,6.67746966250154,2
"3830",98,8.9684593238635,5,-21.5328917643349,2
"3831",99,0,1,39.7589356282046,2
"3832",99,0,2,0.78314931402425,2
"3833",99,0,3,-5.10132339339573,2
"3834",99,0,4,-4.1715808712876,2
"3835",99,0,5,2.53583009907742,2
"3836",99,2.62941549555399,1,8.53908346824565,2
"3837",99,2.62941549555399,2,-12.8964897339333,2
"3838",99,2.62941549555399,3,8.93283744983525,2
"3839",99,2.62941549555399,4,-9.28087123885082,2
"3840",99,2.62941549555399,5,1.75336378171249,2
"3841",99,7.14340884890407,1,-18.0990781827222,2
"3842",99,7.14340884890407,2,-5.62381997815394,2
"3843",99,7.14340884890407,3,34.3177898198382,2
"3844",99,7.14340884890407,4,2.98248632801516,2
"3845",99,7.14340884890407,5,-11.3835301900737,2
"3846",99,7.41882689215709,1,-16.8644475670297,2
"3847",99,7.41882689215709,2,-3.85539961759727,2
"3848",99,7.41882689215709,3,6.90842448769627,2
"3849",99,7.41882689215709,4,12.4003207680911,2
"3850",99,7.41882689215709,5,-2.11565188536085,2
"3851",99,8.37300896970555,1,-5.15315433556557,2
"3852",99,8.37300896970555,2,-4.32113837229347,2
"3853",99,8.37300896970555,3,16.3392528964374,2
"3854",99,8.37300896970555,4,-7.3090023762634,2
"3855",99,8.37300896970555,5,-38.5372474622602,2
"3856",99,8.84578896535095,1,-7.91745760679156,2
"3857",99,8.84578896535095,2,-14.3147535566918,2
"3858",99,8.84578896535095,3,11.3823716915035,2
"3859",99,8.84578896535095,4,5.95801669161344,2
"3860",99,8.84578896535095,5,-14.0962505399256,2
"3861",100,0,1,27.6139562751979,2
"3862",100,0,2,-7.48840881372727,2
"3863",100,0,3,-3.50995647783636,2
"3864",100,0,4,8.10543568454009,2
"3865",100,0,5,14.3569187376162,2
"3866",100,1.24960720585659,1,15.0461422263156,2
"3867",100,1.24960720585659,2,-13.2377666205696,2
"3868",100,1.24960720585659,3,-8.32354345078045,2
"3869",100,1.24960720585659,4,-11.7030823158363,2
"3870",100,1.24960720585659,5,0.0124023631823706,2
"3871",100,2.48997764615342,1,10.022759005811,2
"3872",100,2.48997764615342,2,5.21506617924758,2
"3873",100,2.48997764615342,3,12.9071343439366,2
"3874",100,2.48997764615342,4,14.5102624889097,2
"3875",100,2.48997764615342,5,-15.5459693426166,2
"3876",100,4.74530371732544,1,-6.13778223556003,2
"3877",100,4.74530371732544,2,3.40290544531014,2
"3878",100,4.74530371732544,3,5.54487097701513,2
"3879",100,4.74530371732544,4,-15.8614254807574,2
"3880",100,4.74530371732544,5,-7.61767806406116,2
"3881",100,7.08865412476007,1,-5.31076894438145,2
"3882",100,7.08865412476007,2,-9.78964507039568,2
"3883",100,7.08865412476007,3,19.7318180799116,2
"3884",100,7.08865412476007,4,4.24786593533377,2
"3885",100,7.08865412476007,5,-11.2666754264584,2
"3886",100,8.08483857323881,1,-27.2481325603511,2
"3887",100,8.08483857323881,2,-13.5225769906189,2
"3888",100,8.08483857323881,3,1.47474066817683,2
"3889",100,8.08483857323881,4,5.2870339752787,2
"3890",100,8.08483857323881,5,-17.7971294406716,2
"3891",101,0,1,-12.6144825423673,3
"3892",101,0,2,12.127640561917,3
"3893",101,0,3,3.49968416156586,3
"3894",101,0,4,-17.771513212323,3
"3895",101,0,5,-5.49511701553007,3
"3896",101,1.04476857313421,1,6.27605326591976,3
"3897",101,1.04476857313421,2,11.2361604336835,3
"3898",101,1.04476857313421,3,8.85320565758312,3
"3899",101,1.04476857313421,4,5.92630168968248,3
"3900",101,1.04476857313421,5,-1.99558783520058,3
"3901",101,3.91532777738757,1,9.79256896454484,3
"3902",101,3.91532777738757,2,-21.2452006918232,3
"3903",101,3.91532777738757,3,-16.5334078000109,3
"3904",101,3.91532777738757,4,13.9358235518376,3
"3905",101,3.91532777738757,5,-14.5743684415281,3
"3906",101,8.21605534653645,1,19.2075596937314,3
"3907",101,8.21605534653645,2,-4.81352257318794,3
"3908",101,8.21605534653645,3,16.580628061427,3
"3909",101,8.21605534653645,4,12.3966946581389,3
"3910",101,8.21605534653645,5,7.58937474977811,3
"3911",101,10.3194809439592,1,-1.39660071694993,3
"3912",101,10.3194809439592,2,-15.6398995203614,3
"3913",101,10.3194809439592,3,0.447100246094826,3
"3914",101,10.3194809439592,4,19.3207559767485,3
"3915",101,10.3194809439592,5,-17.7520630578029,3
"3916",102,0,1,7.70426585612272,3
"3917",102,0,2,-13.0910491611707,3
"3918",102,0,3,-2.49212998307676,3
"3919",102,0,4,-7.95740846593975,3
"3920",102,0,5,1.2937163024368,3
"3921",102,2.31225599185564,1,-4.49356857971764,3
"3922",102,2.31225599185564,2,-35.7276402608788,3
"3923",102,2.31225599185564,3,12.0260401059067,3
"3924",102,2.31225599185564,4,3.6128540973063,3
"3925",102,2.31225599185564,5,-3.38198917039992,3
"3926",102,3.38555385137442,1,7.79323918157472,3
"3927",102,3.38555385137442,2,1.28006554746145,3
"3928",102,3.38555385137442,3,-19.3262337984119,3
"3929",102,3.38555385137442,4,2.89649969172072,3
"3930",102,3.38555385137442,5,-0.506723312657072,3
"3931",102,4.77398689696565,1,-8.50777977540247,3
"3932",102,4.77398689696565,2,-12.3187444394263,3
"3933",102,4.77398689696565,3,1.13975468869914,3
"3934",102,4.77398689696565,4,21.6459836250463,3
"3935",102,4.77398689696565,5,4.01364242878789,3
"3936",102,6.51342351909261,1,-6.1420667229408,3
"3937",102,6.51342351909261,2,-28.5290413248254,3
"3938",102,6.51342351909261,3,-12.9365466496232,3
"3939",102,6.51342351909261,4,6.0018914150154,3
"3940",102,6.51342351909261,5,-11.3595558682923,3
"3941",102,6.69342026812956,1,-29.2168487846533,3
"3942",102,6.69342026812956,2,-8.28956611505331,3
"3943",102,6.69342026812956,3,-6.27732939897303,3
"3944",102,6.69342026812956,4,6.98955551041775,3
"3945",102,6.69342026812956,5,-12.3823404996698,3
"3946",102,7.45040497928858,1,8.98055518423019,3
"3947",102,7.45040497928858,2,-27.8613957530269,3
"3948",102,7.45040497928858,3,-3.91588039549299,3
"3949",102,7.45040497928858,4,4.46316776213693,3
"3950",102,7.45040497928858,5,-16.1998358253621,3
"3951",102,7.79501827806234,1,-11.0941892441545,3
"3952",102,7.79501827806234,2,-27.1602970637563,3
"3953",102,7.79501827806234,3,-10.0685442138375,3
"3954",102,7.79501827806234,4,9.21979663917781,3
"3955",102,7.79501827806234,5,6.78462136330874,3
"3956",102,8.16735009371769,1,-5.39089840732388,3
"3957",102,8.16735009371769,2,-19.8267073570981,3
"3958",102,8.16735009371769,3,24.3280517387647,3
"3959",102,8.16735009371769,4,12.3018898149228,3
"3960",102,8.16735009371769,5,9.59599310729571,3
"3961",102,8.84456028731074,1,10.2167554188699,3
"3962",102,8.84456028731074,2,-6.84864623996521,3
"3963",102,8.84456028731074,3,9.60779595613455,3
"3964",102,8.84456028731074,4,5.08009746343624,3
"3965",102,8.84456028731074,5,-1.20366950143182,3
"3966",102,9.00227618939243,1,-12.5644269938532,3
"3967",102,9.00227618939243,2,-34.1501784999056,3
"3968",102,9.00227618939243,3,-7.15225817797653,3
"3969",102,9.00227618939243,4,-4.74629466731341,3
"3970",102,9.00227618939243,5,-15.4678702291074,3
"3971",103,0,1,16.6091660342274,3
"3972",103,0,2,-12.6815095926039,3
"3973",103,0,3,4.14156203144516,3
"3974",103,0,4,-11.1815668384276,3
"3975",103,0,5,6.77254179268034,3
"3976",103,0.655551037401892,1,-14.5922894035514,3
"3977",103,0.655551037401892,2,10.6220989609614,3
"3978",103,0.655551037401892,3,3.44758771783735,3
"3979",103,0.655551037401892,4,7.93169492654045,3
"3980",103,0.655551037401892,5,-11.3058618379301,3
"3981",103,1.153242642642,1,16.6952701896442,3
"3982",103,1.153242642642,2,-22.2225730348108,3
"3983",103,1.153242642642,3,2.85371660772316,3
"3984",103,1.153242642642,4,-5.10567685519874,3
"3985",103,1.153242642642,5,-3.12911210593914,3
"3986",103,3.85923858231399,1,-10.4741403133074,3
"3987",103,3.85923858231399,2,-18.1376091376044,3
"3988",103,3.85923858231399,3,-12.2508229386462,3
"3989",103,3.85923858231399,4,-4.43919118895603,3
"3990",103,3.85923858231399,5,-24.773167642063,3
"3991",103,5.44298331439495,1,-21.201316827452,3
"3992",103,5.44298331439495,2,-23.2252526757368,3
"3993",103,5.44298331439495,3,-3.49202762555667,3
"3994",103,5.44298331439495,4,0.109899037549368,3
"3995",103,5.44298331439495,5,-12.475816577209,3
"3996",104,0,1,9.71509077472764,3
"3997",104,0,2,-5.79180059922865,3
"3998",104,0,3,14.7585309384556,3
"3999",104,0,4,-6.64796019954349,3
"4000",104,0,5,4.42030948868393,3
"4001",104,0.751856712158769,1,2.92961725282494,3
"4002",104,0.751856712158769,2,-4.02419910305807,3
"4003",104,0.751856712158769,3,15.9126660156946,3
"4004",104,0.751856712158769,4,-1.20646212677022,3
"4005",104,0.751856712158769,5,-6.75404098234107,3
"4006",104,1.39883786987048,1,2.68234833186363,3
"4007",104,1.39883786987048,2,-1.82747886971608,3
"4008",104,1.39883786987048,3,-4.4233252216607,3
"4009",104,1.39883786987048,4,-2.70297165676182,3
"4010",104,1.39883786987048,5,14.6907678890145,3
"4011",104,1.47315319173504,1,-2.27385436817112,3
"4012",104,1.47315319173504,2,-22.6858836101749,3
"4013",104,1.47315319173504,3,9.81464826449078,3
"4014",104,1.47315319173504,4,-5.59066172649762,3
"4015",104,1.47315319173504,5,-1.74719899519433,3
"4016",104,1.67414810578339,1,-8.77372475965839,3
"4017",104,1.67414810578339,2,-15.728697505048,3
"4018",104,1.67414810578339,3,-4.35275809280763,3
"4019",104,1.67414810578339,4,2.22122700660609,3
"4020",104,1.67414810578339,5,-15.5122389794072,3
"4021",104,3.71343489014544,1,6.27589886935398,3
"4022",104,3.71343489014544,2,-22.134983365074,3
"4023",104,3.71343489014544,3,-1.50206760030458,3
"4024",104,3.71343489014544,4,2.76379348748189,3
"4025",104,3.71343489014544,5,-14.6013470517727,3
"4026",104,4.06451577122789,1,1.19126037001043,3
"4027",104,4.06451577122789,2,-14.9854758522033,3
"4028",104,4.06451577122789,3,-16.1957643521255,3
"4029",104,4.06451577122789,4,6.66095333295935,3
"4030",104,4.06451577122789,5,-23.5103134602516,3
"4031",104,5.69087276875507,1,8.39906067701713,3
"4032",104,5.69087276875507,2,-5.24769812705879,3
"4033",104,5.69087276875507,3,-2.51632382396467,3
"4034",104,5.69087276875507,4,18.5400473534683,3
"4035",104,5.69087276875507,5,0.946831713682905,3
"4036",104,8.83115124760661,1,0.722225756236101,3
"4037",104,8.83115124760661,2,-21.5500651109894,3
"4038",104,8.83115124760661,3,-24.2673550136291,3
"4039",104,8.83115124760661,4,-18.6047451294095,3
"4040",104,8.83115124760661,5,-9.74074500140504,3
"4041",104,10.9499804867664,1,2.80364835387607,3
"4042",104,10.9499804867664,2,-16.201335216026,3
"4043",104,10.9499804867664,3,15.0831569386122,3
"4044",104,10.9499804867664,4,2.63933455433932,3
"4045",104,10.9499804867664,5,-14.9117440578755,3
"4046",105,0,1,-0.493662773339812,3
"4047",105,0,2,2.170356891998,3
"4048",105,0,3,8.22065491595345,3
"4049",105,0,4,17.3456449825707,3
"4050",105,0,5,-8.98493503170347,3
"4051",105,3.72345774574205,1,16.1986034630708,3
"4052",105,3.72345774574205,2,-14.4270477515478,3
"4053",105,3.72345774574205,3,9.86037585727769,3
"4054",105,3.72345774574205,4,-9.61131442671128,3
"4055",105,3.72345774574205,5,-0.640015805621044,3
"4056",105,6.0376164909685,1,-13.0884446789283,3
"4057",105,6.0376164909685,2,-10.411238239827,3
"4058",105,6.0376164909685,3,4.60436393933286,3
"4059",105,6.0376164909685,4,7.99112796663021,3
"4060",105,6.0376164909685,5,-14.8139390305326,3
"4061",105,6.26232191303279,1,-14.5309966639768,3
"4062",105,6.26232191303279,2,-14.3499429319334,3
"4063",105,6.26232191303279,3,-6.73286190127315,3
"4064",105,6.26232191303279,4,-6.04899150800385,3
"4065",105,6.26232191303279,5,-11.2978155773274,3
"4066",105,6.48122958943713,1,-1.28998727132633,3
"4067",105,6.48122958943713,2,-38.9171224337759,3
"4068",105,6.48122958943713,3,-19.0046592053325,3
"4069",105,6.48122958943713,4,10.1139631603898,3
"4070",105,6.48122958943713,5,-16.3066370911895,3
"4071",105,9.80522754427511,1,5.76328679309185,3
"4072",105,9.80522754427511,2,-34.3937155622917,3
"4073",105,9.80522754427511,3,7.90536557141413,3
"4074",105,9.80522754427511,4,6.62216836960518,3
"4075",105,9.80522754427511,5,-8.53749350518574,3
"4076",105,10.7561777852243,1,-1.95346044504753,3
"4077",105,10.7561777852243,2,-6.96609304854203,3
"4078",105,10.7561777852243,3,4.10390937603277,3
"4079",105,10.7561777852243,4,17.541858488067,3
"4080",105,10.7561777852243,5,-24.5593862047384,3
"4081",106,0,1,-2.33988712955214,3
"4082",106,0,2,8.91878664679168,3
"4083",106,0,3,2.25467631707097,3
"4084",106,0,4,14.036173481677,3
"4085",106,0,5,3.46795927032496,3
"4086",106,0.771060282713734,1,-7.47001338944758,3
"4087",106,0.771060282713734,2,-4.76927493984194,3
"4088",106,0.771060282713734,3,-5.67901425958714,3
"4089",106,0.771060282713734,4,2.29984244201951,3
"4090",106,0.771060282713734,5,8.93833546522714,3
"4091",106,2.6886244880734,1,9.13611909180054,3
"4092",106,2.6886244880734,2,11.7700389505331,3
"4093",106,2.6886244880734,3,20.703636909343,3
"4094",106,2.6886244880734,4,14.1451236567432,3
"4095",106,2.6886244880734,5,-11.1547578110142,3
"4096",106,3.78802992484998,1,-4.68055472628541,3
"4097",106,3.78802992484998,2,-17.5647580220966,3
"4098",106,3.78802992484998,3,25.1876617903058,3
"4099",106,3.78802992484998,4,14.6586344592938,3
"4100",106,3.78802992484998,5,-7.61295347696496,3
"4101",106,6.31141208484769,1,-1.49122965055575,3
"4102",106,6.31141208484769,2,-24.8776757531809,3
"4103",106,6.31141208484769,3,-0.665834798121667,3
"4104",106,6.31141208484769,4,3.73278429922681,3
"4105",106,6.31141208484769,5,4.15005370690094,3
"4106",106,7.52719574817456,1,-3.55506021004598,3
"4107",106,7.52719574817456,2,-33.321703717914,3
"4108",106,7.52719574817456,3,16.7844718829767,3
"4109",106,7.52719574817456,4,17.4181053265841,3
"4110",106,7.52719574817456,5,-3.3728111543925,3
"4111",106,7.95734912052285,1,1.84591768929737,3
"4112",106,7.95734912052285,2,-22.1813956003956,3
"4113",106,7.95734912052285,3,-0.106090459782962,3
"4114",106,7.95734912052285,4,15.4731677560627,3
"4115",106,7.95734912052285,5,-10.6843398767457,3
"4116",106,8.3855454857694,1,1.89561494636061,3
"4117",106,8.3855454857694,2,-20.2943840802194,3
"4118",106,8.3855454857694,3,15.1713252233665,3
"4119",106,8.3855454857694,4,-1.48151316261707,3
"4120",106,8.3855454857694,5,-5.11159836432799,3
"4121",106,9.53962538402993,1,1.20493717535705,3
"4122",106,9.53962538402993,2,-23.8320440532546,3
"4123",106,9.53962538402993,3,6.76314728809058,3
"4124",106,9.53962538402993,4,25.2392721924892,3
"4125",106,9.53962538402993,5,-9.42758636462207,3
"4126",106,9.77962677250616,1,1.62135808143399,3
"4127",106,9.77962677250616,2,-3.74752056330381,3
"4128",106,9.77962677250616,3,10.3959902188125,3
"4129",106,9.77962677250616,4,9.82804938136414,3
"4130",106,9.77962677250616,5,4.33982849529322,3
"4131",107,0,1,-10.6870993925579,3
"4132",107,0,2,4.23959308577428,3
"4133",107,0,3,-0.545502278782296,3
"4134",107,0,4,7.35867683642037,3
"4135",107,0,5,-4.29513820620566,3
"4136",107,0.838389506563544,1,11.4394599057669,3
"4137",107,0.838389506563544,2,4.84809195018784,3
"4138",107,0.838389506563544,3,0.787161910292623,3
"4139",107,0.838389506563544,4,6.89249972418524,3
"4140",107,0.838389506563544,5,15.2713253930059,3
"4141",107,3.15204326761886,1,-2.40944021475368,3
"4142",107,3.15204326761886,2,-14.8727497195334,3
"4143",107,3.15204326761886,3,-12.3302913017536,3
"4144",107,3.15204326761886,4,7.59785756509897,3
"4145",107,3.15204326761886,5,-0.805634073389594,3
"4146",107,3.44331961707212,1,-13.8157534040511,3
"4147",107,3.44331961707212,2,-20.8290279315578,3
"4148",107,3.44331961707212,3,6.78613812116839,3
"4149",107,3.44331961707212,4,-8.49522196844397,3
"4150",107,3.44331961707212,5,-4.19787934508631,3
"4151",107,4.55294366565067,1,-31.2893766913622,3
"4152",107,4.55294366565067,2,-19.8236311901773,3
"4153",107,4.55294366565067,3,2.97753199561584,3
"4154",107,4.55294366565067,4,11.6601894898731,3
"4155",107,4.55294366565067,5,-0.482833785673494,3
"4156",107,4.77307359292172,1,15.9095149566448,3
"4157",107,4.77307359292172,2,-32.070284035231,3
"4158",107,4.77307359292172,3,7.52413370251019,3
"4159",107,4.77307359292172,4,13.6196386259415,3
"4160",107,4.77307359292172,5,14.4482075350696,3
"4161",107,5.7741803053068,1,2.75750866829681,3
"4162",107,5.7741803053068,2,-35.764358289491,3
"4163",107,5.7741803053068,3,18.5695462063869,3
"4164",107,5.7741803053068,4,13.1912553705016,3
"4165",107,5.7741803053068,5,21.288501725091,3
"4166",107,7.1852472058963,1,-13.0074840478402,3
"4167",107,7.1852472058963,2,-48.9104916379018,3
"4168",107,7.1852472058963,3,13.0558780840534,3
"4169",107,7.1852472058963,4,28.1578194884179,3
"4170",107,7.1852472058963,5,-15.2356036417617,3
"4171",108,0,1,-18.799625751406,3
"4172",108,0,2,-3.93727085119837,3
"4173",108,0,3,4.24643277356442,3
"4174",108,0,4,12.2936184804007,3
"4175",108,0,5,-20.3629350652387,3
"4176",108,1.22175645153038,1,-9.59376650997893,3
"4177",108,1.22175645153038,2,-19.1688008443594,3
"4178",108,1.22175645153038,3,7.31148305127669,3
"4179",108,1.22175645153038,4,10.6922721568944,3
"4180",108,1.22175645153038,5,-8.77597829754076,3
"4181",108,2.13898830523249,1,-2.83995504980523,3
"4182",108,2.13898830523249,2,-4.87462692108743,3
"4183",108,2.13898830523249,3,19.1648875351684,3
"4184",108,2.13898830523249,4,21.8851473686864,3
"4185",108,2.13898830523249,5,-0.457958144428557,3
"4186",108,3.6648806037847,1,-8.01145826918411,3
"4187",108,3.6648806037847,2,-18.367896458648,3
"4188",108,3.6648806037847,3,-6.03821777792425,3
"4189",108,3.6648806037847,4,3.79020183390657,3
"4190",108,3.6648806037847,5,-13.1487730047792,3
"4191",108,5.71436269197147,1,15.8028062861932,3
"4192",108,5.71436269197147,2,-22.5144914978719,3
"4193",108,5.71436269197147,3,13.9101111599062,3
"4194",108,5.71436269197147,4,13.4777795520461,3
"4195",108,5.71436269197147,5,-11.4661191222126,3
"4196",108,7.62182179640513,1,-5.26681675334416,3
"4197",108,7.62182179640513,2,-22.8486642340148,3
"4198",108,7.62182179640513,3,7.80217799423082,3
"4199",108,7.62182179640513,4,-0.810672821604072,3
"4200",108,7.62182179640513,5,-21.5813585627415,3
"4201",108,8.27819092036225,1,-13.6256029983979,3
"4202",108,8.27819092036225,2,-35.5636101491049,3
"4203",108,8.27819092036225,3,5.31212718984372,3
"4204",108,8.27819092036225,4,1.73290114144818,3
"4205",108,8.27819092036225,5,-20.0221704672132,3
"4206",108,8.53869335679337,1,6.19925290005798,3
"4207",108,8.53869335679337,2,-18.7644473276909,3
"4208",108,8.53869335679337,3,6.17650326127973,3
"4209",108,8.53869335679337,4,6.48424045206498,3
"4210",108,8.53869335679337,5,-8.13814623956395,3
"4211",108,9.16176968044601,1,-27.2076385185432,3
"4212",108,9.16176968044601,2,-40.7617505552001,3
"4213",108,9.16176968044601,3,-1.44547805092451,3
"4214",108,9.16176968044601,4,15.1192798124207,3
"4215",108,9.16176968044601,5,-8.89896042280867,3
"4216",108,9.4428598791128,1,-12.6092137939458,3
"4217",108,9.4428598791128,2,-21.0412066157228,3
"4218",108,9.4428598791128,3,-8.92650683467904,3
"4219",108,9.4428598791128,4,13.3158852331896,3
"4220",108,9.4428598791128,5,-23.998111721937,3
"4221",108,9.5369050859008,1,-3.01857271604103,3
"4222",108,9.5369050859008,2,-23.8511424774177,3
"4223",108,9.5369050859008,3,17.4883653779793,3
"4224",108,9.5369050859008,4,13.5603761712647,3
"4225",108,9.5369050859008,5,5.95522328530821,3
"4226",108,9.80266259354539,1,0.609026103651266,3
"4227",108,9.80266259354539,2,-29.5293066037575,3
"4228",108,9.80266259354539,3,-5.10163048630057,3
"4229",108,9.80266259354539,4,25.7994004565988,3
"4230",108,9.80266259354539,5,-8.92025434318687,3
"4231",109,0,1,16.1571861654295,3
"4232",109,0,2,-0.168418084771659,3
"4233",109,0,3,8.57564478424531,3
"4234",109,0,4,-3.85066621855087,3
"4235",109,0,5,-7.80541141730042,3
"4236",109,2.48932564863935,1,15.7139494441557,3
"4237",109,2.48932564863935,2,-22.5782180249171,3
"4238",109,2.48932564863935,3,5.03492126354591,3
"4239",109,2.48932564863935,4,-7.82960695169162,3
"4240",109,2.48932564863935,5,-2.3111651074814,3
"4241",109,4.48673981323373,1,-13.8943187334285,3
"4242",109,4.48673981323373,2,-20.8496859520633,3
"4243",109,4.48673981323373,3,-6.48838828778223,3
"4244",109,4.48673981323373,4,-3.0023718403287,3
"4245",109,4.48673981323373,5,-5.77822881208936,3
"4246",109,5.92374042246956,1,14.3265390348769,3
"4247",109,5.92374042246956,2,-17.6966151224991,3
"4248",109,5.92374042246956,3,-0.609114486643213,3
"4249",109,5.92374042246956,4,11.9323442723283,3
"4250",109,5.92374042246956,5,-5.97749052830231,3
"4251",109,6.27692498662509,1,-11.1946022484236,3
"4252",109,6.27692498662509,2,-20.3353906791606,3
"4253",109,6.27692498662509,3,-1.51581071410243,3
"4254",109,6.27692498662509,4,3.21483444451856,3
"4255",109,6.27692498662509,5,-19.7656097126276,3
"4256",109,6.36599072790705,1,12.6910213631855,3
"4257",109,6.36599072790705,2,-23.2327622037677,3
"4258",109,6.36599072790705,3,5.05144799668749,3
"4259",109,6.36599072790705,4,-6.13391502863873,3
"4260",109,6.36599072790705,5,0.617534026939692,3
"4261",109,10.0384238150436,1,23.3357239324583,3
"4262",109,10.0384238150436,2,3.22311542158996,3
"4263",109,10.0384238150436,3,15.2763087576346,3
"4264",109,10.0384238150436,4,41.0497812478323,3
"4265",109,10.0384238150436,5,8.01527574927387,3
"4266",110,0,1,-5.47836862331288,3
"4267",110,0,2,-15.116973324052,3
"4268",110,0,3,6.86526361769001,3
"4269",110,0,4,-1.92993346142401,3
"4270",110,0,5,-22.6846522839842,3
"4271",110,1.63242651114706,1,-14.2603922753393,3
"4272",110,1.63242651114706,2,-11.3919857192546,3
"4273",110,1.63242651114706,3,15.05574016649,3
"4274",110,1.63242651114706,4,7.12483214226315,3
"4275",110,1.63242651114706,5,-7.36401103887314,3
"4276",110,1.99329410726205,1,0.846052661595119,3
"4277",110,1.99329410726205,2,-2.65193944592018,3
"4278",110,1.99329410726205,3,-8.72525076580998,3
"4279",110,1.99329410726205,4,10.0396362145546,3
"4280",110,1.99329410726205,5,-13.6436491498408,3
"4281",110,2.07609934883658,1,17.5940418107176,3
"4282",110,2.07609934883658,2,-18.3000492899859,3
"4283",110,2.07609934883658,3,24.0287852353927,3
"4284",110,2.07609934883658,4,16.9019294830754,3
"4285",110,2.07609934883658,5,-4.19891254270511,3
"4286",110,4.94964647735469,1,-12.3911006389801,3
"4287",110,4.94964647735469,2,-27.2239784500736,3
"4288",110,4.94964647735469,3,7.9242286275616,3
"4289",110,4.94964647735469,4,-0.221082493925458,3
"4290",110,4.94964647735469,5,-21.6251894365566,3
"4291",110,7.42911064601503,1,1.01739996742922,3
"4292",110,7.42911064601503,2,-28.0890235665011,3
"4293",110,7.42911064601503,3,15.9461183375929,3
"4294",110,7.42911064601503,4,15.1943406192719,3
"4295",110,7.42911064601503,5,-0.695138722888794,3
"4296",110,8.04468370054383,1,-19.580436259056,3
"4297",110,8.04468370054383,2,-22.6923887053091,3
"4298",110,8.04468370054383,3,-24.1838170565091,3
"4299",110,8.04468370054383,4,13.3508045876248,3
"4300",110,8.04468370054383,5,-22.5969639446967,3
"4301",110,10.5327656551963,1,-21.8994374507631,3
"4302",110,10.5327656551963,2,-40.0393656461278,3
"4303",110,10.5327656551963,3,-6.93671485324841,3
"4304",110,10.5327656551963,4,8.39800527706402,3
"4305",110,10.5327656551963,5,-29.0924024253524,3
"4306",111,0,1,-4.71042869952756,3
"4307",111,0,2,0.23036683723677,3
"4308",111,0,3,-14.5225104485315,3
"4309",111,0,4,0.0438895510130415,3
"4310",111,0,5,11.483473008749,3
"4311",111,3.45194354420528,1,3.08715093604079,3
"4312",111,3.45194354420528,2,-12.60661436277,3
"4313",111,3.45194354420528,3,-1.70786062769304,3
"4314",111,3.45194354420528,4,1.23368323031215,3
"4315",111,3.45194354420528,5,7.1373064607853,3
"4316",111,3.69400482834317,1,11.4431102647662,3
"4317",111,3.69400482834317,2,-23.0487136244936,3
"4318",111,3.69400482834317,3,-9.57701573990105,3
"4319",111,3.69400482834317,4,17.0883957751039,3
"4320",111,3.69400482834317,5,-0.742222887646864,3
"4321",111,3.72449295583647,1,8.57445239021001,3
"4322",111,3.72449295583647,2,-14.9882736754451,3
"4323",111,3.72449295583647,3,13.3782715120628,3
"4324",111,3.72449295583647,4,3.15383006608,3
"4325",111,3.72449295583647,5,20.7172461670569,3
"4326",111,3.88197550433688,1,8.51679941500083,3
"4327",111,3.88197550433688,2,-24.6981788304939,3
"4328",111,3.88197550433688,3,-0.528388775335948,3
"4329",111,3.88197550433688,4,18.5977524038044,3
"4330",111,3.88197550433688,5,10.5741945288484,3
"4331",111,5.21706371882465,1,-7.37607295169295,3
"4332",111,5.21706371882465,2,-6.20976464263478,3
"4333",111,5.21706371882465,3,-14.7639812916533,3
"4334",111,5.21706371882465,4,12.0547322960997,3
"4335",111,5.21706371882465,5,-13.2664197754696,3
"4336",111,6.14089656330179,1,-5.38062090419291,3
"4337",111,6.14089656330179,2,-28.3337432187362,3
"4338",111,6.14089656330179,3,3.71278739072918,3
"4339",111,6.14089656330179,4,-5.94613669873399,3
"4340",111,6.14089656330179,5,-11.457052073612,3
"4341",111,7.02413924259599,1,28.8967415056884,3
"4342",111,7.02413924259599,2,-34.799998632118,3
"4343",111,7.02413924259599,3,-14.5641381971198,3
"4344",111,7.02413924259599,4,-9.71362610747831,3
"4345",111,7.02413924259599,5,-9.10889629084752,3
"4346",111,7.67714564932976,1,-12.2670964097781,3
"4347",111,7.67714564932976,2,-6.9493340243917,3
"4348",111,7.67714564932976,3,-3.06791611944692,3
"4349",111,7.67714564932976,4,9.79250724275283,3
"4350",111,7.67714564932976,5,-11.293197031049,3
"4351",111,8.1744627476437,1,6.38258179316979,3
"4352",111,8.1744627476437,2,-5.3804006750633,3
"4353",111,8.1744627476437,3,10.5557314064884,3
"4354",111,8.1744627476437,4,4.99319241038208,3
"4355",111,8.1744627476437,5,5.79603919076407,3
"4356",111,9.78291348821949,1,6.01581397985528,3
"4357",111,9.78291348821949,2,-38.2374929412033,3
"4358",111,9.78291348821949,3,-3.50679873493129,3
"4359",111,9.78291348821949,4,-5.92779931410665,3
"4360",111,9.78291348821949,5,-13.6183763685857,3
"4361",111,10.5501663143514,1,-2.05768195571385,3
"4362",111,10.5501663143514,2,-19.9800848721392,3
"4363",111,10.5501663143514,3,26.0972521922336,3
"4364",111,10.5501663143514,4,35.4409702336075,3
"4365",111,10.5501663143514,5,-7.97553993279611,3
"4366",112,0,1,6.03149502019063,3
"4367",112,0,2,-18.936864951501,3
"4368",112,0,3,11.4074326013103,3
"4369",112,0,4,6.13357013411662,3
"4370",112,0,5,-3.62409197811878,3
"4371",112,1.90347829600796,1,-11.1097292583299,3
"4372",112,1.90347829600796,2,-10.5238784762761,3
"4373",112,1.90347829600796,3,-5.19827475743948,3
"4374",112,1.90347829600796,4,-4.55017671855898,3
"4375",112,1.90347829600796,5,-1.91167963235449,3
"4376",112,2.76297980558593,1,5.16721734094044,3
"4377",112,2.76297980558593,2,4.54224248564549,3
"4378",112,2.76297980558593,3,19.720145385082,3
"4379",112,2.76297980558593,4,11.9075248808988,3
"4380",112,2.76297980558593,5,-25.3166521115089,3
"4381",112,5.42960745934397,1,20.4011226470648,3
"4382",112,5.42960745934397,2,-23.0195708739002,3
"4383",112,5.42960745934397,3,7.4645584984222,3
"4384",112,5.42960745934397,4,3.62513899968797,3
"4385",112,5.42960745934397,5,-23.2296708734333,3
"4386",112,5.7902680633124,1,-8.97769295935362,3
"4387",112,5.7902680633124,2,-6.09878560045503,3
"4388",112,5.7902680633124,3,12.9393947538743,3
"4389",112,5.7902680633124,4,2.27749141963426,3
"4390",112,5.7902680633124,5,-16.5463542584937,3
"4391",112,6.0245012139203,1,-10.5233270782897,3
"4392",112,6.0245012139203,2,-37.4137244550778,3
"4393",112,6.0245012139203,3,15.2332229973201,3
"4394",112,6.0245012139203,4,20.7587349752572,3
"4395",112,6.0245012139203,5,-12.3895762354707,3
"4396",113,0,1,-7.79899743631847,3
"4397",113,0,2,-8.83809516349326,3
"4398",113,0,3,18.5516475888029,3
"4399",113,0,4,-4.79336106625351,3
"4400",113,0,5,12.9363643381859,3
"4401",113,2.78945746971294,1,-2.36604230485416,3
"4402",113,2.78945746971294,2,-11.4245903656938,3
"4403",113,2.78945746971294,3,9.10866178035739,3
"4404",113,2.78945746971294,4,6.24141973854829,3
"4405",113,2.78945746971294,5,-17.0264559886283,3
"4406",113,4.70965667197015,1,1.24034867693784,3
"4407",113,4.70965667197015,2,-26.457817446948,3
"4408",113,4.70965667197015,3,14.8334000917664,3
"4409",113,4.70965667197015,4,12.966224470238,3
"4410",113,4.70965667197015,5,-3.31206153967996,3
"4411",113,5.54499617498368,1,10.8879314308413,3
"4412",113,5.54499617498368,2,-24.4392858585955,3
"4413",113,5.54499617498368,3,0.377862274222376,3
"4414",113,5.54499617498368,4,-3.70130310832513,3
"4415",113,5.54499617498368,5,-9.59944332607477,3
"4416",113,5.81991944566835,1,-12.931382701337,3
"4417",113,5.81991944566835,2,-37.8056374096137,3
"4418",113,5.81991944566835,3,-7.38889609521699,3
"4419",113,5.81991944566835,4,-1.49904860992467,3
"4420",113,5.81991944566835,5,-5.08899113081304,3
"4421",113,6.34154128073715,1,5.36290091893546,3
"4422",113,6.34154128073715,2,-29.2255793900255,3
"4423",113,6.34154128073715,3,7.19807405773178,3
"4424",113,6.34154128073715,4,18.8365240183298,3
"4425",113,6.34154128073715,5,-4.74779315130484,3
"4426",113,6.75220262003131,1,5.0755291323184,3
"4427",113,6.75220262003131,2,-10.6550273695341,3
"4428",113,6.75220262003131,3,15.7040834765674,3
"4429",113,6.75220262003131,4,13.5259828310807,3
"4430",113,6.75220262003131,5,2.34860496871441,3
"4431",113,6.99175244395155,1,-9.46146509808468,3
"4432",113,6.99175244395155,2,-0.926341239080376,3
"4433",113,6.99175244395155,3,23.7725006807336,3
"4434",113,6.99175244395155,4,23.5285449860909,3
"4435",113,6.99175244395155,5,-4.26231043470174,3
"4436",113,7.23716365208384,1,18.2625582660073,3
"4437",113,7.23716365208384,2,-14.7738555961209,3
"4438",113,7.23716365208384,3,9.77794578961806,3
"4439",113,7.23716365208384,4,6.71003333694539,3
"4440",113,7.23716365208384,5,12.136923677243,3
"4441",113,7.29553972545546,1,-8.8873361137688,3
"4442",113,7.29553972545546,2,-33.440093418972,3
"4443",113,7.29553972545546,3,-5.96348594584953,3
"4444",113,7.29553972545546,4,2.15005203808186,3
"4445",113,7.29553972545546,5,-16.7510963144619,3
"4446",113,8.71502808865625,1,-9.06697673046587,3
"4447",113,8.71502808865625,2,-36.9787014144137,3
"4448",113,8.71502808865625,3,7.03593852236079,3
"4449",113,8.71502808865625,4,32.8342423891308,3
"4450",113,8.71502808865625,5,-8.16479573938146,3
"4451",113,9.85712303430773,1,-15.26361169847,3
"4452",113,9.85712303430773,2,-21.8125463254009,3
"4453",113,9.85712303430773,3,11.1564903449419,3
"4454",113,9.85712303430773,4,-1.00017907022896,3
"4455",113,9.85712303430773,5,-4.05478546070835,3
"4456",114,0,1,-8.15167704320812,3
"4457",114,0,2,-0.0189247236010899,3
"4458",114,0,3,-1.04202538201581,3
"4459",114,0,4,16.5388263375098,3
"4460",114,0,5,-5.43960180238606,3
"4461",114,6.1671344320057,1,-7.89112365402808,3
"4462",114,6.1671344320057,2,-26.4239231703754,3
"4463",114,6.1671344320057,3,7.94222756667584,3
"4464",114,6.1671344320057,4,24.0997104494298,3
"4465",114,6.1671344320057,5,-0.527066987198346,3
"4466",114,6.23926850710995,1,-18.2919081750793,3
"4467",114,6.23926850710995,2,-20.9231851256478,3
"4468",114,6.23926850710995,3,-9.75501360208828,3
"4469",114,6.23926850710995,4,-7.40201264806183,3
"4470",114,6.23926850710995,5,-18.2544640306348,3
"4471",114,6.24371626519132,1,-3.90940464474242,3
"4472",114,6.24371626519132,2,-20.925876380278,3
"4473",114,6.24371626519132,3,-15.7888403725128,3
"4474",114,6.24371626519132,4,10.1843357626349,3
"4475",114,6.24371626519132,5,-10.4004656448293,3
"4476",114,7.63517120690085,1,-15.0174210450957,3
"4477",114,7.63517120690085,2,-14.055410890528,3
"4478",114,7.63517120690085,3,-11.0217009318734,3
"4479",114,7.63517120690085,4,21.8844763638248,3
"4480",114,7.63517120690085,5,-16.5258825163053,3
"4481",115,0,1,-18.2325751470033,3
"4482",115,0,2,-6.93405994716814,3
"4483",115,0,3,14.8448673246053,3
"4484",115,0,4,15.5844480282817,3
"4485",115,0,5,5.11849334543483,3
"4486",115,2.35793351544999,1,7.19653143677196,3
"4487",115,2.35793351544999,2,-30.6002218116996,3
"4488",115,2.35793351544999,3,-7.82466961298817,3
"4489",115,2.35793351544999,4,-6.88655084148812,3
"4490",115,2.35793351544999,5,8.68729158047146,3
"4491",115,4.87546172074508,1,2.19514673947276,3
"4492",115,4.87546172074508,2,-12.2778774942681,3
"4493",115,4.87546172074508,3,-4.07108098377525,3
"4494",115,4.87546172074508,4,-11.7722789428605,3
"4495",115,4.87546172074508,5,-5.00484650703821,3
"4496",115,7.56748777709436,1,-2.00808639692719,3
"4497",115,7.56748777709436,2,-16.9976813253954,3
"4498",115,7.56748777709436,3,-7.94227421936936,3
"4499",115,7.56748777709436,4,7.35258891614683,3
"4500",115,7.56748777709436,5,-33.9262067713812,3
"4501",115,10.1034400387434,1,-0.523574862989349,3
"4502",115,10.1034400387434,2,-4.04730903689418,3
"4503",115,10.1034400387434,3,15.9532295250184,3
"4504",115,10.1034400387434,4,15.4835381667969,3
"4505",115,10.1034400387434,5,-0.0425239474514747,3
"4506",115,10.2735459251562,1,2.15263011180064,3
"4507",115,10.2735459251562,2,1.33829416524298,3
"4508",115,10.2735459251562,3,-7.3095835519557,3
"4509",115,10.2735459251562,4,12.3882358194282,3
"4510",115,10.2735459251562,5,-18.7871097480361,3
"4511",115,10.6157080505509,1,13.307473485619,3
"4512",115,10.6157080505509,2,-13.6243012602329,3
"4513",115,10.6157080505509,3,13.7228004621278,3
"4514",115,10.6157080505509,4,15.8798783738178,3
"4515",115,10.6157080505509,5,-4.53601081609906,3
"4516",116,0,1,10.8553214064625,3
"4517",116,0,2,5.32405774446145,3
"4518",116,0,3,-4.85966566313999,3
"4519",116,0,4,5.31073049397285,3
"4520",116,0,5,-21.544670458683,3
"4521",116,1.62081713380758,1,2.65231809726426,3
"4522",116,1.62081713380758,2,-11.0098197591432,3
"4523",116,1.62081713380758,3,-1.3919807389171,3
"4524",116,1.62081713380758,4,12.5727505684088,3
"4525",116,1.62081713380758,5,-4.33729425079166,3
"4526",116,2.42491625621915,1,14.6499863220491,3
"4527",116,2.42491625621915,2,-10.1539285173668,3
"4528",116,2.42491625621915,3,11.9101423984812,3
"4529",116,2.42491625621915,4,11.0518126826125,3
"4530",116,2.42491625621915,5,-19.9164799507499,3
"4531",116,4.00369295675773,1,6.8132255893358,3
"4532",116,4.00369295675773,2,-8.16405624388263,3
"4533",116,4.00369295675773,3,18.2817365670892,3
"4534",116,4.00369295675773,4,7.00105949336733,3
"4535",116,4.00369295675773,5,-15.5621378409633,3
"4536",116,4.50567347183824,1,12.6435206720189,3
"4537",116,4.50567347183824,2,-12.7706357095017,3
"4538",116,4.50567347183824,3,13.7327175434209,3
"4539",116,4.50567347183824,4,12.766108948108,3
"4540",116,4.50567347183824,5,8.34380628578677,3
"4541",116,5.63867863395717,1,-7.42212610411357,3
"4542",116,5.63867863395717,2,-30.5857839713775,3
"4543",116,5.63867863395717,3,2.63292841832207,3
"4544",116,5.63867863395717,4,-8.13460405427237,3
"4545",116,5.63867863395717,5,3.78723305297418,3
"4546",116,6.28427178866696,1,10.1261966852353,3
"4547",116,6.28427178866696,2,-27.1675960882453,3
"4548",116,6.28427178866696,3,5.24399514985471,3
"4549",116,6.28427178866696,4,23.5616285389208,3
"4550",116,6.28427178866696,5,-1.87999232600336,3
"4551",116,6.86605249333661,1,-7.66830522934163,3
"4552",116,6.86605249333661,2,-26.4079292135293,3
"4553",116,6.86605249333661,3,9.66561622660892,3
"4554",116,6.86605249333661,4,15.751928782081,3
"4555",116,6.86605249333661,5,-22.1174679410068,3
"4556",116,8.10903206293005,1,19.5589616167307,3
"4557",116,8.10903206293005,2,-17.8980923447326,3
"4558",116,8.10903206293005,3,7.77037127417798,3
"4559",116,8.10903206293005,4,-8.24955378036414,3
"4560",116,8.10903206293005,5,-25.4821629313722,3
"4561",116,8.55885280133225,1,20.8166196504065,3
"4562",116,8.55885280133225,2,-7.31274064800855,3
"4563",116,8.55885280133225,3,6.47985876461603,3
"4564",116,8.55885280133225,4,6.13929379493049,3
"4565",116,8.55885280133225,5,-13.9001721066819,3
"4566",117,0,1,-16.8668611409563,3
"4567",117,0,2,-1.19678252118508,3
"4568",117,0,3,-18.5674693230132,3
"4569",117,0,4,-8.56822833855983,3
"4570",117,0,5,-7.93756853872072,3
"4571",117,1.27849270578008,1,-6.04867961523949,3
"4572",117,1.27849270578008,2,5.41782131537254,3
"4573",117,1.27849270578008,3,-4.68266378672859,3
"4574",117,1.27849270578008,4,-9.99295388925323,3
"4575",117,1.27849270578008,5,-4.55231176090611,3
"4576",117,1.38762884261087,1,-7.92027676672753,3
"4577",117,1.38762884261087,2,-12.9142209786846,3
"4578",117,1.38762884261087,3,-6.60505483064545,3
"4579",117,1.38762884261087,4,0.0985238805843229,3
"4580",117,1.38762884261087,5,7.16550263671811,3
"4581",117,7.40499554388225,1,-11.8478046211635,3
"4582",117,7.40499554388225,2,-47.9567092004857,3
"4583",117,7.40499554388225,3,-9.72334153970624,3
"4584",117,7.40499554388225,4,8.01757835157926,3
"4585",117,7.40499554388225,5,-0.522641098390594,3
"4586",117,8.17562705616001,1,10.9161862407122,3
"4587",117,8.17562705616001,2,-30.027464612306,3
"4588",117,8.17562705616001,3,-3.82061925270573,3
"4589",117,8.17562705616001,4,4.78770883677786,3
"4590",117,8.17562705616001,5,-7.62743632379718,3
"4591",117,8.18757404957432,1,-4.99498195124284,3
"4592",117,8.18757404957432,2,-39.6716561577365,3
"4593",117,8.18757404957432,3,8.40596534041887,3
"4594",117,8.18757404957432,4,-3.20389755191859,3
"4595",117,8.18757404957432,5,-4.34463274787826,3
"4596",117,8.57213798898738,1,1.13946192345604,3
"4597",117,8.57213798898738,2,-19.4660150629629,3
"4598",117,8.57213798898738,3,-9.937704713597,3
"4599",117,8.57213798898738,4,3.31898770845468,3
"4600",117,8.57213798898738,5,9.32872014151696,3
"4601",117,9.3819927002769,1,9.20511165096433,3
"4602",117,9.3819927002769,2,3.85642203363639,3
"4603",117,9.3819927002769,3,5.15140479018164,3
"4604",117,9.3819927002769,4,4.35922699093527,3
"4605",117,9.3819927002769,5,0.714756224991948,3
"4606",117,10.9710647084285,1,1.17235645622451,3
"4607",117,10.9710647084285,2,-19.2139125682971,3
"4608",117,10.9710647084285,3,9.18417267611025,3
"4609",117,10.9710647084285,4,1.05946114904831,3
"4610",117,10.9710647084285,5,-5.41148683517116,3
"4611",118,0,1,-13.706714018581,3
"4612",118,0,2,-13.402307538404,3
"4613",118,0,3,12.213687982927,3
"4614",118,0,4,0.116002462741139,3
"4615",118,0,5,9.79076756962149,3
"4616",118,0.582358791376464,1,7.28095474155167,3
"4617",118,0.582358791376464,2,-1.626137184393,3
"4618",118,0.582358791376464,3,12.3791468359749,3
"4619",118,0.582358791376464,4,-10.0905424334971,3
"4620",118,0.582358791376464,5,6.04689846170375,3
"4621",118,3.95362142962404,1,6.81674966141772,3
"4622",118,3.95362142962404,2,-2.67496224497063,3
"4623",118,3.95362142962404,3,-8.6016144327249,3
"4624",118,3.95362142962404,4,1.34954423783152,3
"4625",118,3.95362142962404,5,4.40429885980801,3
"4626",118,4.62868827942293,1,6.80831063078428,3
"4627",118,4.62868827942293,2,-10.6605969013162,3
"4628",118,4.62868827942293,3,7.74063718807834,3
"4629",118,4.62868827942293,4,15.1739697207088,3
"4630",118,4.62868827942293,5,-17.6142305210773,3
"4631",118,6.89980698178988,1,2.49797787359342,3
"4632",118,6.89980698178988,2,-20.2936966748134,3
"4633",118,6.89980698178988,3,20.3561727397205,3
"4634",118,6.89980698178988,4,3.60152065858695,3
"4635",118,6.89980698178988,5,8.59544757108015,3
"4636",118,7.7611801874591,1,-2.35305519047289,3
"4637",118,7.7611801874591,2,-21.8415967731933,3
"4638",118,7.7611801874591,3,22.0936993693689,3
"4639",118,7.7611801874591,4,-10.6402407565852,3
"4640",118,7.7611801874591,5,0.7365665028647,3
"4641",118,7.81861812819261,1,-10.6986813950554,3
"4642",118,7.81861812819261,2,-32.8759365359678,3
"4643",118,7.81861812819261,3,-6.53596227691774,3
"4644",118,7.81861812819261,4,15.5504428836538,3
"4645",118,7.81861812819261,5,-23.225577224027,3
"4646",118,8.62337416200899,1,-7.97521593442002,3
"4647",118,8.62337416200899,2,-17.6591344049134,3
"4648",118,8.62337416200899,3,20.5393063529793,3
"4649",118,8.62337416200899,4,25.2253887166102,3
"4650",118,8.62337416200899,5,16.349167003925,3
"4651",118,9.93499833310489,1,-8.24524888905335,3
"4652",118,9.93499833310489,2,-15.7555143906546,3
"4653",118,9.93499833310489,3,3.31585793499901,3
"4654",118,9.93499833310489,4,-4.5493929889781,3
"4655",118,9.93499833310489,5,-28.1214240897855,3
"4656",118,10.4013010188937,1,-5.91413687412654,3
"4657",118,10.4013010188937,2,-26.9581174521729,3
"4658",118,10.4013010188937,3,3.26383361682652,3
"4659",118,10.4013010188937,4,10.5445734092087,3
"4660",118,10.4013010188937,5,-22.4862874232926,3
"4661",118,10.6506990303751,1,29.4038816001347,3
"4662",118,10.6506990303751,2,13.5716077127978,3
"4663",118,10.6506990303751,3,18.8448970789642,3
"4664",118,10.6506990303751,4,4.83561640495796,3
"4665",118,10.6506990303751,5,13.5500351391211,3
"4666",118,10.9853053691331,1,-8.21946733308652,3
"4667",118,10.9853053691331,2,-20.6387188250237,3
"4668",118,10.9853053691331,3,1.88544156193662,3
"4669",118,10.9853053691331,4,13.0373173111104,3
"4670",118,10.9853053691331,5,-21.5585584357399,3
"4671",119,0,1,-12.4039769155152,3
"4672",119,0,2,5.04875490124918,3
"4673",119,0,3,-1.18367013853568,3
"4674",119,0,4,-2.31813585178211,3
"4675",119,0,5,11.5993142623162,3
"4676",119,0.641908886143938,1,-24.5178563219193,3
"4677",119,0.641908886143938,2,-10.0402436006459,3
"4678",119,0.641908886143938,3,-13.3594842570617,3
"4679",119,0.641908886143938,4,5.97687162413464,3
"4680",119,0.641908886143938,5,-2.19283768466907,3
"4681",119,3.43239946302492,1,10.6935739826584,3
"4682",119,3.43239946302492,2,-24.5597641958189,3
"4683",119,3.43239946302492,3,-3.78258122271458,3
"4684",119,3.43239946302492,4,9.09708955023343,3
"4685",119,3.43239946302492,5,-15.9954899190442,3
"4686",119,3.51250593957957,1,-12.9647931676257,3
"4687",119,3.51250593957957,2,-16.1161036968092,3
"4688",119,3.51250593957957,3,3.75615674009888,3
"4689",119,3.51250593957957,4,31.0492193103506,3
"4690",119,3.51250593957957,5,10.3838235544047,3
"4691",119,5.96238989173435,1,8.90803469065663,3
"4692",119,5.96238989173435,2,-12.2076233090254,3
"4693",119,5.96238989173435,3,-15.7804308685978,3
"4694",119,5.96238989173435,4,-25.3559156310316,3
"4695",119,5.96238989173435,5,-15.5333048083708,3
"4696",119,6.72128143208101,1,-1.06014609803386,3
"4697",119,6.72128143208101,2,-21.0149372524785,3
"4698",119,6.72128143208101,3,-14.3229442957045,3
"4699",119,6.72128143208101,4,5.19016329722756,3
"4700",119,6.72128143208101,5,3.88236503600163,3
"4701",119,7.57955224916805,1,-7.53032636262967,3
"4702",119,7.57955224916805,2,-35.3867373817561,3
"4703",119,7.57955224916805,3,-19.6599086087937,3
"4704",119,7.57955224916805,4,-25.0131516097168,3
"4705",119,7.57955224916805,5,-15.5775609651162,3
"4706",119,8.90215334075037,1,-8.42196615089592,3
"4707",119,8.90215334075037,2,-36.350675339441,3
"4708",119,8.90215334075037,3,-9.16178174430405,3
"4709",119,8.90215334075037,4,10.6085602748331,3
"4710",119,8.90215334075037,5,-9.98640178375697,3
"4711",120,0,1,12.7453665454405,3
"4712",120,0,2,11.513103248466,3
"4713",120,0,3,-3.93946232538685,3
"4714",120,0,4,-8.43900184473666,3
"4715",120,0,5,3.79430244876686,3
"4716",120,0.946664976654574,1,26.3155711728069,3
"4717",120,0.946664976654574,2,-0.672163207432732,3
"4718",120,0.946664976654574,3,-5.9408155346946,3
"4719",120,0.946664976654574,4,-3.10712492471341,3
"4720",120,0.946664976654574,5,4.2720529247227,3
"4721",120,4.73069148336072,1,-0.788627548606161,3
"4722",120,4.73069148336072,2,-26.8506114176092,3
"4723",120,4.73069148336072,3,2.00075234131833,3
"4724",120,4.73069148336072,4,-0.976220772612502,3
"4725",120,4.73069148336072,5,-21.4631884925857,3
"4726",120,4.79168104741257,1,16.1951383819946,3
"4727",120,4.79168104741257,2,-22.7836105736842,3
"4728",120,4.79168104741257,3,-9.45593320494596,3
"4729",120,4.79168104741257,4,-2.61798958955171,3
"4730",120,4.79168104741257,5,1.52772820012938,3
"4731",120,7.12643390870653,1,-15.4683069343033,3
"4732",120,7.12643390870653,2,-49.402292623729,3
"4733",120,7.12643390870653,3,-7.08562074711378,3
"4734",120,7.12643390870653,4,0.517913100096962,3
"4735",120,7.12643390870653,5,-10.3113980911233,3
"4736",120,7.71360347687732,1,-3.37279208395636,3
"4737",120,7.71360347687732,2,-31.3370291882887,3
"4738",120,7.71360347687732,3,-17.3391290005054,3
"4739",120,7.71360347687732,4,17.1054208073801,3
"4740",120,7.71360347687732,5,-2.95496437336014,3
"4741",120,9.03581793326885,1,-12.4070138917412,3
"4742",120,9.03581793326885,2,-35.252582248929,3
"4743",120,9.03581793326885,3,-0.294189366770673,3
"4744",120,9.03581793326885,4,-2.38787044130428,3
"4745",120,9.03581793326885,5,-14.9223105549515,3
"4746",120,9.96956696524285,1,2.01314999777005,3
"4747",120,9.96956696524285,2,-38.0406262791005,3
"4748",120,9.96956696524285,3,5.38472799082818,3
"4749",120,9.96956696524285,4,3.73857471030638,3
"4750",120,9.96956696524285,5,-15.8444248860736,3
"4751",120,10.6972705862718,1,7.31310508785482,3
"4752",120,10.6972705862718,2,-21.6583213405934,3
"4753",120,10.6972705862718,3,11.5395925091533,3
"4754",120,10.6972705862718,4,15.1327495642033,3
"4755",120,10.6972705862718,5,-8.64030449297989,3
"4756",121,0,1,-3.45534599623307,3
"4757",121,0,2,-12.5727521076826,3
"4758",121,0,3,19.1855714608235,3
"4759",121,0,4,23.158980468098,3
"4760",121,0,5,-9.15885571309801,3
"4761",121,2.42005125992,1,11.5211230658576,3
"4762",121,2.42005125992,2,-8.24084060471434,3
"4763",121,2.42005125992,3,-3.59889376316387,3
"4764",121,2.42005125992,4,15.0954160661755,3
"4765",121,2.42005125992,5,-4.66837407795571,3
"4766",121,3.94590283185244,1,-3.83649987345889,3
"4767",121,3.94590283185244,2,-18.7294406217776,3
"4768",121,3.94590283185244,3,24.6726289125875,3
"4769",121,3.94590283185244,4,1.29809354843281,3
"4770",121,3.94590283185244,5,-5.49513573789969,3
"4771",121,5.68617022666149,1,9.03777204380231,3
"4772",121,5.68617022666149,2,-32.9525721323135,3
"4773",121,5.68617022666149,3,6.54204579405716,3
"4774",121,5.68617022666149,4,4.04659874070175,3
"4775",121,5.68617022666149,5,-4.68483994868185,3
"4776",121,7.47116381581873,1,-14.8136221603791,3
"4777",121,7.47116381581873,2,-38.5206782310309,3
"4778",121,7.47116381581873,3,9.85218117351577,3
"4779",121,7.47116381581873,4,10.9243835537511,3
"4780",121,7.47116381581873,5,-24.5721734043276,3
"4781",121,7.99441210471559,1,-14.8961214960278,3
"4782",121,7.99441210471559,2,-23.7250271297752,3
"4783",121,7.99441210471559,3,18.8992396081578,3
"4784",121,7.99441210471559,4,26.7163264812334,3
"4785",121,7.99441210471559,5,16.6932647465569,3
"4786",122,0,1,16.9868789971961,3
"4787",122,0,2,8.6314386795312,3
"4788",122,0,3,5.1617389843564,3
"4789",122,0,4,11.434448144186,3
"4790",122,0,5,-3.69912151547811,3
"4791",122,1.04632028448395,1,12.4568611856781,3
"4792",122,1.04632028448395,2,10.7923226953322,3
"4793",122,1.04632028448395,3,16.8125144148093,3
"4794",122,1.04632028448395,4,-0.413471903773979,3
"4795",122,1.04632028448395,5,0.0796937378397011,3
"4796",122,2.05483570415527,1,-7.56462576536182,3
"4797",122,2.05483570415527,2,0.737881701727515,3
"4798",122,2.05483570415527,3,7.60585072408784,3
"4799",122,2.05483570415527,4,14.0565048101267,3
"4800",122,2.05483570415527,5,-13.3104206113334,3
"4801",122,2.66546814225148,1,-0.721159477722193,3
"4802",122,2.66546814225148,2,-8.12433839090891,3
"4803",122,2.66546814225148,3,-1.34787041620754,3
"4804",122,2.66546814225148,4,0.645335970457299,3
"4805",122,2.66546814225148,5,-1.24395536091047,3
"4806",122,3.48200268414803,1,0.516064498017882,3
"4807",122,3.48200268414803,2,-5.83845560379991,3
"4808",122,3.48200268414803,3,-1.82364906511709,3
"4809",122,3.48200268414803,4,-0.240207192143731,3
"4810",122,3.48200268414803,5,14.2865823608323,3
"4811",122,4.93990175041836,1,-24.1222846976005,3
"4812",122,4.93990175041836,2,-15.4585004225752,3
"4813",122,4.93990175041836,3,-7.89079175049981,3
"4814",122,4.93990175041836,4,-13.7564634440713,3
"4815",122,4.93990175041836,5,-6.93839882913812,3
"4816",122,5.1377784096403,1,11.0252051156229,3
"4817",122,5.1377784096403,2,-2.05912330331122,3
"4818",122,5.1377784096403,3,-2.36461202394546,3
"4819",122,5.1377784096403,4,4.59819325217648,3
"4820",122,5.1377784096403,5,-5.79952724726813,3
"4821",122,6.03158532327507,1,-30.9725483547498,3
"4822",122,6.03158532327507,2,-23.0693351140618,3
"4823",122,6.03158532327507,3,17.0865505340167,3
"4824",122,6.03158532327507,4,2.84852164058043,3
"4825",122,6.03158532327507,5,-4.77292976300732,3
"4826",122,7.28961401816923,1,-0.130737072107505,3
"4827",122,7.28961401816923,2,-28.9223436253573,3
"4828",122,7.28961401816923,3,8.80420924358256,3
"4829",122,7.28961401816923,4,17.3302586368557,3
"4830",122,7.28961401816923,5,-24.9637689461525,3
"4831",122,8.24689780222252,1,-4.55218025481569,3
"4832",122,8.24689780222252,2,-40.5051322788401,3
"4833",122,8.24689780222252,3,20.8237442901499,3
"4834",122,8.24689780222252,4,1.21851959119757,3
"4835",122,8.24689780222252,5,-10.6167611610728,3
"4836",122,8.50794879021123,1,-3.99335650097313,3
"4837",122,8.50794879021123,2,-14.1832322696328,3
"4838",122,8.50794879021123,3,10.3364095856361,3
"4839",122,8.50794879021123,4,3.66874856609109,3
"4840",122,8.50794879021123,5,-22.124831481472,3
"4841",123,0,1,-0.210765312246348,3
"4842",123,0,2,-14.8567912249175,3
"4843",123,0,3,21.4864892507111,3
"4844",123,0,4,2.88934491952272,3
"4845",123,0,5,-5.66419278873482,3
"4846",123,0.965935596148483,1,-7.65212445531046,3
"4847",123,0.965935596148483,2,-2.39962773734406,3
"4848",123,0.965935596148483,3,2.40503506343099,3
"4849",123,0.965935596148483,4,-8.71831065377505,3
"4850",123,0.965935596148483,5,-29.7762970193645,3
"4851",123,1.26925359375309,1,0.088393054581875,3
"4852",123,1.26925359375309,2,-1.22010417271522,3
"4853",123,1.26925359375309,3,10.6146411991039,3
"4854",123,1.26925359375309,4,5.35226127529602,3
"4855",123,1.26925359375309,5,-2.70564500931267,3
"4856",123,2.55894613661803,1,10.2095499436772,3
"4857",123,2.55894613661803,2,-7.76030691950528,3
"4858",123,2.55894613661803,3,7.23306093073599,3
"4859",123,2.55894613661803,4,13.2392726681868,3
"4860",123,2.55894613661803,5,-13.1886813099297,3
"4861",123,4.2485592168523,1,19.3157500397136,3
"4862",123,4.2485592168523,2,7.25171602935957,3
"4863",123,4.2485592168523,3,13.9741758038676,3
"4864",123,4.2485592168523,4,27.7662110450812,3
"4865",123,4.2485592168523,5,2.57709991788513,3
"4866",123,5.57269015174825,1,13.3566453942839,3
"4867",123,5.57269015174825,2,-32.6227907014846,3
"4868",123,5.57269015174825,3,-4.9934737094336,3
"4869",123,5.57269015174825,4,7.69764316207462,3
"4870",123,5.57269015174825,5,-7.45256175683327,3
"4871",123,6.98231016332284,1,14.4892534672551,3
"4872",123,6.98231016332284,2,-26.3854577449845,3
"4873",123,6.98231016332284,3,-3.95730703749843,3
"4874",123,6.98231016332284,4,-9.96174600075306,3
"4875",123,6.98231016332284,5,-27.7786615002461,3
"4876",123,7.32022585591767,1,1.94681551346341,3
"4877",123,7.32022585591767,2,-24.4616403953635,3
"4878",123,7.32022585591767,3,0.839175760005988,3
"4879",123,7.32022585591767,4,22.074157968724,3
"4880",123,7.32022585591767,5,-17.0463792681052,3
"4881",123,7.3884686747333,1,26.796924678252,3
"4882",123,7.3884686747333,2,-17.4570675638317,3
"4883",123,7.3884686747333,3,8.88703630589505,3
"4884",123,7.3884686747333,4,-5.99128436522508,3
"4885",123,7.3884686747333,5,-29.0641034354868,3
"4886",123,8.14029426511843,1,13.9407625450255,3
"4887",123,8.14029426511843,2,-20.1070138420123,3
"4888",123,8.14029426511843,3,3.42051022396663,3
"4889",123,8.14029426511843,4,8.78635239802296,3
"4890",123,8.14029426511843,5,-7.84898303386158,3
"4891",123,9.23826946387999,1,18.2521997762437,3
"4892",123,9.23826946387999,2,-29.7996134009923,3
"4893",123,9.23826946387999,3,9.78116890884596,3
"4894",123,9.23826946387999,4,6.18773095762498,3
"4895",123,9.23826946387999,5,-4.15959481191726,3
"4896",124,0,1,7.01313016452322,3
"4897",124,0,2,16.6342954609034,3
"4898",124,0,3,-8.04296846578582,3
"4899",124,0,4,5.98568909245807,3
"4900",124,0,5,15.2496142440472,3
"4901",124,0.82574428350199,1,-4.46180401007806,3
"4902",124,0.82574428350199,2,-12.8948659349436,3
"4903",124,0.82574428350199,3,20.467710845706,3
"4904",124,0.82574428350199,4,-3.90222159408754,3
"4905",124,0.82574428350199,5,23.633980441473,3
"4906",124,3.491077931365,1,-1.15319123279685,3
"4907",124,3.491077931365,2,-7.08891270744855,3
"4908",124,3.491077931365,3,30.0955918086027,3
"4909",124,3.491077931365,4,29.5556308885392,3
"4910",124,3.491077931365,5,-8.41096684765275,3
"4911",124,4.09598198789172,1,19.6219267314912,3
"4912",124,4.09598198789172,2,-10.9425205777118,3
"4913",124,4.09598198789172,3,10.7505363578947,3
"4914",124,4.09598198789172,4,-1.66421697440892,3
"4915",124,4.09598198789172,5,-2.31111498270292,3
"4916",124,6.48050494212657,1,5.03803833058324,3
"4917",124,6.48050494212657,2,-21.4475824383917,3
"4918",124,6.48050494212657,3,17.2972673387864,3
"4919",124,6.48050494212657,4,12.6407276406594,3
"4920",124,6.48050494212657,5,20.5234108193554,3
"4921",124,7.31209315161686,1,-7.75976818767646,3
"4922",124,7.31209315161686,2,-19.2922454830225,3
"4923",124,7.31209315161686,3,-3.59448262929287,3
"4924",124,7.31209315161686,4,3.47696504337499,3
"4925",124,7.31209315161686,5,-15.2225291141678,3
"4926",124,7.8796852681553,1,0.695526805694742,3
"4927",124,7.8796852681553,2,-12.9423277053959,3
"4928",124,7.8796852681553,3,5.87372857806861,3
"4929",124,7.8796852681553,4,4.07357460477102,3
"4930",124,7.8796852681553,5,21.6495212401725,3
"4931",124,7.98533855902497,1,-15.6703013256987,3
"4932",124,7.98533855902497,2,-34.4488360405585,3
"4933",124,7.98533855902497,3,10.8460760564652,3
"4934",124,7.98533855902497,4,6.68061585563617,3
"4935",124,7.98533855902497,5,-1.83917148254546,3
"4936",124,10.4060067929095,1,-7.35260265078818,3
"4937",124,10.4060067929095,2,-14.5064943575221,3
"4938",124,10.4060067929095,3,-3.41712030064905,3
"4939",124,10.4060067929095,4,20.5273198355795,3
"4940",124,10.4060067929095,5,3.73935871007714,3
"4941",125,0,1,3.25542137163538,3
"4942",125,0,2,-0.964451689076723,3
"4943",125,0,3,0.233714664463111,3
"4944",125,0,4,-14.2699843118881,3
"4945",125,0,5,10.0647961570025,3
"4946",125,1.20970273867715,1,-4.7139379456184,3
"4947",125,1.20970273867715,2,-13.7065008567833,3
"4948",125,1.20970273867715,3,-5.40130015309949,3
"4949",125,1.20970273867715,4,-3.55294877303093,3
"4950",125,1.20970273867715,5,25.6113043647304,3
"4951",125,1.48141828749795,1,-22.4314640595273,3
"4952",125,1.48141828749795,2,-36.4849874758917,3
"4953",125,1.48141828749795,3,10.5878504263881,3
"4954",125,1.48141828749795,4,-5.35701262920691,3
"4955",125,1.48141828749795,5,-6.66161203976794,3
"4956",125,1.73150465439539,1,-12.3072827187492,3
"4957",125,1.73150465439539,2,-22.0699295226629,3
"4958",125,1.73150465439539,3,8.00535404004854,3
"4959",125,1.73150465439539,4,9.77771407736205,3
"4960",125,1.73150465439539,5,-1.88429927174393,3
"4961",125,2.31122767587658,1,-20.4543114022827,3
"4962",125,2.31122767587658,2,-13.4853748470437,3
"4963",125,2.31122767587658,3,-7.41587840023415,3
"4964",125,2.31122767587658,4,11.870022772673,3
"4965",125,2.31122767587658,5,0.939262929399554,3
"4966",125,2.42339949461166,1,4.13929670922541,3
"4967",125,2.42339949461166,2,-38.8529807016344,3
"4968",125,2.42339949461166,3,-2.14221298741404,3
"4969",125,2.42339949461166,4,11.6766307780824,3
"4970",125,2.42339949461166,5,-10.2523477245677,3
"4971",125,3.1083792388672,1,-7.09899230317605,3
"4972",125,3.1083792388672,2,-24.4965295465183,3
"4973",125,3.1083792388672,3,-18.3929762284372,3
"4974",125,3.1083792388672,4,-9.22413012351177,3
"4975",125,3.1083792388672,5,-10.0263972499866,3
"4976",125,4.25823851081077,1,3.12832564774034,3
"4977",125,4.25823851081077,2,-30.7542629621181,3
"4978",125,4.25823851081077,3,-23.5590412536315,3
"4979",125,4.25823851081077,4,-7.49846362024186,3
"4980",125,4.25823851081077,5,-22.4536689593253,3
"4981",125,4.91270870936569,1,-3.1876945366497,3
"4982",125,4.91270870936569,2,-28.3826265807862,3
"4983",125,4.91270870936569,3,-7.08071892742853,3
"4984",125,4.91270870936569,4,-4.50722189872368,3
"4985",125,4.91270870936569,5,0.758411600858823,3
"4986",125,5.76580011693295,1,4.04757373819395,3
"4987",125,5.76580011693295,2,-32.3330732324229,3
"4988",125,5.76580011693295,3,-23.9070916766654,3
"4989",125,5.76580011693295,4,-18.3976615475172,3
"4990",125,5.76580011693295,5,5.84076937646014,3
"4991",125,6.67219808592927,1,-14.3903445507291,3
"4992",125,6.67219808592927,2,-21.7530544711589,3
"4993",125,6.67219808592927,3,2.62352535395525,3
"4994",125,6.67219808592927,4,-4.93987899453417,3
"4995",125,6.67219808592927,5,-19.2964077589286,3
"4996",125,9.91353296709713,1,-7.6174962029914,3
"4997",125,9.91353296709713,2,-20.097892529672,3
"4998",125,9.91353296709713,3,-4.15138035158737,3
"4999",125,9.91353296709713,4,6.60258536472344,3
"5000",125,9.91353296709713,5,-5.31464292435004,3
"5001",126,0,1,-6.01428592645313,3
"5002",126,0,2,-3.68295973868218,3
"5003",126,0,3,-9.06063510978335,3
"5004",126,0,4,-5.9565352756699,3
"5005",126,0,5,-17.9426941474796,3
"5006",126,4.41299995686859,1,7.22261777031563,3
"5007",126,4.41299995686859,2,-23.5630270827408,3
"5008",126,4.41299995686859,3,-10.8078659540821,3
"5009",126,4.41299995686859,4,9.93220653979657,3
"5010",126,4.41299995686859,5,-11.5902436758964,3
"5011",126,4.81464272004087,1,10.2036419045427,3
"5012",126,4.81464272004087,2,-10.6538765927143,3
"5013",126,4.81464272004087,3,-8.46838479762432,3
"5014",126,4.81464272004087,4,10.9090588465089,3
"5015",126,4.81464272004087,5,14.5108805454185,3
"5016",126,4.84088925772812,1,-6.80500363547245,3
"5017",126,4.84088925772812,2,-34.1246000050228,3
"5018",126,4.84088925772812,3,-6.07412152795557,3
"5019",126,4.84088925772812,4,0.700991859093562,3
"5020",126,4.84088925772812,5,-32.7805613568017,3
"5021",126,6.16556210187264,1,14.9753865715242,3
"5022",126,6.16556210187264,2,-45.3477480507113,3
"5023",126,6.16556210187264,3,-10.1613260678828,3
"5024",126,6.16556210187264,4,-7.23254476654545,3
"5025",126,6.16556210187264,5,1.01145536891904,3
"5026",126,7.05174429994076,1,1.60042613410244,3
"5027",126,7.05174429994076,2,-21.4979038290818,3
"5028",126,7.05174429994076,3,-5.67008882115633,3
"5029",126,7.05174429994076,4,0.00482203203853851,3
"5030",126,7.05174429994076,5,-5.62863335703501,3
"5031",126,7.87554739322513,1,-13.5333472625253,3
"5032",126,7.87554739322513,2,-24.3213038298924,3
"5033",126,7.87554739322513,3,-1.01373919021604,3
"5034",126,7.87554739322513,4,-20.1809232449925,3
"5035",126,7.87554739322513,5,-26.8202997199138,3
"5036",126,8.97672241984401,1,-9.34439539533368,3
"5037",126,8.97672241984401,2,-22.8186132720493,3
"5038",126,8.97672241984401,3,8.04272454846101,3
"5039",126,8.97672241984401,4,-16.0795003183399,3
"5040",126,8.97672241984401,5,-15.9553583900023,3
"5041",126,9.64949349744711,1,-14.0280987520023,3
"5042",126,9.64949349744711,2,-41.5166759056724,3
"5043",126,9.64949349744711,3,-14.7508243518731,3
"5044",126,9.64949349744711,4,-18.5686632154652,3
"5045",126,9.64949349744711,5,-18.2509131150984,3
"5046",126,10.1425307313912,1,11.7966556084994,3
"5047",126,10.1425307313912,2,-28.4242291095842,3
"5048",126,10.1425307313912,3,-0.99392274695965,3
"5049",126,10.1425307313912,4,4.37377183608011,3
"5050",126,10.1425307313912,5,-4.32722078300981,3
"5051",126,10.934890950215,1,2.57409643019199,3
"5052",126,10.934890950215,2,-19.6660134400862,3
"5053",126,10.934890950215,3,5.44326085071956,3
"5054",126,10.934890950215,4,-2.83503932250929,3
"5055",126,10.934890950215,5,-12.2160693590673,3
"5056",126,10.9846929272171,1,-9.43509862518079,3
"5057",126,10.9846929272171,2,-30.5550095945031,3
"5058",126,10.9846929272171,3,-4.08848596064533,3
"5059",126,10.9846929272171,4,8.31796024445254,3
"5060",126,10.9846929272171,5,-15.2405341600377,3
"5061",127,0,1,-0.681868362927784,3
"5062",127,0,2,-12.3578340479646,3
"5063",127,0,3,16.4304291712101,3
"5064",127,0,4,-15.7315901931253,3
"5065",127,0,5,-16.3036545902733,3
"5066",127,6.70950124692172,1,-12.1954472846658,3
"5067",127,6.70950124692172,2,-27.022033052075,3
"5068",127,6.70950124692172,3,28.2592615269005,3
"5069",127,6.70950124692172,4,3.83680785985933,3
"5070",127,6.70950124692172,5,-3.86285215136511,3
"5071",127,8.90818455000408,1,8.26113501179151,3
"5072",127,8.90818455000408,2,-7.23845922532562,3
"5073",127,8.90818455000408,3,19.404136471508,3
"5074",127,8.90818455000408,4,3.82726871142485,3
"5075",127,8.90818455000408,5,-1.24051732064026,3
"5076",127,10.8822250232333,1,0.144881828510061,3
"5077",127,10.8822250232333,2,-12.8970627906295,3
"5078",127,10.8822250232333,3,-4.47840733810721,3
"5079",127,10.8822250232333,4,23.9051484752684,3
"5080",127,10.8822250232333,5,7.59960399519678,3
"5081",128,0,1,-0.921013828448529,3
"5082",128,0,2,0.0566372698045072,3
"5083",128,0,3,-9.02272408691685,3
"5084",128,0,4,9.12556079415225,3
"5085",128,0,5,-6.17396965760651,3
"5086",128,0.799023298663087,1,10.4332108726408,3
"5087",128,0.799023298663087,2,-11.6918484590578,3
"5088",128,0.799023298663087,3,6.91334422536094,3
"5089",128,0.799023298663087,4,-3.34600379314829,3
"5090",128,0.799023298663087,5,-10.589610751806,3
"5091",128,1.77734963654075,1,9.9599232296932,3
"5092",128,1.77734963654075,2,-2.54716918232368,3
"5093",128,1.77734963654075,3,-16.3642070592976,3
"5094",128,1.77734963654075,4,-5.31132775453835,3
"5095",128,1.77734963654075,5,-7.38280041862374,3
"5096",128,2.28414725582115,1,20.7262066417247,3
"5097",128,2.28414725582115,2,-21.8967958900973,3
"5098",128,2.28414725582115,3,7.42649190597751,3
"5099",128,2.28414725582115,4,14.4375833867542,3
"5100",128,2.28414725582115,5,0.912291411049446,3
"5101",128,3.57057671365328,1,0.0119379440914233,3
"5102",128,3.57057671365328,2,-30.5698973752814,3
"5103",128,3.57057671365328,3,-16.5215235499856,3
"5104",128,3.57057671365328,4,2.53808597095859,3
"5105",128,3.57057671365328,5,-16.8122577949142,3
"5106",128,4.14323364582378,1,12.1686717319321,3
"5107",128,4.14323364582378,2,-18.2845071714146,3
"5108",128,4.14323364582378,3,7.41457035959926,3
"5109",128,4.14323364582378,4,21.6817730738717,3
"5110",128,4.14323364582378,5,-8.25001315776352,3
"5111",128,5.12481815728825,1,-7.2823206963693,3
"5112",128,5.12481815728825,2,-18.8317257476918,3
"5113",128,5.12481815728825,3,-11.462308766081,3
"5114",128,5.12481815728825,4,13.4288846088044,3
"5115",128,5.12481815728825,5,-15.9500866886195,3
"5116",128,8.37390119535848,1,1.46209471329449,3
"5117",128,8.37390119535848,2,-21.3447461308357,3
"5118",128,8.37390119535848,3,6.94956051422591,3
"5119",128,8.37390119535848,4,3.16325746456337,3
"5120",128,8.37390119535848,5,-12.3222624328496,3
"5121",128,10.0307420054451,1,13.0054730610762,3
"5122",128,10.0307420054451,2,-10.3900625617229,3
"5123",128,10.0307420054451,3,6.32289218539232,3
"5124",128,10.0307420054451,4,3.87017743782269,3
"5125",128,10.0307420054451,5,3.6066698162223,3
"5126",128,10.3027701094979,1,-1.02955710311711,3
"5127",128,10.3027701094979,2,-25.7385664752753,3
"5128",128,10.3027701094979,3,-2.44516002504892,3
"5129",128,10.3027701094979,4,11.0678526600296,3
"5130",128,10.3027701094979,5,2.39611146187793,3
"5131",129,0,1,-9.20628181059386,3
"5132",129,0,2,3.42589066394168,3
"5133",129,0,3,-1.80761551103299,3
"5134",129,0,4,-6.43358128971503,3
"5135",129,0,5,-8.0026141026402,3
"5136",129,0.94065180211328,1,-5.86000860333089,3
"5137",129,0.94065180211328,2,-17.3520547301593,3
"5138",129,0.94065180211328,3,-11.4396268628406,3
"5139",129,0.94065180211328,4,-7.9115423465392,3
"5140",129,0.94065180211328,5,-12.3499961601078,3
"5141",129,1.58836298552342,1,-4.08082353826703,3
"5142",129,1.58836298552342,2,9.76643574685475,3
"5143",129,1.58836298552342,3,10.4029022381381,3
"5144",129,1.58836298552342,4,-0.57966902447343,3
"5145",129,1.58836298552342,5,-10.2541083070149,3
"5146",129,2.14814804447815,1,0.973138543511674,3
"5147",129,2.14814804447815,2,-6.76410677794906,3
"5148",129,2.14814804447815,3,-27.1945923680095,3
"5149",129,2.14814804447815,4,-7.57962851074952,3
"5150",129,2.14814804447815,5,0.189385709698698,3
"5151",129,3.28926371771377,1,-40.952466744404,3
"5152",129,3.28926371771377,2,-20.1755636922088,3
"5153",129,3.28926371771377,3,-13.6189631647468,3
"5154",129,3.28926371771377,4,-3.49807273389854,3
"5155",129,3.28926371771377,5,3.73926842492657,3
"5156",129,4.86685932183173,1,-5.61554153853677,3
"5157",129,4.86685932183173,2,-20.525580785338,3
"5158",129,4.86685932183173,3,8.91379760986161,3
"5159",129,4.86685932183173,4,-7.29458580419763,3
"5160",129,4.86685932183173,5,-6.25549099701793,3
"5161",129,4.88614772178698,1,4.28630045104532,3
"5162",129,4.88614772178698,2,-17.1272813291992,3
"5163",129,4.88614772178698,3,5.64963488113472,3
"5164",129,4.88614772178698,4,2.09372306495832,3
"5165",129,4.88614772178698,5,-8.93357526722094,3
"5166",129,8.22865758894477,1,-4.73469788759036,3
"5167",129,8.22865758894477,2,-31.8942673811718,3
"5168",129,8.22865758894477,3,-3.47714784240896,3
"5169",129,8.22865758894477,4,5.20995104466411,3
"5170",129,8.22865758894477,5,-38.1044089958899,3
"5171",130,0,1,9.79671196895522,3
"5172",130,0,2,5.76690741991488,3
"5173",130,0,3,23.5937605953257,3
"5174",130,0,4,20.8325045929114,3
"5175",130,0,5,18.2273544963042,3
"5176",130,2.06529682257678,1,-1.90411481735967,3
"5177",130,2.06529682257678,2,-8.05143125607172,3
"5178",130,2.06529682257678,3,5.85088273739125,3
"5179",130,2.06529682257678,4,-0.645368372576323,3
"5180",130,2.06529682257678,5,-1.9890966732384,3
"5181",130,4.26296887628268,1,-3.76226651831902,3
"5182",130,4.26296887628268,2,-22.4543811082664,3
"5183",130,4.26296887628268,3,10.666339341317,3
"5184",130,4.26296887628268,4,17.2182634880805,3
"5185",130,4.26296887628268,5,-11.3725664803585,3
"5186",130,8.82284205639735,1,17.39760537362,3
"5187",130,8.82284205639735,2,-4.17665853283422,3
"5188",130,8.82284205639735,3,23.1453161734512,3
"5189",130,8.82284205639735,4,9.84386649575245,3
"5190",130,8.82284205639735,5,-18.1645919762802,3
"5191",130,10.7615328577813,1,4.33367874932539,3
"5192",130,10.7615328577813,2,-9.66053409745157,3
"5193",130,10.7615328577813,3,15.6974430967573,3
"5194",130,10.7615328577813,4,9.67273069762657,3
"5195",130,10.7615328577813,5,-8.18426233457548,3
"5196",131,0,1,3.02049332050749,3
"5197",131,0,2,15.7628804663237,3
"5198",131,0,3,11.9131652821895,3
"5199",131,0,4,-8.48686733740007,3
"5200",131,0,5,-1.90876698946062,3
"5201",131,2.03056007181294,1,-3.86320495549153,3
"5202",131,2.03056007181294,2,-5.4476782443007,3
"5203",131,2.03056007181294,3,-3.23579044610898,3
"5204",131,2.03056007181294,4,-13.0027848966026,3
"5205",131,2.03056007181294,5,-28.3679780150272,3
"5206",131,2.04414458631072,1,10.0813467120456,3
"5207",131,2.04414458631072,2,-14.4404271229669,3
"5208",131,2.04414458631072,3,-6.36221897910465,3
"5209",131,2.04414458631072,4,0.365092757497571,3
"5210",131,2.04414458631072,5,-3.02879497056522,3
"5211",131,4.14674780867063,1,-6.47481514617813,3
"5212",131,4.14674780867063,2,-9.9428944062344,3
"5213",131,4.14674780867063,3,2.43445675535289,3
"5214",131,4.14674780867063,4,11.0046534126212,3
"5215",131,4.14674780867063,5,-0.697877840859386,3
"5216",131,5.87983548594639,1,-0.532601489559602,3
"5217",131,5.87983548594639,2,-26.127243225526,3
"5218",131,5.87983548594639,3,21.5240242553602,3
"5219",131,5.87983548594639,4,5.89393723582962,3
"5220",131,5.87983548594639,5,-6.1007340860067,3
"5221",132,0,1,0.624370256415925,3
"5222",132,0,2,0.385988315030236,3
"5223",132,0,3,11.9564219994968,3
"5224",132,0,4,28.2944298784335,3
"5225",132,0,5,11.9379625510385,3
"5226",132,4.58117423683871,1,-1.58266992170422,3
"5227",132,4.58117423683871,2,-13.7614468465101,3
"5228",132,4.58117423683871,3,2.73152450426875,3
"5229",132,4.58117423683871,4,-0.710133828597161,3
"5230",132,4.58117423683871,5,-20.341391601193,3
"5231",132,7.20543342991732,1,18.2382004237311,3
"5232",132,7.20543342991732,2,-8.64624615646332,3
"5233",132,7.20543342991732,3,27.2411049230698,3
"5234",132,7.20543342991732,4,-2.76552270426996,3
"5235",132,7.20543342991732,5,-4.01908243892655,3
"5236",132,8.50446938886307,1,-7.9553894904948,3
"5237",132,8.50446938886307,2,-59.1563021351587,3
"5238",132,8.50446938886307,3,6.7202760691874,3
"5239",132,8.50446938886307,4,3.00199708839693,3
"5240",132,8.50446938886307,5,-15.1209601898862,3
"5241",132,10.3628705966985,1,5.9436800360642,3
"5242",132,10.3628705966985,2,-11.9099963315588,3
"5243",132,10.3628705966985,3,2.72233368077529,3
"5244",132,10.3628705966985,4,22.7614886815971,3
"5245",132,10.3628705966985,5,-7.76634474149534,3
"5246",133,0,1,0.772297301377583,3
"5247",133,0,2,0.265011114824284,3
"5248",133,0,3,16.3665368527197,3
"5249",133,0,4,-5.07207361705377,3
"5250",133,0,5,-7.49513641539895,3
"5251",133,1.32628475967795,1,-18.8906662492754,3
"5252",133,1.32628475967795,2,-7.07084989884025,3
"5253",133,1.32628475967795,3,-6.7332276662885,3
"5254",133,1.32628475967795,4,-14.8858478504166,3
"5255",133,1.32628475967795,5,-11.3178578601401,3
"5256",133,2.13418878102675,1,-12.9016367614098,3
"5257",133,2.13418878102675,2,-33.1779940655282,3
"5258",133,2.13418878102675,3,4.65648330339923,3
"5259",133,2.13418878102675,4,0.606302820177117,3
"5260",133,2.13418878102675,5,-12.1368134989519,3
"5261",133,3.18850835843477,1,-19.9557365511192,3
"5262",133,3.18850835843477,2,-25.333652567505,3
"5263",133,3.18850835843477,3,-3.456100402568,3
"5264",133,3.18850835843477,4,5.10658325883556,3
"5265",133,3.18850835843477,5,-12.8102012157864,3
"5266",133,3.8165473327972,1,-19.6150129927668,3
"5267",133,3.8165473327972,2,-19.5008000799124,3
"5268",133,3.8165473327972,3,0.287549076123975,3
"5269",133,3.8165473327972,4,11.181916461931,3
"5270",133,3.8165473327972,5,14.2447031949871,3
"5271",133,4.56180394848343,1,-16.4343772508267,3
"5272",133,4.56180394848343,2,-24.2853589641927,3
"5273",133,4.56180394848343,3,12.7190105768055,3
"5274",133,4.56180394848343,4,5.90594817111088,3
"5275",133,4.56180394848343,5,-2.42841270358464,3
"5276",133,5.5093051319709,1,-7.73541313039362,3
"5277",133,5.5093051319709,2,-23.1616904121818,3
"5278",133,5.5093051319709,3,2.31769900013017,3
"5279",133,5.5093051319709,4,-24.4867248656001,3
"5280",133,5.5093051319709,5,4.21473842084157,3
"5281",133,5.5274315996794,1,0.116635396641391,3
"5282",133,5.5274315996794,2,-43.0821511599689,3
"5283",133,5.5274315996794,3,17.629434635372,3
"5284",133,5.5274315996794,4,25.3837386137007,3
"5285",133,5.5274315996794,5,-5.42791179393506,3
"5286",133,7.6641578351846,1,6.21248579766808,3
"5287",133,7.6641578351846,2,-21.5609262657655,3
"5288",133,7.6641578351846,3,0.502195323740776,3
"5289",133,7.6641578351846,4,5.40517667482924,3
"5290",133,7.6641578351846,5,-17.6898681974023,3
"5291",133,8.30942578078248,1,-7.13866163138941,3
"5292",133,8.30942578078248,2,-16.000915958589,3
"5293",133,8.30942578078248,3,0.0869291546040885,3
"5294",133,8.30942578078248,4,-0.966318988381015,3
"5295",133,8.30942578078248,5,-2.55843477694523,3
"5296",133,9.98576374805998,1,-26.1887260552809,3
"5297",133,9.98576374805998,2,-16.1050101299135,3
"5298",133,9.98576374805998,3,-10.5094466883308,3
"5299",133,9.98576374805998,4,7.27615000605569,3
"5300",133,9.98576374805998,5,-10.6784831143947,3
"5301",134,0,1,0.433598302935451,3
"5302",134,0,2,0.539576878111145,3
"5303",134,0,3,-3.55667648633143,3
"5304",134,0,4,-16.5235308950192,3
"5305",134,0,5,-4.71649830913682,3
"5306",134,7.23506758676376,1,21.2540252811641,3
"5307",134,7.23506758676376,2,-30.330897220273,3
"5308",134,7.23506758676376,3,-5.25674304549888,3
"5309",134,7.23506758676376,4,19.9192084517303,3
"5310",134,7.23506758676376,5,2.43184935673209,3
"5311",134,7.42582832835615,1,-18.2904861681644,3
"5312",134,7.42582832835615,2,-31.3892445747644,3
"5313",134,7.42582832835615,3,-14.961021198108,3
"5314",134,7.42582832835615,4,3.35496903475496,3
"5315",134,7.42582832835615,5,-16.5269876477766,3
"5316",134,10.0691575588426,1,-8.11986365779292,3
"5317",134,10.0691575588426,2,-12.7506157692922,3
"5318",134,10.0691575588426,3,5.40175052949835,3
"5319",134,10.0691575588426,4,32.356371888924,3
"5320",134,10.0691575588426,5,-15.2535130735129,3
"5321",134,10.2889135316946,1,-6.40989991086132,3
"5322",134,10.2889135316946,2,-23.1634983601622,3
"5323",134,10.2889135316946,3,-26.1895603833469,3
"5324",134,10.2889135316946,4,17.4181951318008,3
"5325",134,10.2889135316946,5,-5.70551127925561,3
"5326",135,0,1,27.6251729898735,3
"5327",135,0,2,11.7730643972519,3
"5328",135,0,3,-4.02372196847385,3
"5329",135,0,4,11.2403160021716,3
"5330",135,0,5,2.25536865287598,3
"5331",135,2.09938158316072,1,-7.96449092943862,3
"5332",135,2.09938158316072,2,8.38043409509711,3
"5333",135,2.09938158316072,3,12.845191867517,3
"5334",135,2.09938158316072,4,13.2798821222916,3
"5335",135,2.09938158316072,5,-27.5092511502546,3
"5336",135,2.3142356761964,1,-6.87851975492287,3
"5337",135,2.3142356761964,2,3.49853265215519,3
"5338",135,2.3142356761964,3,-8.43304583897568,3
"5339",135,2.3142356761964,4,12.6073735051797,3
"5340",135,2.3142356761964,5,-0.872938593526481,3
"5341",135,2.651775764185,1,-6.08735795244784,3
"5342",135,2.651775764185,2,-20.0880145641872,3
"5343",135,2.651775764185,3,-20.259260377901,3
"5344",135,2.651775764185,4,-1.32677907869573,3
"5345",135,2.651775764185,5,-18.910460417262,3
"5346",135,3.41531006095465,1,-1.8699974971014,3
"5347",135,3.41531006095465,2,-24.3886135266489,3
"5348",135,3.41531006095465,3,-12.0732079612609,3
"5349",135,3.41531006095465,4,-7.27931436065426,3
"5350",135,3.41531006095465,5,-1.96267610118468,3
"5351",135,4.49682819715235,1,2.22402451576215,3
"5352",135,4.49682819715235,2,-29.1600995530609,3
"5353",135,4.49682819715235,3,-13.1830816792335,3
"5354",135,4.49682819715235,4,10.7624417777452,3
"5355",135,4.49682819715235,5,-9.25587790187985,3
"5356",135,5.04328924138099,1,-3.66185749982968,3
"5357",135,5.04328924138099,2,-12.3788329453673,3
"5358",135,5.04328924138099,3,18.9865275900159,3
"5359",135,5.04328924138099,4,15.5699811997701,3
"5360",135,5.04328924138099,5,3.36363243261299,3
"5361",135,5.58396514004562,1,-16.9940597264418,3
"5362",135,5.58396514004562,2,-18.0268815210417,3
"5363",135,5.58396514004562,3,4.36546662309829,3
"5364",135,5.58396514004562,4,20.2909006950724,3
"5365",135,5.58396514004562,5,0.392150799475122,3
"5366",135,5.84574163833167,1,14.2019978020017,3
"5367",135,5.84574163833167,2,-19.6864310096739,3
"5368",135,5.84574163833167,3,-0.274219131297129,3
"5369",135,5.84574163833167,4,3.77932368325014,3
"5370",135,5.84574163833167,5,-0.000365437717974704,3
"5371",135,9.06717055593617,1,-15.9275503512525,3
"5372",135,9.06717055593617,2,-1.09829503518912,3
"5373",135,9.06717055593617,3,-11.1020370467894,3
"5374",135,9.06717055593617,4,6.22456514433527,3
"5375",135,9.06717055593617,5,-7.59517530378642,3
"5376",136,0,1,-6.98707320315393,3
"5377",136,0,2,-8.10159267293703,3
"5378",136,0,3,-16.4552722827844,3
"5379",136,0,4,-0.0444692067876753,3
"5380",136,0,5,1.41105649696648,3
"5381",136,5.9577831045026,1,-5.10152815459051,3
"5382",136,5.9577831045026,2,-27.2524810748501,3
"5383",136,5.9577831045026,3,-4.45441370223999,3
"5384",136,5.9577831045026,4,1.23132320809419,3
"5385",136,5.9577831045026,5,-26.3386759940083,3
"5386",136,6.36204409133643,1,-33.7209195606972,3
"5387",136,6.36204409133643,2,-45.2173571645197,3
"5388",136,6.36204409133643,3,-22.2306944546119,3
"5389",136,6.36204409133643,4,17.1797876979791,3
"5390",136,6.36204409133643,5,-10.7706939966643,3
"5391",136,8.49652364465874,1,-12.487809842967,3
"5392",136,8.49652364465874,2,-32.5435998575105,3
"5393",136,8.49652364465874,3,-2.31017609448009,3
"5394",136,8.49652364465874,4,10.5423668318417,3
"5395",136,8.49652364465874,5,-26.2045753283615,3
"5396",136,10.0751702371053,1,-12.6200454319855,3
"5397",136,10.0751702371053,2,-36.8294294474648,3
"5398",136,10.0751702371053,3,-6.01596975180018,3
"5399",136,10.0751702371053,4,-21.9746058079583,3
"5400",136,10.0751702371053,5,-18.4836757641369,3
"5401",136,10.5243327904027,1,-9.83673666388645,3
"5402",136,10.5243327904027,2,-37.043107053898,3
"5403",136,10.5243327904027,3,25.6396860592489,3
"5404",136,10.5243327904027,4,36.3041864907712,3
"5405",136,10.5243327904027,5,5.55091695116241,3
"5406",137,0,1,-24.1156527948014,3
"5407",137,0,2,-8.07534446586254,3
"5408",137,0,3,-2.41552604363489,3
"5409",137,0,4,8.67329817539869,3
"5410",137,0,5,4.50896199051106,3
"5411",137,0.688642219058238,1,7.72023605257466,3
"5412",137,0.688642219058238,2,21.4428871473625,3
"5413",137,0.688642219058238,3,-5.34198741933631,3
"5414",137,0.688642219058238,4,-11.6471274379792,3
"5415",137,0.688642219058238,5,0.308158662988829,3
"5416",137,1.07265727932099,1,7.48439918662091,3
"5417",137,1.07265727932099,2,3.61883864717137,3
"5418",137,1.07265727932099,3,13.4637340621737,3
"5419",137,1.07265727932099,4,-0.639448063626906,3
"5420",137,1.07265727932099,5,-16.1739526988194,3
"5421",137,1.88414774416015,1,13.7012717444516,3
"5422",137,1.88414774416015,2,8.86529612646303,3
"5423",137,1.88414774416015,3,-13.0961902457472,3
"5424",137,1.88414774416015,4,-3.26434598909192,3
"5425",137,1.88414774416015,5,-1.10345764373969,3
"5426",137,4.83027449343354,1,5.41717848193756,3
"5427",137,4.83027449343354,2,-0.88125526350764,3
"5428",137,4.83027449343354,3,-17.880913004616,3
"5429",137,4.83027449343354,4,8.25089608984629,3
"5430",137,4.83027449343354,5,3.51725746275042,3
"5431",137,6.94044687016867,1,-0.239625666080912,3
"5432",137,6.94044687016867,2,-18.6076824805852,3
"5433",137,6.94044687016867,3,-13.6186407603874,3
"5434",137,6.94044687016867,4,-11.7750731052582,3
"5435",137,6.94044687016867,5,-11.1717474502499,3
"5436",137,7.23517565079965,1,-13.229824083994,3
"5437",137,7.23517565079965,2,-25.315239809286,3
"5438",137,7.23517565079965,3,9.13615877937893,3
"5439",137,7.23517565079965,4,19.1539418803357,3
"5440",137,7.23517565079965,5,2.56182344230719,3
"5441",137,10.0598189490847,1,-16.3551096509968,3
"5442",137,10.0598189490847,2,-4.29097116218773,3
"5443",137,10.0598189490847,3,0.0803032036894151,3
"5444",137,10.0598189490847,4,9.68832088343406,3
"5445",137,10.0598189490847,5,3.18199378224772,3
"5446",137,10.358545013587,1,4.98171692782006,3
"5447",137,10.358545013587,2,-7.14155428096332,3
"5448",137,10.358545013587,3,18.3185156449161,3
"5449",137,10.358545013587,4,12.029548667313,3
"5450",137,10.358545013587,5,-8.05033489414156,3
"5451",138,0,1,19.3130546119697,3
"5452",138,0,2,3.66870685693943,3
"5453",138,0,3,2.07003247184971,3
"5454",138,0,4,10.7565679123708,3
"5455",138,0,5,-8.10588280250567,3
"5456",138,1.57242161012255,1,5.56824223744707,3
"5457",138,1.57242161012255,2,-31.36213892363,3
"5458",138,1.57242161012255,3,-2.84246584668146,3
"5459",138,1.57242161012255,4,-23.2831261500141,3
"5460",138,1.57242161012255,5,-21.379336502816,3
"5461",138,3.32561372569762,1,9.21877871884876,3
"5462",138,3.32561372569762,2,-19.4564838143826,3
"5463",138,3.32561372569762,3,-5.96497185040251,3
"5464",138,3.32561372569762,4,6.16111650178602,3
"5465",138,3.32561372569762,5,-20.2637405936743,3
"5466",138,6.45299574232195,1,5.11487001311799,3
"5467",138,6.45299574232195,2,-22.2696067304359,3
"5468",138,6.45299574232195,3,-18.4705273178261,3
"5469",138,6.45299574232195,4,-11.1955449592772,3
"5470",138,6.45299574232195,5,-22.0813847879183,3
"5471",138,10.5248006368056,1,10.4798006154281,3
"5472",138,10.5248006368056,2,-25.5787238682877,3
"5473",138,10.5248006368056,3,-13.5150934420317,3
"5474",138,10.5248006368056,4,-13.0089796839381,3
"5475",138,10.5248006368056,5,-21.9552955811691,3
"5476",138,10.9853873455431,1,7.85558382742013,3
"5477",138,10.9853873455431,2,-2.97427033924879,3
"5478",138,10.9853873455431,3,-7.86610563509389,3
"5479",138,10.9853873455431,4,-1.620858260774,3
"5480",138,10.9853873455431,5,-11.0239423499247,3
"5481",139,0,1,24.139944384257,3
"5482",139,0,2,-24.6862471047274,3
"5483",139,0,3,4.49183150423662,3
"5484",139,0,4,-2.61894530995445,3
"5485",139,0,5,0.113347726109016,3
"5486",139,1.08968623075634,1,-11.6651883180449,3
"5487",139,1.08968623075634,2,-9.76930763661722,3
"5488",139,1.08968623075634,3,5.18205199657914,3
"5489",139,1.08968623075634,4,-0.82247477784515,3
"5490",139,1.08968623075634,5,7.98814531068007,3
"5491",139,1.99773297144566,1,11.18998455953,3
"5492",139,1.99773297144566,2,-7.55862326841483,3
"5493",139,1.99773297144566,3,11.5811325526335,3
"5494",139,1.99773297144566,4,4.96897428116626,3
"5495",139,1.99773297144566,5,6.45350940022338,3
"5496",139,2.07520464912523,1,-3.77492971472645,3
"5497",139,2.07520464912523,2,-7.65273918049019,3
"5498",139,2.07520464912523,3,8.63609996090649,3
"5499",139,2.07520464912523,4,-17.5458364427854,3
"5500",139,2.07520464912523,5,4.51302510112341,3
"5501",139,4.04813371272758,1,2.00225160935556,3
"5502",139,4.04813371272758,2,-1.45135347568034,3
"5503",139,4.04813371272758,3,6.36569299727375,3
"5504",139,4.04813371272758,4,-4.82078699082324,3
"5505",139,4.04813371272758,5,-0.151430576455678,3
"5506",139,7.7792010725243,1,-1.91752311300504,3
"5507",139,7.7792010725243,2,-29.996368406368,3
"5508",139,7.7792010725243,3,5.52302232605705,3
"5509",139,7.7792010725243,4,26.6292938027345,3
"5510",139,7.7792010725243,5,10.1792958252165,3
"5511",139,10.0776078471681,1,-7.38102701942376,3
"5512",139,10.0776078471681,2,-14.0029686608713,3
"5513",139,10.0776078471681,3,-0.281203567650908,3
"5514",139,10.0776078471681,4,17.0949771618922,3
"5515",139,10.0776078471681,5,-19.3815153736689,3
"5516",139,10.2140235193074,1,-0.301914773098551,3
"5517",139,10.2140235193074,2,-6.3809441359998,3
"5518",139,10.2140235193074,3,-5.29820883165192,3
"5519",139,10.2140235193074,4,13.2315984016841,3
"5520",139,10.2140235193074,5,-17.388078136113,3
"5521",140,0,1,19.7488432345037,3
"5522",140,0,2,-5.81660846687832,3
"5523",140,0,3,-2.93765742798021,3
"5524",140,0,4,-18.1587564916454,3
"5525",140,0,5,5.53746610625328,3
"5526",140,3.02498673356604,1,-8.62286438160481,3
"5527",140,3.02498673356604,2,-12.1580480227419,3
"5528",140,3.02498673356604,3,-4.96567374512202,3
"5529",140,3.02498673356604,4,-1.51866363584397,3
"5530",140,3.02498673356604,5,-7.62108071870013,3
"5531",140,4.91522047517356,1,-17.0778265161164,3
"5532",140,4.91522047517356,2,-3.91435942218153,3
"5533",140,4.91522047517356,3,4.62445908640129,3
"5534",140,4.91522047517356,4,-19.3449546954024,3
"5535",140,4.91522047517356,5,-4.51437153243096,3
"5536",140,5.76448993920349,1,4.28384445775207,3
"5537",140,5.76448993920349,2,-28.50756854364,3
"5538",140,5.76448993920349,3,-3.57166480457101,3
"5539",140,5.76448993920349,4,4.10915579014763,3
"5540",140,5.76448993920349,5,-22.5798862534432,3
"5541",140,9.14187315106392,1,-24.281337961773,3
"5542",140,9.14187315106392,2,-24.9617002551044,3
"5543",140,9.14187315106392,3,2.5860933690985,3
"5544",140,9.14187315106392,4,-3.24159209461905,3
"5545",140,9.14187315106392,5,-8.20767621668399,3
"5546",140,10.1895019357326,1,0.980861354365024,3
"5547",140,10.1895019357326,2,-26.4500886871114,3
"5548",140,10.1895019357326,3,25.3300449110003,3
"5549",140,10.1895019357326,4,17.5565672357187,3
"5550",140,10.1895019357326,5,-11.9039672554347,3
"5551",141,0,1,-2.21531902045608,3
"5552",141,0,2,-18.0081207452793,3
"5553",141,0,3,4.96540856378158,3
"5554",141,0,4,-7.19706346633503,3
"5555",141,0,5,-4.13917901241795,3
"5556",141,0.561461564037018,1,-10.1994554454209,3
"5557",141,0.561461564037018,2,-22.0764112022473,3
"5558",141,0.561461564037018,3,-6.58733469510076,3
"5559",141,0.561461564037018,4,5.15272165858082,3
"5560",141,0.561461564037018,5,12.6578369219366,3
"5561",141,1.01820383046288,1,-2.60683537845918,3
"5562",141,1.01820383046288,2,-11.8378299224428,3
"5563",141,1.01820383046288,3,8.41738666306821,3
"5564",141,1.01820383046288,4,7.91240991309091,3
"5565",141,1.01820383046288,5,-10.8665644369088,3
"5566",141,2.13830711285118,1,19.8261902818378,3
"5567",141,2.13830711285118,2,-4.9300493858325,3
"5568",141,2.13830711285118,3,-4.25253630443502,3
"5569",141,2.13830711285118,4,-0.800389530290807,3
"5570",141,2.13830711285118,5,9.17018358101656,3
"5571",141,4.76722747110762,1,-8.59570884681396,3
"5572",141,4.76722747110762,2,-30.950416904298,3
"5573",141,4.76722747110762,3,1.88027942704484,3
"5574",141,4.76722747110762,4,9.34276826989554,3
"5575",141,4.76722747110762,5,5.02788152676822,3
"5576",141,6.2000962512102,1,9.17605362398391,3
"5577",141,6.2000962512102,2,-29.5101621042244,3
"5578",141,6.2000962512102,3,-9.37492998998858,3
"5579",141,6.2000962512102,4,18.6349739317001,3
"5580",141,6.2000962512102,5,5.10677759812486,3
"5581",141,7.5565682904562,1,10.2690700770726,3
"5582",141,7.5565682904562,2,-43.8623269618278,3
"5583",141,7.5565682904562,3,17.5313402302435,3
"5584",141,7.5565682904562,4,-4.91681205295147,3
"5585",141,7.5565682904562,5,-19.3532997249887,3
"5586",141,8.95733779564034,1,5.68782066717109,3
"5587",141,8.95733779564034,2,-4.01390855226516,3
"5588",141,8.95733779564034,3,17.1478817121021,3
"5589",141,8.95733779564034,4,20.5175515531656,3
"5590",141,8.95733779564034,5,-8.16092651273292,3
"5591",141,9.17703147209249,1,13.6952799943598,3
"5592",141,9.17703147209249,2,-23.5613214977277,3
"5593",141,9.17703147209249,3,9.27576702606149,3
"5594",141,9.17703147209249,4,12.7260100723303,3
"5595",141,9.17703147209249,5,4.03213887695632,3
"5596",141,10.6872151987627,1,-12.7089418123402,3
"5597",141,10.6872151987627,2,-26.0045162436418,3
"5598",141,10.6872151987627,3,-6.81994370872923,3
"5599",141,10.6872151987627,4,6.73830494518498,3
"5600",141,10.6872151987627,5,-21.6460006731478,3
"5601",142,0,1,-3.04097329719145,3
"5602",142,0,2,6.69583544328224,3
"5603",142,0,3,5.52234194366486,3
"5604",142,0,4,-13.2461189611934,3
"5605",142,0,5,-4.65042916027595,3
"5606",142,1.16936172242276,1,-5.22318415464009,3
"5607",142,1.16936172242276,2,3.13592207117437,3
"5608",142,1.16936172242276,3,-16.3286545478384,3
"5609",142,1.16936172242276,4,-1.16248640865836,3
"5610",142,1.16936172242276,5,-16.2153036769562,3
"5611",142,2.54346853471361,1,-1.79028997693258,3
"5612",142,2.54346853471361,2,-19.7118332895307,3
"5613",142,2.54346853471361,3,3.90160296290883,3
"5614",142,2.54346853471361,4,6.89835452329016,3
"5615",142,2.54346853471361,5,-13.7407400017012,3
"5616",142,4.26670032599941,1,-3.39809893574879,3
"5617",142,4.26670032599941,2,-11.478042066553,3
"5618",142,4.26670032599941,3,3.89253217604028,3
"5619",142,4.26670032599941,4,6.83043988243085,3
"5620",142,4.26670032599941,5,-14.1385111763107,3
"5621",142,4.55981925001834,1,-6.48939779647094,3
"5622",142,4.55981925001834,2,-14.858838171625,3
"5623",142,4.55981925001834,3,1.13469773843272,3
"5624",142,4.55981925001834,4,3.78523499001856,3
"5625",142,4.55981925001834,5,-10.3641698603561,3
"5626",142,5.21576950023882,1,6.67809195237777,3
"5627",142,5.21576950023882,2,-24.2524698487259,3
"5628",142,5.21576950023882,3,-1.82226453106367,3
"5629",142,5.21576950023882,4,-9.5096629860889,3
"5630",142,5.21576950023882,5,-13.8633071213844,3
"5631",142,5.68477341532707,1,-21.5715062907413,3
"5632",142,5.68477341532707,2,-24.0668520777141,3
"5633",142,5.68477341532707,3,-1.99701234205381,3
"5634",142,5.68477341532707,4,7.70860020245039,3
"5635",142,5.68477341532707,5,-12.6146752833501,3
"5636",142,7.31943098886404,1,-12.7335194747147,3
"5637",142,7.31943098886404,2,-12.9542115747915,3
"5638",142,7.31943098886404,3,-2.30168060551018,3
"5639",142,7.31943098886404,4,-0.338073916043941,3
"5640",142,7.31943098886404,5,-9.99584734528644,3
"5641",142,9.34349891822785,1,-14.8649050091493,3
"5642",142,9.34349891822785,2,-39.261113465463,3
"5643",142,9.34349891822785,3,-5.33204919699959,3
"5644",142,9.34349891822785,4,5.0280528176304,3
"5645",142,9.34349891822785,5,-9.94409610912564,3
"5646",142,9.42186380189378,1,15.952038264142,3
"5647",142,9.42186380189378,2,-10.6144037356947,3
"5648",142,9.42186380189378,3,-13.8818044116085,3
"5649",142,9.42186380189378,4,-8.86710619468159,3
"5650",142,9.42186380189378,5,-21.1293359645843,3
"5651",143,0,1,6.69708949953652,3
"5652",143,0,2,5.63577283501071,3
"5653",143,0,3,6.04007038179253,3
"5654",143,0,4,3.13472097247808,3
"5655",143,0,5,-13.1991938437532,3
"5656",143,2.44020697870292,1,-1.41761023739713,3
"5657",143,2.44020697870292,2,-15.1979880183208,3
"5658",143,2.44020697870292,3,12.7323956011195,3
"5659",143,2.44020697870292,4,-19.5305588837644,3
"5660",143,2.44020697870292,5,-11.9735621335794,3
"5661",143,4.1470874856459,1,1.4308378126604,3
"5662",143,4.1470874856459,2,-34.92161026857,3
"5663",143,4.1470874856459,3,11.8688935109432,3
"5664",143,4.1470874856459,4,18.8122148943396,3
"5665",143,4.1470874856459,5,-3.90968797693301,3
"5666",143,7.67001507803798,1,-2.04162927847547,3
"5667",143,7.67001507803798,2,-26.1387615867436,3
"5668",143,7.67001507803798,3,8.99062103616556,3
"5669",143,7.67001507803798,4,-10.6757960873921,3
"5670",143,7.67001507803798,5,-8.66202374853301,3
"5671",144,0,1,-10.8121696290425,3
"5672",144,0,2,-4.97021535103015,3
"5673",144,0,3,6.4799944281378,3
"5674",144,0,4,3.98238672155495,3
"5675",144,0,5,-7.90176213561335,3
"5676",144,2.60900245269295,1,11.9400392555043,3
"5677",144,2.60900245269295,2,-24.6854789141281,3
"5678",144,2.60900245269295,3,3.01810967119354,3
"5679",144,2.60900245269295,4,2.83523027352585,3
"5680",144,2.60900245269295,5,-10.3787525179245,3
"5681",144,3.1134328332264,1,-12.1786116136976,3
"5682",144,3.1134328332264,2,-19.174502099217,3
"5683",144,3.1134328332264,3,-6.14406076616078,3
"5684",144,3.1134328332264,4,3.02961051529214,3
"5685",144,3.1134328332264,5,-10.730013930354,3
"5686",144,6.07184828445315,1,2.65884406320198,3
"5687",144,6.07184828445315,2,-20.2959598195846,3
"5688",144,6.07184828445315,3,21.8224008625192,3
"5689",144,6.07184828445315,4,7.20602766427182,3
"5690",144,6.07184828445315,5,-23.4615176213165,3
"5691",144,6.80606705229729,1,-4.83506019157197,3
"5692",144,6.80606705229729,2,-19.6277149883411,3
"5693",144,6.80606705229729,3,-0.345111510700117,3
"5694",144,6.80606705229729,4,9.25162304524773,3
"5695",144,6.80606705229729,5,-31.3527795855124,3
"5696",145,0,1,1.09231838625493,3
"5697",145,0,2,-6.14271062438147,3
"5698",145,0,3,-9.17489824778072,3
"5699",145,0,4,-4.46737994368053,3
"5700",145,0,5,-1.87882595734826,3
"5701",145,3.59876785392407,1,2.09980102376617,3
"5702",145,3.59876785392407,2,-32.2761655228172,3
"5703",145,3.59876785392407,3,-8.23386014010346,3
"5704",145,3.59876785392407,4,-2.49306255060987,3
"5705",145,3.59876785392407,5,0.762851210315402,3
"5706",145,5.65422443137504,1,-6.99236847663383,3
"5707",145,5.65422443137504,2,-21.5859762549278,3
"5708",145,5.65422443137504,3,-3.45195303040998,3
"5709",145,5.65422443137504,4,3.987796950107,3
"5710",145,5.65422443137504,5,-22.1954604882573,3
"5711",145,8.36199337127618,1,17.858208165469,3
"5712",145,8.36199337127618,2,-29.9436122172737,3
"5713",145,8.36199337127618,3,19.0314146554334,3
"5714",145,8.36199337127618,4,5.21464518385598,3
"5715",145,8.36199337127618,5,-10.8138167143989,3
"5716",146,0,1,-4.7898266782056,3
"5717",146,0,2,-5.62742372416629,3
"5718",146,0,3,-0.278785531493907,3
"5719",146,0,4,-14.3278027058297,3
"5720",146,0,5,-11.4711052909559,3
"5721",146,0.645695073180832,1,25.3314123240516,3
"5722",146,0.645695073180832,2,-12.4068284268116,3
"5723",146,0.645695073180832,3,-8.49226528089891,3
"5724",146,0.645695073180832,4,-10.2360583271702,3
"5725",146,0.645695073180832,5,-3.64672034697086,3
"5726",146,1.10921516688541,1,-14.9858245420464,3
"5727",146,1.10921516688541,2,-13.23604370055,3
"5728",146,1.10921516688541,3,27.5333338589245,3
"5729",146,1.10921516688541,4,0.146519152960457,3
"5730",146,1.10921516688541,5,0.51197738166904,3
"5731",146,1.22249163559172,1,0.355726106601462,3
"5732",146,1.22249163559172,2,8.23683623236189,3
"5733",146,1.22249163559172,3,8.25318956554921,3
"5734",146,1.22249163559172,4,-11.3015342704255,3
"5735",146,1.22249163559172,5,-12.8614658063244,3
"5736",146,1.43718331842683,1,5.21789264388035,3
"5737",146,1.43718331842683,2,-21.9805765778971,3
"5738",146,1.43718331842683,3,-8.0422232374777,3
"5739",146,1.43718331842683,4,-7.17535441354759,3
"5740",146,1.43718331842683,5,-2.10693282640796,3
"5741",146,1.71770824852865,1,7.14155560638425,3
"5742",146,1.71770824852865,2,-1.29754754758537,3
"5743",146,1.71770824852865,3,3.5929862982138,3
"5744",146,1.71770824852865,4,-4.42583137080332,3
"5745",146,1.71770824852865,5,-15.2937801786356,3
"5746",146,2.30972978752106,1,6.44584446777198,3
"5747",146,2.30972978752106,2,-15.5119320217507,3
"5748",146,2.30972978752106,3,8.4243662182605,3
"5749",146,2.30972978752106,4,-1.86855931227616,3
"5750",146,2.30972978752106,5,-8.82192462744583,3
"5751",146,5.56033399014268,1,-5.13669069148214,3
"5752",146,5.56033399014268,2,-20.5820394454188,3
"5753",146,5.56033399014268,3,22.3603762951836,3
"5754",146,5.56033399014268,4,12.0649917236787,3
"5755",146,5.56033399014268,5,-12.0407471889528,3
"5756",146,7.17387086187955,1,-10.8155827305698,3
"5757",146,7.17387086187955,2,-30.1332041481044,3
"5758",146,7.17387086187955,3,-11.7477223129344,3
"5759",146,7.17387086187955,4,-4.47071082366362,3
"5760",146,7.17387086187955,5,-20.0463550947082,3
"5761",146,8.37719396664761,1,-9.9157298808907,3
"5762",146,8.37719396664761,2,-7.83908461971492,3
"5763",146,8.37719396664761,3,12.7231579148172,3
"5764",146,8.37719396664761,4,21.6133368312138,3
"5765",146,8.37719396664761,5,-8.31339690437057,3
"5766",146,9.25357928941958,1,-0.83567871094429,3
"5767",146,9.25357928941958,2,-23.8641150368047,3
"5768",146,9.25357928941958,3,16.8045960369416,3
"5769",146,9.25357928941958,4,4.9109720136431,3
"5770",146,9.25357928941958,5,-40.9371825251369,3
"5771",146,10.7010864228942,1,3.04364494844184,3
"5772",146,10.7010864228942,2,-23.335180040174,3
"5773",146,10.7010864228942,3,-22.6867990638187,3
"5774",146,10.7010864228942,4,-10.3458166266308,3
"5775",146,10.7010864228942,5,-20.621557000042,3
"5776",147,0,1,15.883812720546,3
"5777",147,0,2,-7.09360254496486,3
"5778",147,0,3,-1.7494711319088,3
"5779",147,0,4,9.3592824750298,3
"5780",147,0,5,2.92424885766766,3
"5781",147,0.691770653706044,1,-6.58208630062039,3
"5782",147,0.691770653706044,2,-9.97131997662279,3
"5783",147,0.691770653706044,3,16.7539474769886,3
"5784",147,0.691770653706044,4,13.440556676442,3
"5785",147,0.691770653706044,5,14.8259562373795,3
"5786",147,0.788009487325326,1,-0.326109506898479,3
"5787",147,0.788009487325326,2,2.41727827365509,3
"5788",147,0.788009487325326,3,13.2482537506632,3
"5789",147,0.788009487325326,4,0.328967041906675,3
"5790",147,0.788009487325326,5,4.02152158336302,3
"5791",147,1.06156630523037,1,-12.6643564353984,3
"5792",147,1.06156630523037,2,-10.6947418349137,3
"5793",147,1.06156630523037,3,-0.53490008827436,3
"5794",147,1.06156630523037,4,-4.64722763619753,3
"5795",147,1.06156630523037,5,3.62494626221568,3
"5796",147,2.84562442160677,1,17.7980609460096,3
"5797",147,2.84562442160677,2,-6.55217384040842,3
"5798",147,2.84562442160677,3,4.3203612602891,3
"5799",147,2.84562442160677,4,13.6461273972063,3
"5800",147,2.84562442160677,5,-3.73626571294692,3
"5801",147,2.93839894025587,1,6.34716356346662,3
"5802",147,2.93839894025587,2,-34.6032485845548,3
"5803",147,2.93839894025587,3,-4.53121758913317,3
"5804",147,2.93839894025587,4,1.80637153557721,3
"5805",147,2.93839894025587,5,15.5387576923943,3
"5806",147,3.8596729018027,1,6.89066000760238,3
"5807",147,3.8596729018027,2,-17.1856081074584,3
"5808",147,3.8596729018027,3,2.13597073341921,3
"5809",147,3.8596729018027,4,-9.25306401899138,3
"5810",147,3.8596729018027,5,-10.9250177186093,3
"5811",147,8.2397118457593,1,-9.41541374098722,3
"5812",147,8.2397118457593,2,-35.5662959215298,3
"5813",147,8.2397118457593,3,16.9268840281799,3
"5814",147,8.2397118457593,4,13.7076622321507,3
"5815",147,8.2397118457593,5,-16.0996627917808,3
"5816",148,0,1,-16.8514582248443,3
"5817",148,0,2,-0.342039870795536,3
"5818",148,0,3,-0.739139523968761,3
"5819",148,0,4,-5.32566319834354,3
"5820",148,0,5,-6.88363031841588,3
"5821",148,1.46518153592478,1,4.5257683235528,3
"5822",148,1.46518153592478,2,-10.4717882829672,3
"5823",148,1.46518153592478,3,13.7492797601137,3
"5824",148,1.46518153592478,4,0.537496039548343,3
"5825",148,1.46518153592478,5,1.46422753261158,3
"5826",148,2.06705261196475,1,-8.80149463927711,3
"5827",148,2.06705261196475,2,-5.63983614615436,3
"5828",148,2.06705261196475,3,7.63461740692491,3
"5829",148,2.06705261196475,4,-18.0118239255953,3
"5830",148,2.06705261196475,5,-2.53217388612994,3
"5831",148,2.71805735386442,1,4.28403927595676,3
"5832",148,2.71805735386442,2,-2.39873775122537,3
"5833",148,2.71805735386442,3,-4.79305493423067,3
"5834",148,2.71805735386442,4,-18.4525441930682,3
"5835",148,2.71805735386442,5,-12.2783030667316,3
"5836",148,2.7805941774277,1,-16.1820624012465,3
"5837",148,2.7805941774277,2,1.58601619034269,3
"5838",148,2.7805941774277,3,1.08479097067566,3
"5839",148,2.7805941774277,4,-7.43234310360154,3
"5840",148,2.7805941774277,5,-1.99396620920903,3
"5841",148,3.72427081619389,1,-9.5789321882942,3
"5842",148,3.72427081619389,2,-27.2127026537106,3
"5843",148,3.72427081619389,3,3.69271689657463,3
"5844",148,3.72427081619389,4,0.591269753337655,3
"5845",148,3.72427081619389,5,-17.4702929550033,3
"5846",148,3.8372110647615,1,1.32448883724307,3
"5847",148,3.8372110647615,2,-13.4206518693916,3
"5848",148,3.8372110647615,3,-3.51635641331144,3
"5849",148,3.8372110647615,4,-18.1047033975809,3
"5850",148,3.8372110647615,5,-29.2216935853012,3
"5851",148,5.35685635602567,1,0.725016907142163,3
"5852",148,5.35685635602567,2,-32.544396333339,3
"5853",148,5.35685635602567,3,-10.8042950627247,3
"5854",148,5.35685635602567,4,-12.8587434359453,3
"5855",148,5.35685635602567,5,-16.5602150641691,3
"5856",148,5.36464574804995,1,-2.52250531163954,3
"5857",148,5.36464574804995,2,-16.8409733295842,3
"5858",148,5.36464574804995,3,0.140846305070629,3
"5859",148,5.36464574804995,4,-0.0293407099070482,3
"5860",148,5.36464574804995,5,-6.70065514175075,3
"5861",148,6.42451808066107,1,-4.13535414830223,3
"5862",148,6.42451808066107,2,-38.095220787729,3
"5863",148,6.42451808066107,3,11.8703859427793,3
"5864",148,6.42451808066107,4,1.24628229144652,3
"5865",148,6.42451808066107,5,-19.0543588467057,3
"5866",148,7.71129306324292,1,-12.2673424743278,3
"5867",148,7.71129306324292,2,-24.7390030321247,3
"5868",148,7.71129306324292,3,12.3040743039901,3
"5869",148,7.71129306324292,4,8.36868439417619,3
"5870",148,7.71129306324292,5,-14.111759987005,3
"5871",148,9.18515202857088,1,-15.490831309412,3
"5872",148,9.18515202857088,2,-30.7787606425406,3
"5873",148,9.18515202857088,3,11.5194107691338,3
"5874",148,9.18515202857088,4,11.6396343905979,3
"5875",148,9.18515202857088,5,-22.3511288426655,3
"5876",149,0,1,-6.60903588760573,3
"5877",149,0,2,4.25640780802197,3
"5878",149,0,3,-1.79337691338138,3
"5879",149,0,4,-6.15582749581514,3
"5880",149,0,5,3.31222224582384,3
"5881",149,0.720786533085629,1,8.26477732120441,3
"5882",149,0.720786533085629,2,-8.44673551038067,3
"5883",149,0.720786533085629,3,2.60299216480438,3
"5884",149,0.720786533085629,4,-2.84179188627964,3
"5885",149,0.720786533085629,5,17.8729565849824,3
"5886",149,2.69204205018468,1,-9.47650428481244,3
"5887",149,2.69204205018468,2,-28.7356991950084,3
"5888",149,2.69204205018468,3,-10.4789287721193,3
"5889",149,2.69204205018468,4,13.1734507078868,3
"5890",149,2.69204205018468,5,6.3698025357907,3
"5891",149,4.00408766197506,1,5.54962294757101,3
"5892",149,4.00408766197506,2,-12.8813050546528,3
"5893",149,4.00408766197506,3,13.6391662527707,3
"5894",149,4.00408766197506,4,9.30147654433552,3
"5895",149,4.00408766197506,5,2.53386527033462,3
"5896",149,8.4461704317946,1,-12.0362462465917,3
"5897",149,8.4461704317946,2,-1.50975300449187,3
"5898",149,8.4461704317946,3,-6.40316845069671,3
"5899",149,8.4461704317946,4,9.86766643965675,3
"5900",149,8.4461704317946,5,-16.7647514846104,3
"5901",149,9.3956772381207,1,-24.7157389313715,3
"5902",149,9.3956772381207,2,-19.1980849926204,3
"5903",149,9.3956772381207,3,-29.0891222268309,3
"5904",149,9.3956772381207,4,-9.78904449043285,3
"5905",149,9.3956772381207,5,-12.3016475853605,3
"5906",150,0,1,14.6729541484209,3
"5907",150,0,2,-11.4807244518841,3
"5908",150,0,3,14.3967035679013,3
"5909",150,0,4,-0.878756113146887,3
"5910",150,0,5,-19.5663354477251,3
"5911",150,2.11546380631626,1,-1.91164269171867,3
"5912",150,2.11546380631626,2,-5.46443405177941,3
"5913",150,2.11546380631626,3,-6.52504383433878,3
"5914",150,2.11546380631626,4,4.37133311292138,3
"5915",150,2.11546380631626,5,-11.1281504385503,3
"5916",150,2.13611406786367,1,10.5343247691908,3
"5917",150,2.13611406786367,2,-14.2152075201873,3
"5918",150,2.13611406786367,3,-11.6932942424432,3
"5919",150,2.13611406786367,4,8.08138929836612,3
"5920",150,2.13611406786367,5,3.92544003851227,3
"5921",150,2.86194436461665,1,-1.99428863138008,3
"5922",150,2.86194436461665,2,-23.5756636249999,3
"5923",150,2.86194436461665,3,4.1794436412343,3
"5924",150,2.86194436461665,4,14.4491353407641,3
"5925",150,2.86194436461665,5,-0.532655428924334,3
"5926",150,6.70325378980488,1,5.47155518604207,3
"5927",150,6.70325378980488,2,-26.9765807491729,3
"5928",150,6.70325378980488,3,5.39464726815985,3
"5929",150,6.70325378980488,4,3.74045938906994,3
"5930",150,6.70325378980488,5,-9.93204006527127,3
"5931",150,7.18283257621806,1,-10.5348858929881,3
"5932",150,7.18283257621806,2,-19.7382086758312,3
"5933",150,7.18283257621806,3,-8.07332102425617,3
"5934",150,7.18283257621806,4,17.6010561635879,3
"5935",150,7.18283257621806,5,-1.49725662596751,3
"5936",150,8.05403202318121,1,7.8590364404763,3
"5937",150,8.05403202318121,2,-15.4959632422573,3
"5938",150,8.05403202318121,3,-1.60407802433931,3
"5939",150,8.05403202318121,4,-4.01167154630288,3
"5940",150,8.05403202318121,5,-29.5791576851142,3
"5941",150,10.2649216093123,1,23.9315556666669,3
"5942",150,10.2649216093123,2,-24.5460216976487,3
"5943",150,10.2649216093123,3,18.7738605300569,3
"5944",150,10.2649216093123,4,5.20109749102156,3
"5945",150,10.2649216093123,5,-3.99059563549476,3
"5946",150,10.9459191585192,1,6.68915910924078,3
"5947",150,10.9459191585192,2,-22.8727447208765,3
"5948",150,10.9459191585192,3,3.71353466996029,3
"5949",150,10.9459191585192,4,0.776299491072687,3
"5950",150,10.9459191585192,5,-28.2315088460997,3
"5951",151,0,1,27.9441760230253,4
"5952",151,0,2,-16.8269311807132,4
"5953",151,0,3,6.81181476111984,4
"5954",151,0,4,23.2864219512512,4
"5955",151,0,5,-10.9136459068119,4
"5956",151,5.05240578239318,1,31.2320102031614,4
"5957",151,5.05240578239318,2,-30.0247785139914,4
"5958",151,5.05240578239318,3,7.73789454436782,4
"5959",151,5.05240578239318,4,21.4640399592891,4
"5960",151,5.05240578239318,5,-10.6638670949423,4
"5961",151,7.34854616795201,1,5.61150016463876,4
"5962",151,7.34854616795201,2,-40.0304717572131,4
"5963",151,7.34854616795201,3,5.63644506837738,4
"5964",151,7.34854616795201,4,12.6482528130877,4
"5965",151,7.34854616795201,5,-15.0712849093691,4
"5966",151,7.79280967242084,1,12.5450164194801,4
"5967",151,7.79280967242084,2,-16.1914262249599,4
"5968",151,7.79280967242084,3,-18.221015761186,4
"5969",151,7.79280967242084,4,8.4998894326508,4
"5970",151,7.79280967242084,5,-22.4586972474234,4
"5971",151,9.64304092573002,1,13.3027660774267,4
"5972",151,9.64304092573002,2,2.65093494147074,4
"5973",151,9.64304092573002,3,11.6807931632756,4
"5974",151,9.64304092573002,4,11.5405896634298,4
"5975",151,9.64304092573002,5,-10.8025729888483,4
"5976",152,0,1,12.5226705156775,4
"5977",152,0,2,-21.7455337291618,4
"5978",152,0,3,-7.35847088279275,4
"5979",152,0,4,6.88731778302212,4
"5980",152,0,5,-8.02527624262715,4
"5981",152,1.18498153868131,1,21.2869953566136,4
"5982",152,1.18498153868131,2,-21.5709673480363,4
"5983",152,1.18498153868131,3,7.57119036580628,4
"5984",152,1.18498153868131,4,13.8161480191293,4
"5985",152,1.18498153868131,5,-6.2729984541279,4
"5986",152,1.24971595196985,1,30.9935205977735,4
"5987",152,1.24971595196985,2,-5.86952392196439,4
"5988",152,1.24971595196985,3,6.87392423229786,4
"5989",152,1.24971595196985,4,0.9399450105751,4
"5990",152,1.24971595196985,5,6.5766810586703,4
"5991",152,1.4119448910933,1,16.7782570519507,4
"5992",152,1.4119448910933,2,-21.0648255942233,4
"5993",152,1.4119448910933,3,-5.83001683465349,4
"5994",152,1.4119448910933,4,18.6313673351197,4
"5995",152,1.4119448910933,5,-4.68242350972513,4
"5996",152,2.94412272330374,1,17.6014403520149,4
"5997",152,2.94412272330374,2,-15.9115722462394,4
"5998",152,2.94412272330374,3,12.3190712216671,4
"5999",152,2.94412272330374,4,19.7151117257611,4
"6000",152,2.94412272330374,5,9.11588840516164,4
"6001",152,4.2312180964509,1,31.2433869102105,4
"6002",152,4.2312180964509,2,-24.2444563087687,4
"6003",152,4.2312180964509,3,-22.2792843689965,4
"6004",152,4.2312180964509,4,11.9620519465663,4
"6005",152,4.2312180964509,5,-16.7580058805354,4
"6006",152,5.01055120711681,1,12.2139880307774,4
"6007",152,5.01055120711681,2,-15.9598983087807,4
"6008",152,5.01055120711681,3,3.50012024309978,4
"6009",152,5.01055120711681,4,18.3217030836312,4
"6010",152,5.01055120711681,5,1.91475899060217,4
"6011",152,5.31855487579014,1,6.59412161816605,4
"6012",152,5.31855487579014,2,-21.5220958466776,4
"6013",152,5.31855487579014,3,17.3327998822663,4
"6014",152,5.31855487579014,4,5.47169291032498,4
"6015",152,5.31855487579014,5,-21.8868988548145,4
"6016",152,5.3943963641068,1,20.771520202666,4
"6017",152,5.3943963641068,2,-12.8022522664104,4
"6018",152,5.3943963641068,3,4.74506706167976,4
"6019",152,5.3943963641068,4,17.3216988831202,4
"6020",152,5.3943963641068,5,-1.06710885473592,4
"6021",152,6.60199125832878,1,17.8253653207247,4
"6022",152,6.60199125832878,2,-19.9482841577755,4
"6023",152,6.60199125832878,3,-12.708363449429,4
"6024",152,6.60199125832878,4,5.85297090853647,4
"6025",152,6.60199125832878,5,-15.4778443018412,4
"6026",152,7.71848499216139,1,8.91888649269218,4
"6027",152,7.71848499216139,2,-16.1451687651239,4
"6028",152,7.71848499216139,3,-5.44140576234464,4
"6029",152,7.71848499216139,4,4.12278997392214,4
"6030",152,7.71848499216139,5,-18.8861170626109,4
"6031",152,8.09708918642718,1,-6.68679416672655,4
"6032",152,8.09708918642718,2,-4.69921250759985,4
"6033",152,8.09708918642718,3,10.3501018902236,4
"6034",152,8.09708918642718,4,14.553237840756,4
"6035",152,8.09708918642718,5,-1.76207613558341,4
"6036",153,0,1,25.1407559603864,4
"6037",153,0,2,-11.4449962553445,4
"6038",153,0,3,1.26733740041116,4
"6039",153,0,4,8.90327137820642,4
"6040",153,0,5,-11.7801083262775,4
"6041",153,4.33791879413184,1,38.9100529446089,4
"6042",153,4.33791879413184,2,-6.5914147693922,4
"6043",153,4.33791879413184,3,11.4374059742335,4
"6044",153,4.33791879413184,4,3.18865590656425,4
"6045",153,4.33791879413184,5,-3.95880256475804,4
"6046",153,7.68283449974842,1,7.9196516860645,4
"6047",153,7.68283449974842,2,-4.89462492386095,4
"6048",153,7.68283449974842,3,13.7141116166841,4
"6049",153,7.68283449974842,4,6.25087115660028,4
"6050",153,7.68283449974842,5,-6.26899028725113,4
"6051",153,10.592187502305,1,39.8713382117133,4
"6052",153,10.592187502305,2,-2.60380295925734,4
"6053",153,10.592187502305,3,0.971055817221885,4
"6054",153,10.592187502305,4,10.6487729705491,4
"6055",153,10.592187502305,5,-9.34460374314953,4
"6056",154,0,1,14.5894982613365,4
"6057",154,0,2,-4.99510550599608,4
"6058",154,0,3,-6.6563872926029,4
"6059",154,0,4,8.07102805297427,4
"6060",154,0,5,-0.650506682733956,4
"6061",154,0.890080314711668,1,19.1436630651948,4
"6062",154,0.890080314711668,2,-11.6698587450797,4
"6063",154,0.890080314711668,3,-4.59655909709279,4
"6064",154,0.890080314711668,4,15.3642467261638,4
"6065",154,0.890080314711668,5,9.49015817603761,4
"6066",154,5.18622758763377,1,19.8290333670518,4
"6067",154,5.18622758763377,2,-6.3407447867424,4
"6068",154,5.18622758763377,3,-4.56258036125895,4
"6069",154,5.18622758763377,4,14.3299337834394,4
"6070",154,5.18622758763377,5,-11.2873748949495,4
"6071",154,7.04551110533066,1,6.87810531824408,4
"6072",154,7.04551110533066,2,15.0207115022893,4
"6073",154,7.04551110533066,3,12.216908856286,4
"6074",154,7.04551110533066,4,33.2004998357237,4
"6075",154,7.04551110533066,5,-17.2209359974279,4
"6076",154,7.81595910701435,1,21.63876689123,4
"6077",154,7.81595910701435,2,-1.77501104945631,4
"6078",154,7.81595910701435,3,0.588171271133532,4
"6079",154,7.81595910701435,4,21.4647450053683,4
"6080",154,7.81595910701435,5,-14.6344046777786,4
"6081",154,7.89193829917349,1,20.7590010545955,4
"6082",154,7.89193829917349,2,-0.841908782486038,4
"6083",154,7.89193829917349,3,7.85274637866722,4
"6084",154,7.89193829917349,4,21.2517727645357,4
"6085",154,7.89193829917349,5,-27.6013922645712,4
"6086",154,8.66655546578113,1,15.0319054794559,4
"6087",154,8.66655546578113,2,-17.2976064303009,4
"6088",154,8.66655546578113,3,-7.96700431205116,4
"6089",154,8.66655546578113,4,7.12911144258686,4
"6090",154,8.66655546578113,5,-19.1213914486396,4
"6091",154,9.75240832590498,1,25.5278182565032,4
"6092",154,9.75240832590498,2,-1.86304242008587,4
"6093",154,9.75240832590498,3,12.8441062911989,4
"6094",154,9.75240832590498,4,-6.43992143015929,4
"6095",154,9.75240832590498,5,-2.01264363271551,4
"6096",154,10.4216484552016,1,12.3368024514589,4
"6097",154,10.4216484552016,2,-1.5427333466722,4
"6098",154,10.4216484552016,3,-6.68147569967186,4
"6099",154,10.4216484552016,4,6.43150697806914,4
"6100",154,10.4216484552016,5,-34.2270848468347,4
"6101",154,10.5042895288207,1,-0.649305679198136,4
"6102",154,10.5042895288207,2,-20.3535240632582,4
"6103",154,10.5042895288207,3,-12.507901575226,4
"6104",154,10.5042895288207,4,-10.569197780931,4
"6105",154,10.5042895288207,5,-14.1034882274883,4
"6106",155,0,1,13.7691149036044,4
"6107",155,0,2,-18.5478735890451,4
"6108",155,0,3,-13.1646831900709,4
"6109",155,0,4,1.31800768833675,4
"6110",155,0,5,-25.8129961823865,4
"6111",155,0.507019324228168,1,12.7645532484188,4
"6112",155,0.507019324228168,2,-20.4372627438342,4
"6113",155,0.507019324228168,3,-16.4474171405783,4
"6114",155,0.507019324228168,4,4.24173948143852,4
"6115",155,0.507019324228168,5,-19.9743460999074,4
"6116",155,2.49477402155753,1,15.4365616725809,4
"6117",155,2.49477402155753,2,-1.66491911477963,4
"6118",155,2.49477402155753,3,1.73778453475386,4
"6119",155,2.49477402155753,4,2.94759807264662,4
"6120",155,2.49477402155753,5,-9.99261052379108,4
"6121",155,8.27059903007466,1,14.8904249485077,4
"6122",155,8.27059903007466,2,-15.1064041728413,4
"6123",155,8.27059903007466,3,16.00936604033,4
"6124",155,8.27059903007466,4,26.3508065211389,4
"6125",155,8.27059903007466,5,-0.777855176649545,4
"6126",155,8.9221436472144,1,17.8623519592843,4
"6127",155,8.9221436472144,2,-22.2100795248307,4
"6128",155,8.9221436472144,3,-21.2080915116289,4
"6129",155,8.9221436472144,4,-8.17925976257511,4
"6130",155,8.9221436472144,5,-25.7565699919114,4
"6131",155,10.974491511588,1,13.0137394276914,4
"6132",155,10.974491511588,2,1.01989327027584,4
"6133",155,10.974491511588,3,0.734838557577167,4
"6134",155,10.974491511588,4,8.7182742202648,4
"6135",155,10.974491511588,5,-12.9764023887964,4
"6136",156,0,1,34.7263496703847,4
"6137",156,0,2,-16.7130784501934,4
"6138",156,0,3,-9.93157030721463,4
"6139",156,0,4,28.411924065648,4
"6140",156,0,5,-4.13007264861977,4
"6141",156,1.22513883165084,1,25.1320690150577,4
"6142",156,1.22513883165084,2,-12.5499238529703,4
"6143",156,1.22513883165084,3,17.8389345211443,4
"6144",156,1.22513883165084,4,14.7591694492799,4
"6145",156,1.22513883165084,5,7.16199887227363,4
"6146",156,1.43651114217937,1,31.2661448668528,4
"6147",156,1.43651114217937,2,-18.1547819018391,4
"6148",156,1.43651114217937,3,7.19332218141647,4
"6149",156,1.43651114217937,4,10.6412422831997,4
"6150",156,1.43651114217937,5,17.4090550996459,4
"6151",156,6.16710785788018,1,11.8697226704132,4
"6152",156,6.16710785788018,2,-1.3274456309741,4
"6153",156,6.16710785788018,3,8.00851786587064,4
"6154",156,6.16710785788018,4,29.1545453243609,4
"6155",156,6.16710785788018,5,7.42276452444733,4
"6156",156,6.59829652588814,1,24.5810751317844,4
"6157",156,6.59829652588814,2,-8.55735396323321,4
"6158",156,6.59829652588814,3,-2.49253231570939,4
"6159",156,6.59829652588814,4,25.112306434055,4
"6160",156,6.59829652588814,5,4.94563397977537,4
"6161",156,6.9440937716281,1,18.86248562978,4
"6162",156,6.9440937716281,2,-10.0026720842356,4
"6163",156,6.9440937716281,3,18.4175335333656,4
"6164",156,6.9440937716281,4,19.5597063414432,4
"6165",156,6.9440937716281,5,-13.2958461973557,4
"6166",157,0,1,22.9735907168175,4
"6167",157,0,2,-19.1328949564705,4
"6168",157,0,3,26.7981146295714,4
"6169",157,0,4,33.580999275178,4
"6170",157,0,5,1.66217371958108,4
"6171",157,0.703749237814918,1,43.7856187343126,4
"6172",157,0.703749237814918,2,-19.5582323668988,4
"6173",157,0.703749237814918,3,11.3262837410961,4
"6174",157,0.703749237814918,4,-2.41140115474957,4
"6175",157,0.703749237814918,5,-12.435571381431,4
"6176",157,1.05425961129367,1,28.1476907421368,4
"6177",157,1.05425961129367,2,-15.181325195136,4
"6178",157,1.05425961129367,3,15.2775673863559,4
"6179",157,1.05425961129367,4,23.5343907681812,4
"6180",157,1.05425961129367,5,-5.67590696111165,4
"6181",157,2.21623026218731,1,7.35193067290812,4
"6182",157,2.21623026218731,2,-8.50590842067717,4
"6183",157,2.21623026218731,3,12.4597280113571,4
"6184",157,2.21623026218731,4,22.9412543140908,4
"6185",157,2.21623026218731,5,-21.582367733071,4
"6186",157,3.18481646676082,1,30.6784522973347,4
"6187",157,3.18481646676082,2,-16.2310823069553,4
"6188",157,3.18481646676082,3,17.5356299710794,4
"6189",157,3.18481646676082,4,26.2270554360697,4
"6190",157,3.18481646676082,5,-2.34825224077084,4
"6191",157,3.72356402268633,1,5.23932458795479,4
"6192",157,3.72356402268633,2,-12.8805812828108,4
"6193",157,3.72356402268633,3,2.9719066861775,4
"6194",157,3.72356402268633,4,0.570703542506648,4
"6195",157,3.72356402268633,5,-23.5719038402531,4
"6196",157,5.45585163054056,1,23.1941954292802,4
"6197",157,5.45585163054056,2,-9.92637056394944,4
"6198",157,5.45585163054056,3,6.87282031900358,4
"6199",157,5.45585163054056,4,8.24526185951173,4
"6200",157,5.45585163054056,5,6.13043020579039,4
"6201",157,7.22711365518626,1,11.663398152595,4
"6202",157,7.22711365518626,2,-4.21521851005335,4
"6203",157,7.22711365518626,3,0.918986232115298,4
"6204",157,7.22711365518626,4,15.3680301594197,4
"6205",157,7.22711365518626,5,-9.54844583360787,4
"6206",157,7.3468448567437,1,26.9330152478257,4
"6207",157,7.3468448567437,2,-13.7390904329131,4
"6208",157,7.3468448567437,3,-23.8643927248921,4
"6209",157,7.3468448567437,4,19.1360878613706,4
"6210",157,7.3468448567437,5,-12.7352626131019,4
"6211",157,8.27647745644208,1,23.594837100989,4
"6212",157,8.27647745644208,2,-16.0173336674004,4
"6213",157,8.27647745644208,3,-0.893193808724986,4
"6214",157,8.27647745644208,4,27.3474582486132,4
"6215",157,8.27647745644208,5,-3.23962809546316,4
"6216",157,8.41173971618991,1,8.48239961028732,4
"6217",157,8.41173971618991,2,-17.4035069877396,4
"6218",157,8.41173971618991,3,-1.39427059292687,4
"6219",157,8.41173971618991,4,10.0657668801745,4
"6220",157,8.41173971618991,5,-27.0621890743329,4
"6221",157,10.631923161447,1,18.2502238318312,4
"6222",157,10.631923161447,2,17.2491138388406,4
"6223",157,10.631923161447,3,30.6829401274994,4
"6224",157,10.631923161447,4,13.9263780152533,4
"6225",157,10.631923161447,5,-5.95627360744825,4
"6226",158,0,1,3.88696802318095,4
"6227",158,0,2,-28.7266454067511,4
"6228",158,0,3,5.95094978684334,4
"6229",158,0,4,14.2089441190349,4
"6230",158,0,5,1.80844013994781,4
"6231",158,0.623970684013329,1,34.3900648823289,4
"6232",158,0.623970684013329,2,-10.1217420624146,4
"6233",158,0.623970684013329,3,-4.946502679172,4
"6234",158,0.623970684013329,4,7.15424085308988,4
"6235",158,0.623970684013329,5,3.50532892793142,4
"6236",158,3.79400430899113,1,14.5068201012586,4
"6237",158,3.79400430899113,2,2.57275873555879,4
"6238",158,3.79400430899113,3,-15.1630045799987,4
"6239",158,3.79400430899113,4,-7.02178604954727,4
"6240",158,3.79400430899113,5,-17.0978922182683,4
"6241",158,9.65108466660604,1,14.0696669831,4
"6242",158,9.65108466660604,2,-11.428025163229,4
"6243",158,9.65108466660604,3,2.09745983427735,4
"6244",158,9.65108466660604,4,15.5994608048614,4
"6245",158,9.65108466660604,5,-5.46865587822893,4
"6246",158,10.2456753539154,1,3.87468162507802,4
"6247",158,10.2456753539154,2,2.1730724346287,4
"6248",158,10.2456753539154,3,-5.36611703231731,4
"6249",158,10.2456753539154,4,24.1388988945883,4
"6250",158,10.2456753539154,5,1.75812347087472,4
"6251",159,0,1,8.69539674446798,4
"6252",159,0,2,-9.44654515449499,4
"6253",159,0,3,-11.3343146532739,4
"6254",159,0,4,18.0757697424471,4
"6255",159,0,5,10.2993144393111,4
"6256",159,1.03298756899312,1,13.3736062734275,4
"6257",159,1.03298756899312,2,-3.13737523662569,4
"6258",159,1.03298756899312,3,-4.19984662565525,4
"6259",159,1.03298756899312,4,6.02501627199693,4
"6260",159,1.03298756899312,5,-2.65075340080216,4
"6261",159,2.68637888156809,1,28.6023620068008,4
"6262",159,2.68637888156809,2,-17.1224973939333,4
"6263",159,2.68637888156809,3,-4.29801671677899,4
"6264",159,2.68637888156809,4,19.3437823221617,4
"6265",159,2.68637888156809,5,2.70656309493473,4
"6266",159,3.61050758138299,1,28.2402664263536,4
"6267",159,3.61050758138299,2,-16.1196479546045,4
"6268",159,3.61050758138299,3,0.570589925647606,4
"6269",159,3.61050758138299,4,3.13522994539603,4
"6270",159,3.61050758138299,5,7.05854800286312,4
"6271",159,3.77102240629029,1,27.6965243334219,4
"6272",159,3.77102240629029,2,-29.8072930299885,4
"6273",159,3.77102240629029,3,-9.00055626177383,4
"6274",159,3.77102240629029,4,9.34225985504169,4
"6275",159,3.77102240629029,5,-16.525645746425,4
"6276",159,5.55542615498416,1,14.6863484483715,4
"6277",159,5.55542615498416,2,-25.7413468210256,4
"6278",159,5.55542615498416,3,-11.9395565560645,4
"6279",159,5.55542615498416,4,18.4597075189394,4
"6280",159,5.55542615498416,5,11.3022809094189,4
"6281",159,6.45618910877965,1,17.1069716564467,4
"6282",159,6.45618910877965,2,-22.6659545904783,4
"6283",159,6.45618910877965,3,-11.4037688957868,4
"6284",159,6.45618910877965,4,29.4089451234353,4
"6285",159,6.45618910877965,5,-4.18773656898414,4
"6286",159,7.16245717718266,1,-10.1467023025919,4
"6287",159,7.16245717718266,2,-28.9505845508186,4
"6288",159,7.16245717718266,3,8.26355176321192,4
"6289",159,7.16245717718266,4,4.81664334228093,4
"6290",159,7.16245717718266,5,-1.97142188321682,4
"6291",160,0,1,17.8425274502164,4
"6292",160,0,2,-23.9913842030854,4
"6293",160,0,3,8.20100870340878,4
"6294",160,0,4,5.69175378285771,4
"6295",160,0,5,-10.6255695091222,4
"6296",160,3.87780430051498,1,14.6240671381487,4
"6297",160,3.87780430051498,2,1.17041979007296,4
"6298",160,3.87780430051498,3,0.669533774910872,4
"6299",160,3.87780430051498,4,23.9475113830083,4
"6300",160,3.87780430051498,5,2.69363252860994,4
"6301",160,4.09215251950081,1,10.6924126003406,4
"6302",160,4.09215251950081,2,-15.9596829219883,4
"6303",160,4.09215251950081,3,-4.75717818443572,4
"6304",160,4.09215251950081,4,28.321467250506,4
"6305",160,4.09215251950081,5,5.60486594716108,4
"6306",160,7.51088497287128,1,6.94232556989279,4
"6307",160,7.51088497287128,2,-7.24245383813812,4
"6308",160,7.51088497287128,3,-3.99885390033263,4
"6309",160,7.51088497287128,4,13.381196535462,4
"6310",160,7.51088497287128,5,-5.62035892496465,4
"6311",160,8.52608224493451,1,22.5228793673962,4
"6312",160,8.52608224493451,2,-4.18173497445288,4
"6313",160,8.52608224493451,3,-0.0151208099854112,4
"6314",160,8.52608224493451,4,5.59636266909694,4
"6315",160,8.52608224493451,5,-26.1913549527562,4
"6316",160,8.61847565835342,1,6.88132959161821,4
"6317",160,8.61847565835342,2,0.194700244387437,4
"6318",160,8.61847565835342,3,-10.846720957241,4
"6319",160,8.61847565835342,4,1.01488095753098,4
"6320",160,8.61847565835342,5,-34.4386919411766,4
"6321",160,10.0765324385138,1,-0.13766126159771,4
"6322",160,10.0765324385138,2,-7.18642019281218,4
"6323",160,10.0765324385138,3,-13.0541633553211,4
"6324",160,10.0765324385138,4,-5.22493742941215,4
"6325",160,10.0765324385138,5,-7.50022743064524,4
"6326",160,10.421064354945,1,5.36670364324576,4
"6327",160,10.421064354945,2,-27.3764903849333,4
"6328",160,10.421064354945,3,17.372222317997,4
"6329",160,10.421064354945,4,27.7158212047564,4
"6330",160,10.421064354945,5,-14.2018586840345,4
"6331",161,0,1,16.3007681614047,4
"6332",161,0,2,-9.61919766107632,4
"6333",161,0,3,-10.6022402548524,4
"6334",161,0,4,10.2923325813004,4
"6335",161,0,5,7.97671181632022,4
"6336",161,1.81173034536187,1,40.0461117125864,4
"6337",161,1.81173034536187,2,-12.8701255115675,4
"6338",161,1.81173034536187,3,-7.02596832287598,4
"6339",161,1.81173034536187,4,23.2201195199245,4
"6340",161,1.81173034536187,5,-25.3762244672416,4
"6341",161,2.09253933501896,1,22.1890507227377,4
"6342",161,2.09253933501896,2,-39.8277380790534,4
"6343",161,2.09253933501896,3,10.9093088920558,4
"6344",161,2.09253933501896,4,10.4626242321161,4
"6345",161,2.09253933501896,5,16.1440956995264,4
"6346",161,2.21531438385136,1,34.9273008821634,4
"6347",161,2.21531438385136,2,-22.1052474831186,4
"6348",161,2.21531438385136,3,-3.03813035685658,4
"6349",161,2.21531438385136,4,0.882595788426141,4
"6350",161,2.21531438385136,5,20.6850712507007,4
"6351",161,2.95318169111852,1,25.030684144834,4
"6352",161,2.95318169111852,2,-4.46890136348512,4
"6353",161,2.95318169111852,3,-16.2026227786121,4
"6354",161,2.95318169111852,4,7.24005741717919,4
"6355",161,2.95318169111852,5,14.6977577230066,4
"6356",161,5.48651295923628,1,12.7257885800129,4
"6357",161,5.48651295923628,2,-30.8679954965087,4
"6358",161,5.48651295923628,3,-4.68053530059904,4
"6359",161,5.48651295923628,4,17.9994768479694,4
"6360",161,5.48651295923628,5,-14.4828004686463,4
"6361",161,6.12282893026713,1,26.187795504597,4
"6362",161,6.12282893026713,2,-22.5243177207482,4
"6363",161,6.12282893026713,3,19.0716656134162,4
"6364",161,6.12282893026713,4,10.6693431375486,4
"6365",161,6.12282893026713,5,-40.5287346766449,4
"6366",161,8.65184381965082,1,8.71080715738091,4
"6367",161,8.65184381965082,2,-14.6470440382671,4
"6368",161,8.65184381965082,3,-9.30581443595173,4
"6369",161,8.65184381965082,4,7.61730517352054,4
"6370",161,8.65184381965082,5,-4.98021034812348,4
"6371",162,0,1,30.1674588504452,4
"6372",162,0,2,-20.2043006104507,4
"6373",162,0,3,11.1174948193634,4
"6374",162,0,4,35.8777274596304,4
"6375",162,0,5,4.36274696422614,4
"6376",162,1.37175449170172,1,28.6682852114784,4
"6377",162,1.37175449170172,2,-7.67281144745887,4
"6378",162,1.37175449170172,3,-0.673215750654582,4
"6379",162,1.37175449170172,4,11.7264114058144,4
"6380",162,1.37175449170172,5,-6.3984597786575,4
"6381",162,6.33724451845046,1,12.64469439958,4
"6382",162,6.33724451845046,2,-8.28554836472865,4
"6383",162,6.33724451845046,3,-8.1038934485137,4
"6384",162,6.33724451845046,4,2.74582809409576,4
"6385",162,6.33724451845046,5,0.28014635527367,4
"6386",162,8.39371039683465,1,22.8026195372563,4
"6387",162,8.39371039683465,2,-8.06753937472738,4
"6388",162,8.39371039683465,3,-9.76775997018855,4
"6389",162,8.39371039683465,4,-10.5213380426447,4
"6390",162,8.39371039683465,5,-8.10094244119503,4
"6391",163,0,1,19.0497212297152,4
"6392",163,0,2,-11.1708994935437,4
"6393",163,0,3,-12.2905234762934,4
"6394",163,0,4,13.3200954630661,4
"6395",163,0,5,-6.63994804550206,4
"6396",163,1.54752206034027,1,2.50016470934072,4
"6397",163,1.54752206034027,2,-25.3276426018043,4
"6398",163,1.54752206034027,3,-15.7670453287771,4
"6399",163,1.54752206034027,4,6.14433547582971,4
"6400",163,1.54752206034027,5,-3.48424208950735,4
"6401",163,2.20160062180366,1,33.011612407937,4
"6402",163,2.20160062180366,2,-26.8259160633545,4
"6403",163,2.20160062180366,3,13.2084001023937,4
"6404",163,2.20160062180366,4,17.9012003540994,4
"6405",163,2.20160062180366,5,-21.2539273468579,4
"6406",163,5.24825689184945,1,15.1081289743955,4
"6407",163,5.24825689184945,2,-13.4707957245823,4
"6408",163,5.24825689184945,3,-17.4514663082506,4
"6409",163,5.24825689184945,4,10.675497164206,4
"6410",163,5.24825689184945,5,-12.5057485767864,4
"6411",163,5.81561682338361,1,19.5023862044479,4
"6412",163,5.81561682338361,2,-17.8761655240255,4
"6413",163,5.81561682338361,3,-10.9654609536183,4
"6414",163,5.81561682338361,4,-0.872659444217629,4
"6415",163,5.81561682338361,5,-2.95897688917935,4
"6416",163,7.23958709498402,1,34.2154382634734,4
"6417",163,7.23958709498402,2,-14.7500767315502,4
"6418",163,7.23958709498402,3,9.71366893349924,4
"6419",163,7.23958709498402,4,34.1356946713074,4
"6420",163,7.23958709498402,5,-10.2467017932235,4
"6421",163,10.8681481833337,1,28.4005107230471,4
"6422",163,10.8681481833337,2,-0.868699899343589,4
"6423",163,10.8681481833337,3,20.7000352588952,4
"6424",163,10.8681481833337,4,19.1982481121402,4
"6425",163,10.8681481833337,5,-2.76771597949204,4
"6426",164,0,1,14.267349995039,4
"6427",164,0,2,-35.1853288803777,4
"6428",164,0,3,9.93319003501151,4
"6429",164,0,4,-2.0674989246504,4
"6430",164,0,5,8.28135146992984,4
"6431",164,3.2822133381851,1,20.0562728366656,4
"6432",164,3.2822133381851,2,-16.2476616362063,4
"6433",164,3.2822133381851,3,6.69022127170791,4
"6434",164,3.2822133381851,4,-3.39983481372828,4
"6435",164,3.2822133381851,5,-24.6212935182252,4
"6436",164,5.64262162300292,1,30.1535338715778,4
"6437",164,5.64262162300292,2,-12.1073283271469,4
"6438",164,5.64262162300292,3,-7.04387039977081,4
"6439",164,5.64262162300292,4,18.9324270178689,4
"6440",164,5.64262162300292,5,9.33209250511221,4
"6441",164,9.10405688208994,1,29.6355527911671,4
"6442",164,9.10405688208994,2,-1.1431508951968,4
"6443",164,9.10405688208994,3,9.92315727875969,4
"6444",164,9.10405688208994,4,3.71657580642815,4
"6445",164,9.10405688208994,5,-2.38580553954776,4
"6446",165,0,1,1.66637073378619,4
"6447",165,0,2,-15.8799389667991,4
"6448",165,0,3,-25.8968193579974,4
"6449",165,0,4,11.507630454614,4
"6450",165,0,5,-10.5621851048436,4
"6451",165,1.47971558279824,1,21.0330775171503,4
"6452",165,1.47971558279824,2,-15.7303601941841,4
"6453",165,1.47971558279824,3,8.499826279139,4
"6454",165,1.47971558279824,4,19.4316336479411,4
"6455",165,1.47971558279824,5,-6.05230655031,4
"6456",165,3.77766976610292,1,9.80160500481989,4
"6457",165,3.77766976610292,2,-10.5256971127747,4
"6458",165,3.77766976610292,3,-4.57483491670618,4
"6459",165,3.77766976610292,4,7.9752743795213,4
"6460",165,3.77766976610292,5,-6.2555776171341,4
"6461",165,5.92047955235466,1,11.4767756593683,4
"6462",165,5.92047955235466,2,-4.5153293810469,4
"6463",165,5.92047955235466,3,-16.1357397669683,4
"6464",165,5.92047955235466,4,43.9564946327926,4
"6465",165,5.92047955235466,5,-17.060920820205,4
"6466",165,6.07306931295898,1,20.0227652653532,4
"6467",165,6.07306931295898,2,-24.8491637980012,4
"6468",165,6.07306931295898,3,3.84714984156073,4
"6469",165,6.07306931295898,4,32.1107728528628,4
"6470",165,6.07306931295898,5,-5.48356495651865,4
"6471",165,7.56161349941976,1,9.71744135885833,4
"6472",165,7.56161349941976,2,-8.69553523486777,4
"6473",165,7.56161349941976,3,-2.65671266133788,4
"6474",165,7.56161349941976,4,21.5617697510624,4
"6475",165,7.56161349941976,5,-2.40285179367201,4
"6476",165,9.13608129962813,1,13.0544686485138,4
"6477",165,9.13608129962813,2,-1.33180756832432,4
"6478",165,9.13608129962813,3,-19.67665336175,4
"6479",165,9.13608129962813,4,3.2169373351221,4
"6480",165,9.13608129962813,5,-30.1630650479084,4
"6481",165,9.40746433206368,1,11.6273498872958,4
"6482",165,9.40746433206368,2,-31.0477882380914,4
"6483",165,9.40746433206368,3,-22.7744535894003,4
"6484",165,9.40746433206368,4,-17.872385667164,4
"6485",165,9.40746433206368,5,-13.4997683960392,4
"6486",166,0,1,10.4030690752734,4
"6487",166,0,2,-26.0133680418964,4
"6488",166,0,3,-10.3353800504871,4
"6489",166,0,4,23.6699838507297,4
"6490",166,0,5,10.7567608862822,4
"6491",166,3.49294856644701,1,27.8923705534313,4
"6492",166,3.49294856644701,2,-28.9988939589217,4
"6493",166,3.49294856644701,3,-7.0824107334021,4
"6494",166,3.49294856644701,4,-0.25155394779847,4
"6495",166,3.49294856644701,5,8.3736910358866,4
"6496",166,3.71414201369043,1,8.33110210333001,4
"6497",166,3.71414201369043,2,-16.381444250113,4
"6498",166,3.71414201369043,3,-9.57332590014064,4
"6499",166,3.71414201369043,4,12.5858923611372,4
"6500",166,3.71414201369043,5,-6.6282404664383,4
"6501",166,6.87077663699165,1,23.2536677307423,4
"6502",166,6.87077663699165,2,-21.6509467900253,4
"6503",166,6.87077663699165,3,3.34150908316845,4
"6504",166,6.87077663699165,4,17.4894592711456,4
"6505",166,6.87077663699165,5,-37.3668012157519,4
"6506",166,9.13111778593156,1,24.969154019998,4
"6507",166,9.13111778593156,2,-16.7064402525955,4
"6508",166,9.13111778593156,3,9.64191438861886,4
"6509",166,9.13111778593156,4,17.365461867828,4
"6510",166,9.13111778593156,5,-0.479522643213151,4
"6511",166,10.5542117934674,1,10.4299025965508,4
"6512",166,10.5542117934674,2,-19.5584698153129,4
"6513",166,10.5542117934674,3,1.55060412156828,4
"6514",166,10.5542117934674,4,1.40116925500944,4
"6515",166,10.5542117934674,5,-6.41428760355526,4
"6516",167,0,1,44.7366868546425,4
"6517",167,0,2,-29.925328717717,4
"6518",167,0,3,1.55142705926043,4
"6519",167,0,4,-0.753604592216565,4
"6520",167,0,5,11.3221142060981,4
"6521",167,1.03448544023558,1,28.606399973386,4
"6522",167,1.03448544023558,2,-14.2277440035619,4
"6523",167,1.03448544023558,3,10.8808192773651,4
"6524",167,1.03448544023558,4,14.8784367731954,4
"6525",167,1.03448544023558,5,-21.1387151688523,4
"6526",167,1.39458647184074,1,41.7068888999795,4
"6527",167,1.39458647184074,2,-22.9844179876361,4
"6528",167,1.39458647184074,3,13.9119468157434,4
"6529",167,1.39458647184074,4,25.2085536745247,4
"6530",167,1.39458647184074,5,6.7793716348686,4
"6531",167,1.77033345866948,1,29.1500255516636,4
"6532",167,1.77033345866948,2,-20.2558814072392,4
"6533",167,1.77033345866948,3,-1.76040294219369,4
"6534",167,1.77033345866948,4,15.0095980515898,4
"6535",167,1.77033345866948,5,-22.5870969555539,4
"6536",167,5.49353935115505,1,10.0991256029439,4
"6537",167,5.49353935115505,2,-5.8274641834945,4
"6538",167,5.49353935115505,3,3.19353954016247,4
"6539",167,5.49353935115505,4,17.8950012636192,4
"6540",167,5.49353935115505,5,-23.2617988293106,4
"6541",167,8.46487034321763,1,36.7184126989474,4
"6542",167,8.46487034321763,2,-11.3144866480488,4
"6543",167,8.46487034321763,3,-14.0611339272826,4
"6544",167,8.46487034321763,4,9.03493363551099,4
"6545",167,8.46487034321763,5,0.799674347373603,4
"6546",168,0,1,21.7458660626591,4
"6547",168,0,2,-22.32941326626,4
"6548",168,0,3,3.30724659590345,4
"6549",168,0,4,9.71846121761461,4
"6550",168,0,5,8.48472242324817,4
"6551",168,0.908901904826052,1,8.78900391392591,4
"6552",168,0.908901904826052,2,-10.7954492917222,4
"6553",168,0.908901904826052,3,-7.490575522208,4
"6554",168,0.908901904826052,4,5.47647600173901,4
"6555",168,0.908901904826052,5,-6.54970715548353,4
"6556",168,1.34675631939899,1,15.9504250113932,4
"6557",168,1.34675631939899,2,-0.542096657854366,4
"6558",168,1.34675631939899,3,-9.03485817825158,4
"6559",168,1.34675631939899,4,23.4603082627272,4
"6560",168,1.34675631939899,5,-23.6227432972429,4
"6561",168,3.06527856935281,1,27.7757035781861,4
"6562",168,3.06527856935281,2,-25.113961130213,4
"6563",168,3.06527856935281,3,-9.62455413885754,4
"6564",168,3.06527856935281,4,16.8701219836398,4
"6565",168,3.06527856935281,5,6.65404457129685,4
"6566",168,5.28385866829194,1,25.1441546056669,4
"6567",168,5.28385866829194,2,-19.1861076317946,4
"6568",168,5.28385866829194,3,24.6656125497767,4
"6569",168,5.28385866829194,4,0.998039648645827,4
"6570",168,5.28385866829194,5,-0.574630044673529,4
"6571",168,5.70558709674515,1,12.0016298003871,4
"6572",168,5.70558709674515,2,-8.29758224581819,4
"6573",168,5.70558709674515,3,10.2227347892774,4
"6574",168,5.70558709674515,4,12.5667203993835,4
"6575",168,5.70558709674515,5,-12.0788831015886,4
"6576",168,6.94271393155213,1,19.7797596742992,4
"6577",168,6.94271393155213,2,-20.2001006831508,4
"6578",168,6.94271393155213,3,4.22863410117643,4
"6579",168,6.94271393155213,4,24.799411885527,4
"6580",168,6.94271393155213,5,-10.811626371218,4
"6581",168,7.51391207624692,1,36.446856361506,4
"6582",168,7.51391207624692,2,-18.6308785265487,4
"6583",168,7.51391207624692,3,-0.447238870190958,4
"6584",168,7.51391207624692,4,10.3145083031652,4
"6585",168,7.51391207624692,5,-3.75724710648656,4
"6586",168,7.65544424054679,1,17.2657508611848,4
"6587",168,7.65544424054679,2,-7.63594023349714,4
"6588",168,7.65544424054679,3,7.3191314705701,4
"6589",168,7.65544424054679,4,10.42889783666,4
"6590",168,7.65544424054679,5,-3.76120796106855,4
"6591",168,9.07051136600785,1,12.7931639648129,4
"6592",168,9.07051136600785,2,-12.305988316841,4
"6593",168,9.07051136600785,3,7.12789479459023,4
"6594",168,9.07051136600785,4,1.07791486850073,4
"6595",168,9.07051136600785,5,0.287042070350285,4
"6596",168,9.73028637364041,1,49.4460941850262,4
"6597",168,9.73028637364041,2,-10.2061329214882,4
"6598",168,9.73028637364041,3,0.502923535996767,4
"6599",168,9.73028637364041,4,-6.71381624107637,4
"6600",168,9.73028637364041,5,-2.54549680478186,4
"6601",168,10.2927145997528,1,22.4682780757166,4
"6602",168,10.2927145997528,2,-3.49035790312802,4
"6603",168,10.2927145997528,3,-26.0607131882201,4
"6604",168,10.2927145997528,4,8.53269813485102,4
"6605",168,10.2927145997528,5,-6.23738207543393,4
"6606",169,0,1,32.0961392015948,4
"6607",169,0,2,-8.01748538065906,4
"6608",169,0,3,0.465932492092473,4
"6609",169,0,4,0.231695894054967,4
"6610",169,0,5,-8.32686742340464,4
"6611",169,0.840062503004447,1,23.644992001685,4
"6612",169,0.840062503004447,2,-23.2968533802637,4
"6613",169,0.840062503004447,3,-12.1424060315985,4
"6614",169,0.840062503004447,4,9.82086157484589,4
"6615",169,0.840062503004447,5,-2.59578590161634,4
"6616",169,0.892707674298435,1,46.2137161999243,4
"6617",169,0.892707674298435,2,-29.6686371842882,4
"6618",169,0.892707674298435,3,22.5611284191964,4
"6619",169,0.892707674298435,4,8.87472625356091,4
"6620",169,0.892707674298435,5,1.37218551706641,4
"6621",169,2.05164605611935,1,31.1800715544207,4
"6622",169,2.05164605611935,2,-8.12967235282864,4
"6623",169,2.05164605611935,3,-2.58438309853901,4
"6624",169,2.05164605611935,4,17.6947901024059,4
"6625",169,2.05164605611935,5,-8.33701547551524,4
"6626",169,3.3085711938329,1,33.4811784824289,4
"6627",169,3.3085711938329,2,-19.0814100675353,4
"6628",169,3.3085711938329,3,14.7630204183595,4
"6629",169,3.3085711938329,4,1.57257019256896,4
"6630",169,3.3085711938329,5,0.43208877253962,4
"6631",169,7.51555500749964,1,2.04281439279471,4
"6632",169,7.51555500749964,2,-8.65640518496861,4
"6633",169,7.51555500749964,3,-7.08296906973954,4
"6634",169,7.51555500749964,4,-19.7085845341737,4
"6635",169,7.51555500749964,5,-22.5427708025773,4
"6636",169,8.01188354345504,1,23.7310526307862,4
"6637",169,8.01188354345504,2,-12.9527434492449,4
"6638",169,8.01188354345504,3,-17.8378202349328,4
"6639",169,8.01188354345504,4,9.47155124517336,4
"6640",169,8.01188354345504,5,-20.4456374035952,4
"6641",169,9.59121779212728,1,20.6992383068123,4
"6642",169,9.59121779212728,2,-36.0418600941301,4
"6643",169,9.59121779212728,3,-11.481912348506,4
"6644",169,9.59121779212728,4,-8.22842137264693,4
"6645",169,9.59121779212728,5,-20.5593325812225,4
"6646",169,9.91745629080106,1,35.6588859273805,4
"6647",169,9.91745629080106,2,-6.72630114826032,4
"6648",169,9.91745629080106,3,6.47881476298685,4
"6649",169,9.91745629080106,4,16.3498216069192,4
"6650",169,9.91745629080106,5,4.16217867495803,4
"6651",169,9.93169028719421,1,26.3853289409827,4
"6652",169,9.93169028719421,2,2.68173678613846,4
"6653",169,9.93169028719421,3,26.7983098198067,4
"6654",169,9.93169028719421,4,15.6080254509098,4
"6655",169,9.93169028719421,5,-8.65543624825761,4
"6656",169,10.6282639948186,1,13.718469905506,4
"6657",169,10.6282639948186,2,8.74045770705307,4
"6658",169,10.6282639948186,3,16.3735806796506,4
"6659",169,10.6282639948186,4,-16.017294269981,4
"6660",169,10.6282639948186,5,-11.6586142496259,4
"6661",170,0,1,3.13931753072116,4
"6662",170,0,2,5.23454370760984,4
"6663",170,0,3,3.69726601246059,4
"6664",170,0,4,33.4651898456933,4
"6665",170,0,5,7.18397775417851,4
"6666",170,1.85647756187245,1,16.3330477405741,4
"6667",170,1.85647756187245,2,-9.21385368124195,4
"6668",170,1.85647756187245,3,-1.33473183732045,4
"6669",170,1.85647756187245,4,27.5732645905818,4
"6670",170,1.85647756187245,5,-10.3632649211333,4
"6671",170,4.16783575853333,1,13.2572317992475,4
"6672",170,4.16783575853333,2,-12.3582484088319,4
"6673",170,4.16783575853333,3,4.52386311278388,4
"6674",170,4.16783575853333,4,6.9972603253693,4
"6675",170,4.16783575853333,5,-14.3734183203436,4
"6676",170,5.47623743431177,1,9.57925664167331,4
"6677",170,5.47623743431177,2,-6.89138410566859,4
"6678",170,5.47623743431177,3,-2.6002054558867,4
"6679",170,5.47623743431177,4,30.2666783442571,4
"6680",170,5.47623743431177,5,-28.7822633703459,4
"6681",170,9.20482095924672,1,25.8398575605934,4
"6682",170,9.20482095924672,2,5.17290035062034,4
"6683",170,9.20482095924672,3,8.60178752422991,4
"6684",170,9.20482095924672,4,46.1853953416168,4
"6685",170,9.20482095924672,5,6.35183937097322,4
"6686",171,0,1,16.9907431124673,4
"6687",171,0,2,-20.4917466786012,4
"6688",171,0,3,-6.6995080780007,4
"6689",171,0,4,12.5897976894637,4
"6690",171,0,5,-1.53617150981658,4
"6691",171,2.76794737018645,1,8.75808369181837,4
"6692",171,2.76794737018645,2,-4.1433874729969,4
"6693",171,2.76794737018645,3,7.6712441362311,4
"6694",171,2.76794737018645,4,25.2611956767527,4
"6695",171,2.76794737018645,5,1.96921334794701,4
"6696",171,4.44085222936701,1,9.36449251938567,4
"6697",171,4.44085222936701,2,-34.2258460099972,4
"6698",171,4.44085222936701,3,-15.6032725084685,4
"6699",171,4.44085222936701,4,40.3128889768971,4
"6700",171,4.44085222936701,5,-6.76006183543896,4
"6701",171,9.12478537473362,1,14.374617228126,4
"6702",171,9.12478537473362,2,-2.63316665713917,4
"6703",171,9.12478537473362,3,-0.37431446635893,4
"6704",171,9.12478537473362,4,19.2674497313615,4
"6705",171,9.12478537473362,5,12.553544387145,4
"6706",171,9.22418639727402,1,11.2960337654193,4
"6707",171,9.22418639727402,2,-19.4021900223269,4
"6708",171,9.22418639727402,3,-12.8058645886534,4
"6709",171,9.22418639727402,4,3.65672179337037,4
"6710",171,9.22418639727402,5,-23.645427641111,4
"6711",172,0,1,24.3487910997155,4
"6712",172,0,2,-24.6957151136103,4
"6713",172,0,3,-2.59975664581075,4
"6714",172,0,4,20.9377928207423,4
"6715",172,0,5,-9.95928648475123,4
"6716",172,0.692872722051106,1,11.4548351589352,4
"6717",172,0.692872722051106,2,-9.11621240821242,4
"6718",172,0.692872722051106,3,-11.1115171017393,4
"6719",172,0.692872722051106,4,7.38070327057898,4
"6720",172,0.692872722051106,5,-4.00902072910811,4
"6721",172,1.13942243007477,1,12.5738532914047,4
"6722",172,1.13942243007477,2,-22.7976113807098,4
"6723",172,1.13942243007477,3,-12.9186353599449,4
"6724",172,1.13942243007477,4,18.1769491940441,4
"6725",172,1.13942243007477,5,-9.26883759342421,4
"6726",172,3.19467335753143,1,20.1678846055766,4
"6727",172,3.19467335753143,2,-3.90575209315819,4
"6728",172,3.19467335753143,3,13.8604313183407,4
"6729",172,3.19467335753143,4,28.9673344154609,4
"6730",172,3.19467335753143,5,-6.66533084286585,4
"6731",172,3.23876320791896,1,11.1182004082256,4
"6732",172,3.23876320791896,2,-4.04434023610215,4
"6733",172,3.23876320791896,3,19.0509695698088,4
"6734",172,3.23876320791896,4,46.1911638464575,4
"6735",172,3.23876320791896,5,-5.62027987252861,4
"6736",172,4.58442762121558,1,7.57840788683923,4
"6737",172,4.58442762121558,2,8.84086563303574,4
"6738",172,4.58442762121558,3,10.6409470831531,4
"6739",172,4.58442762121558,4,9.24441687762859,4
"6740",172,4.58442762121558,5,-27.2088916930359,4
"6741",172,4.81206148746423,1,1.18299899620792,4
"6742",172,4.81206148746423,2,-14.7834009920407,4
"6743",172,4.81206148746423,3,20.7881930775074,4
"6744",172,4.81206148746423,4,13.0463214282756,4
"6745",172,4.81206148746423,5,-16.99178328875,4
"6746",172,6.2273999232566,1,11.0975273901393,4
"6747",172,6.2273999232566,2,-1.3558044893722,4
"6748",172,6.2273999232566,3,-18.7057733535121,4
"6749",172,6.2273999232566,4,20.1190736286316,4
"6750",172,6.2273999232566,5,-27.3979291606164,4
"6751",172,8.00096033839509,1,-1.13533533697712,4
"6752",172,8.00096033839509,2,-23.4890451627307,4
"6753",172,8.00096033839509,3,-11.728538111946,4
"6754",172,8.00096033839509,4,6.74010923711358,4
"6755",172,8.00096033839509,5,-19.0464669065165,4
"6756",172,9.75988148828037,1,18.6159940604867,4
"6757",172,9.75988148828037,2,-21.1938115217996,4
"6758",172,9.75988148828037,3,20.6360652189364,4
"6759",172,9.75988148828037,4,-6.19794306660329,4
"6760",172,9.75988148828037,5,-31.5172995216263,4
"6761",172,9.89462260424625,1,16.8664454679996,4
"6762",172,9.89462260424625,2,3.72973667323966,4
"6763",172,9.89462260424625,3,17.4221709157694,4
"6764",172,9.89462260424625,4,7.85607538793649,4
"6765",172,9.89462260424625,5,-12.6602956540017,4
"6766",172,10.9999893850181,1,22.5383323784677,4
"6767",172,10.9999893850181,2,9.02135674225323,4
"6768",172,10.9999893850181,3,7.99205157955022,4
"6769",172,10.9999893850181,4,-1.01808383093596,4
"6770",172,10.9999893850181,5,-12.6419855517234,4
"6771",173,0,1,16.2156669827088,4
"6772",173,0,2,-29.2288131539146,4
"6773",173,0,3,-6.84340885477325,4
"6774",173,0,4,-2.74761551618983,4
"6775",173,0,5,5.52906190536057,4
"6776",173,1.6230441017542,1,12.2109019705119,4
"6777",173,1.6230441017542,2,-0.975723230308247,4
"6778",173,1.6230441017542,3,-2.72191054191353,4
"6779",173,1.6230441017542,4,10.8225821145041,4
"6780",173,1.6230441017542,5,-21.1488481314697,4
"6781",173,3.33246011275332,1,16.696120730358,4
"6782",173,3.33246011275332,2,-29.2250209754199,4
"6783",173,3.33246011275332,3,-12.7537845779349,4
"6784",173,3.33246011275332,4,6.37603676614553,4
"6785",173,3.33246011275332,5,-5.92125558568979,4
"6786",173,3.97844586044084,1,21.5862924354008,4
"6787",173,3.97844586044084,2,-24.6052286883757,4
"6788",173,3.97844586044084,3,-16.2209073164847,4
"6789",173,3.97844586044084,4,0.462592232768786,4
"6790",173,3.97844586044084,5,8.7991621476145,4
"6791",173,5.82830742292572,1,31.7569411661076,4
"6792",173,5.82830742292572,2,-32.3067680444539,4
"6793",173,5.82830742292572,3,-1.36355768142399,4
"6794",173,5.82830742292572,4,15.5890714233953,4
"6795",173,5.82830742292572,5,-2.16959951477368,4
"6796",173,6.07178854767699,1,19.2996101881891,4
"6797",173,6.07178854767699,2,-9.38664252792771,4
"6798",173,6.07178854767699,3,5.98651607334508,4
"6799",173,6.07178854767699,4,27.5302634897475,4
"6800",173,6.07178854767699,5,-10.9150674182948,4
"6801",173,7.21201336185914,1,3.79022627311434,4
"6802",173,7.21201336185914,2,6.00361351257247,4
"6803",173,7.21201336185914,3,4.27357976697114,4
"6804",173,7.21201336185914,4,13.1793053032912,4
"6805",173,7.21201336185914,5,-24.167796806289,4
"6806",173,7.65071280428674,1,25.8394973317194,4
"6807",173,7.65071280428674,2,-22.4717360146262,4
"6808",173,7.65071280428674,3,7.79435233034926,4
"6809",173,7.65071280428674,4,2.52369968787915,4
"6810",173,7.65071280428674,5,-12.22831024697,4
"6811",173,8.18292338692117,1,14.4420489598457,4
"6812",173,8.18292338692117,2,-28.400671356354,4
"6813",173,8.18292338692117,3,7.28284827638812,4
"6814",173,8.18292338692117,4,9.78316991599813,4
"6815",173,8.18292338692117,5,9.29482062010609,4
"6816",173,9.32657975924667,1,30.9492984439404,4
"6817",173,9.32657975924667,2,-15.5393462954118,4
"6818",173,9.32657975924667,3,-12.8672131007609,4
"6819",173,9.32657975924667,4,2.95758549557872,4
"6820",173,9.32657975924667,5,5.62163375577358,4
"6821",173,9.38451171957422,1,-7.19457138579715,4
"6822",173,9.38451171957422,2,5.88922226290564,4
"6823",173,9.38451171957422,3,14.0118184000102,4
"6824",173,9.38451171957422,4,-7.88740312194365,4
"6825",173,9.38451171957422,5,-18.3436019454604,4
"6826",173,10.7240653528133,1,44.4913306706264,4
"6827",173,10.7240653528133,2,15.0124056443211,4
"6828",173,10.7240653528133,3,-10.0384637990034,4
"6829",173,10.7240653528133,4,4.75944567063267,4
"6830",173,10.7240653528133,5,-24.4896650211129,4
"6831",174,0,1,26.16707519926,4
"6832",174,0,2,-26.2565083467891,4
"6833",174,0,3,5.44896324096594,4
"6834",174,0,4,16.3333962966749,4
"6835",174,0,5,6.95159878495599,4
"6836",174,3.93773697956931,1,32.8813515698679,4
"6837",174,3.93773697956931,2,-21.2468681831993,4
"6838",174,3.93773697956931,3,6.75472070813902,4
"6839",174,3.93773697956931,4,16.0937762867852,4
"6840",174,3.93773697956931,5,-3.16799626387765,4
"6841",174,4.29797634331044,1,10.7846215137254,4
"6842",174,4.29797634331044,2,-32.4863380847163,4
"6843",174,4.29797634331044,3,16.5288892085101,4
"6844",174,4.29797634331044,4,18.1280465443773,4
"6845",174,4.29797634331044,5,7.67328643117576,4
"6846",174,8.25524696463253,1,24.7594324569949,4
"6847",174,8.25524696463253,2,-9.28357982590637,4
"6848",174,8.25524696463253,3,1.5653963306138,4
"6849",174,8.25524696463253,4,-1.75753844751311,4
"6850",174,8.25524696463253,5,2.73075386240115,4
"6851",174,9.11241410963703,1,8.35795884541599,4
"6852",174,9.11241410963703,2,-14.7651814949343,4
"6853",174,9.11241410963703,3,1.35212798285038,4
"6854",174,9.11241410963703,4,28.9768607318951,4
"6855",174,9.11241410963703,5,-13.83803848969,4
"6856",174,9.74516150320414,1,16.8111297286189,4
"6857",174,9.74516150320414,2,-0.372071360802858,4
"6858",174,9.74516150320414,3,-5.17267735499106,4
"6859",174,9.74516150320414,4,-0.0381247143092533,4
"6860",174,9.74516150320414,5,1.02800984712663,4
"6861",175,0,1,13.6717925700021,4
"6862",175,0,2,-29.0086844492842,4
"6863",175,0,3,-1.67730395869101,4
"6864",175,0,4,6.07475232654333,4
"6865",175,0,5,4.03187128937041,4
"6866",175,0.625311088282615,1,24.5675133174526,4
"6867",175,0.625311088282615,2,-38.0602578467765,4
"6868",175,0.625311088282615,3,13.4872813170332,4
"6869",175,0.625311088282615,4,-3.5371466215505,4
"6870",175,0.625311088282615,5,4.70461528399101,4
"6871",175,1.61198193382006,1,10.5391360901439,4
"6872",175,1.61198193382006,2,-22.5725263077154,4
"6873",175,1.61198193382006,3,-7.10663735460112,4
"6874",175,1.61198193382006,4,12.7416668094899,4
"6875",175,1.61198193382006,5,-21.5099758211477,4
"6876",175,2.90277278749272,1,17.1517127165481,4
"6877",175,2.90277278749272,2,-21.8289008089716,4
"6878",175,2.90277278749272,3,16.9391780876989,4
"6879",175,2.90277278749272,4,34.9350110977313,4
"6880",175,2.90277278749272,5,-3.306170821241,4
"6881",175,4.35096431348938,1,34.9299620940462,4
"6882",175,4.35096431348938,2,-3.64596493201591,4
"6883",175,4.35096431348938,3,9.44589548017991,4
"6884",175,4.35096431348938,4,9.52701959433533,4
"6885",175,4.35096431348938,5,-20.0103945649191,4
"6886",175,4.82071580982301,1,35.3437314623521,4
"6887",175,4.82071580982301,2,15.2554195766166,4
"6888",175,4.82071580982301,3,-19.8519015575359,4
"6889",175,4.82071580982301,4,10.4415515605332,4
"6890",175,4.82071580982301,5,-9.98493221399363,4
"6891",175,6.5849954035366,1,14.7802613559891,4
"6892",175,6.5849954035366,2,-10.1038279702252,4
"6893",175,6.5849954035366,3,7.26015839170748,4
"6894",175,6.5849954035366,4,11.6362162071653,4
"6895",175,6.5849954035366,5,-8.16592975785866,4
"6896",175,7.25714322866406,1,40.206600289453,4
"6897",175,7.25714322866406,2,-23.2701632755025,4
"6898",175,7.25714322866406,3,-14.8879461875336,4
"6899",175,7.25714322866406,4,8.53905518549056,4
"6900",175,7.25714322866406,5,-27.604131830714,4
"6901",175,8.33080369664822,1,25.8329794814831,4
"6902",175,8.33080369664822,2,-5.11795784558066,4
"6903",175,8.33080369664822,3,12.2128589756477,4
"6904",175,8.33080369664822,4,28.7900375745803,4
"6905",175,8.33080369664822,5,-8.31528179676904,4
"6906",175,9.15310552052688,1,2.90865292654906,4
"6907",175,9.15310552052688,2,-11.8399137824945,4
"6908",175,9.15310552052688,3,-17.7027738455996,4
"6909",175,9.15310552052688,4,2.92505564959364,4
"6910",175,9.15310552052688,5,-7.18665518729942,4
"6911",175,10.5701916634571,1,-0.751245659135478,4
"6912",175,10.5701916634571,2,-30.1639528769844,4
"6913",175,10.5701916634571,3,15.8603757048184,4
"6914",175,10.5701916634571,4,-5.66674940084332,4
"6915",175,10.5701916634571,5,-6.00097470298965,4
"6916",176,0,1,17.793184934607,4
"6917",176,0,2,-40.9975166746767,4
"6918",176,0,3,-10.6624659734436,4
"6919",176,0,4,-2.08718977789769,4
"6920",176,0,5,-13.0427242530426,4
"6921",176,1.97379680827726,1,8.0004833172611,4
"6922",176,1.97379680827726,2,-22.5102201058365,4
"6923",176,1.97379680827726,3,3.37047917091099,4
"6924",176,1.97379680827726,4,8.75536779881458,4
"6925",176,1.97379680827726,5,-12.5046732616888,4
"6926",176,3.91115139075555,1,26.412537484037,4
"6927",176,3.91115139075555,2,-17.1685527666023,4
"6928",176,3.91115139075555,3,-2.34890509543623,4
"6929",176,3.91115139075555,4,25.6117692892399,4
"6930",176,3.91115139075555,5,-22.3107160577988,4
"6931",176,7.42086430126801,1,22.6477040789726,4
"6932",176,7.42086430126801,2,-4.51884699824446,4
"6933",176,7.42086430126801,3,-12.8530728280421,4
"6934",176,7.42086430126801,4,18.3416342274359,4
"6935",176,7.42086430126801,5,-9.75055169263533,4
"6936",176,8.42914318188559,1,32.9943418240631,4
"6937",176,8.42914318188559,2,2.01092220815596,4
"6938",176,8.42914318188559,3,-7.48780281640852,4
"6939",176,8.42914318188559,4,8.4918841609838,4
"6940",176,8.42914318188559,5,0.218624405965555,4
"6941",176,8.88299246237148,1,17.9438107508184,4
"6942",176,8.88299246237148,2,-18.5876275345383,4
"6943",176,8.88299246237148,3,-7.69347438009568,4
"6944",176,8.88299246237148,4,18.4406013106386,4
"6945",176,8.88299246237148,5,-17.7483688045521,4
"6946",176,10.0411421549506,1,30.5181506267574,4
"6947",176,10.0411421549506,2,2.12113356321892,4
"6948",176,10.0411421549506,3,-13.6183160117847,4
"6949",176,10.0411421549506,4,6.13812744160769,4
"6950",176,10.0411421549506,5,-8.48097244781237,4
"6951",177,0,1,13.0518645606127,4
"6952",177,0,2,-23.356375049747,4
"6953",177,0,3,22.3546425852277,4
"6954",177,0,4,8.93311068235831,4
"6955",177,0,5,-1.55870575450808,4
"6956",177,0.516586488578469,1,11.0924761356104,4
"6957",177,0.516586488578469,2,-29.0844240187272,4
"6958",177,0.516586488578469,3,-1.43673795249676,4
"6959",177,0.516586488578469,4,12.8546720955436,4
"6960",177,0.516586488578469,5,1.80914407965982,4
"6961",177,2.82845127559267,1,38.9007682608435,4
"6962",177,2.82845127559267,2,-17.1059035475062,4
"6963",177,2.82845127559267,3,-11.8328780506829,4
"6964",177,2.82845127559267,4,7.38874097991015,4
"6965",177,2.82845127559267,5,3.64403343505541,4
"6966",177,3.76520453568082,1,23.5042184747722,4
"6967",177,3.76520453568082,2,-8.7200457666884,4
"6968",177,3.76520453568082,3,1.10285924518121,4
"6969",177,3.76520453568082,4,4.8762420808034,4
"6970",177,3.76520453568082,5,0.463630609457563,4
"6971",177,4.35201286931988,1,23.2953357519186,4
"6972",177,4.35201286931988,2,-10.2756913091794,4
"6973",177,4.35201286931988,3,8.48961694252249,4
"6974",177,4.35201286931988,4,8.32345758692101,4
"6975",177,4.35201286931988,5,-21.1589703029429,4
"6976",177,4.52139733789954,1,18.7392639983577,4
"6977",177,4.52139733789954,2,-6.94776875272333,4
"6978",177,4.52139733789954,3,7.90003040124014,4
"6979",177,4.52139733789954,4,16.2184895360328,4
"6980",177,4.52139733789954,5,-12.5485887295031,4
"6981",177,7.55780827288982,1,30.6166930173823,4
"6982",177,7.55780827288982,2,-14.3732846258687,4
"6983",177,7.55780827288982,3,20.9160921853478,4
"6984",177,7.55780827288982,4,11.1728658778662,4
"6985",177,7.55780827288982,5,-9.97052445127588,4
"6986",177,8.11397617287003,1,32.5137178857167,4
"6987",177,8.11397617287003,2,-3.45262564252037,4
"6988",177,8.11397617287003,3,15.7278868956503,4
"6989",177,8.11397617287003,4,19.6752541670415,4
"6990",177,8.11397617287003,5,-12.2571044248239,4
"6991",177,9.05826471082401,1,15.1015347127024,4
"6992",177,9.05826471082401,2,-23.2480060916863,4
"6993",177,9.05826471082401,3,0.716044583073005,4
"6994",177,9.05826471082401,4,9.53714321080573,4
"6995",177,9.05826471082401,5,-11.1021526018725,4
"6996",177,10.1350822949316,1,33.8333969606473,4
"6997",177,10.1350822949316,2,-10.5033270508823,4
"6998",177,10.1350822949316,3,4.15761682927631,4
"6999",177,10.1350822949316,4,10.517468771712,4
"7000",177,10.1350822949316,5,-11.2362021852708,4
"7001",177,10.1523588917917,1,33.9694860862903,4
"7002",177,10.1523588917917,2,-0.658927400382429,4
"7003",177,10.1523588917917,3,-4.54865731307875,4
"7004",177,10.1523588917917,4,-2.14370553865751,4
"7005",177,10.1523588917917,5,0.803498612054254,4
"7006",178,0,1,19.2314987877306,4
"7007",178,0,2,-41.665660365022,4
"7008",178,0,3,-9.55281868008456,4
"7009",178,0,4,19.7948014526736,4
"7010",178,0,5,-6.92753641410694,4
"7011",178,1.47782245872077,1,-9.81215716125855,4
"7012",178,1.47782245872077,2,-9.64793198339647,4
"7013",178,1.47782245872077,3,-15.3025646710189,4
"7014",178,1.47782245872077,4,13.0597379200197,4
"7015",178,1.47782245872077,5,-6.05995858916592,4
"7016",178,5.32342602789868,1,38.8050980787045,4
"7017",178,5.32342602789868,2,-11.25325644662,4
"7018",178,5.32342602789868,3,4.01583509377125,4
"7019",178,5.32342602789868,4,20.3125793795397,4
"7020",178,5.32342602789868,5,4.57681764976211,4
"7021",178,5.72585457109381,1,18.7568849924622,4
"7022",178,5.72585457109381,2,-34.0904537432466,4
"7023",178,5.72585457109381,3,4.24283026274944,4
"7024",178,5.72585457109381,4,10.8312345479091,4
"7025",178,5.72585457109381,5,-7.13279326852046,4
"7026",178,8.75145629595499,1,11.6485994776813,4
"7027",178,8.75145629595499,2,-3.50728963125009,4
"7028",178,8.75145629595499,3,16.1829033828665,4
"7029",178,8.75145629595499,4,13.0617251568684,4
"7030",178,8.75145629595499,5,-34.2755942495088,4
"7031",179,0,1,9.81785226617282,4
"7032",179,0,2,-29.2187104964892,4
"7033",179,0,3,-8.42264162905917,4
"7034",179,0,4,20.475059368107,4
"7035",179,0,5,-0.668398937696532,4
"7036",179,0.917732931673527,1,33.7188132183232,4
"7037",179,0.917732931673527,2,-21.4372066464965,4
"7038",179,0.917732931673527,3,-8.23289787069004,4
"7039",179,0.917732931673527,4,-5.01852679402509,4
"7040",179,0.917732931673527,5,22.485189422708,4
"7041",179,1.46897450950928,1,28.179002745978,4
"7042",179,1.46897450950928,2,-15.220217906652,4
"7043",179,1.46897450950928,3,-4.74701474867911,4
"7044",179,1.46897450950928,4,11.9278688470574,4
"7045",179,1.46897450950928,5,-21.7185494558991,4
"7046",179,2.28899781603832,1,28.1489462644428,4
"7047",179,2.28899781603832,2,-3.60898505067764,4
"7048",179,2.28899781603832,3,5.64288963044061,4
"7049",179,2.28899781603832,4,24.0317797619706,4
"7050",179,2.28899781603832,5,9.3064167291746,4
"7051",179,6.08307495771442,1,22.8019324345579,4
"7052",179,6.08307495771442,2,-15.0145555141363,4
"7053",179,6.08307495771442,3,2.60780144972975,4
"7054",179,6.08307495771442,4,21.6792562418254,4
"7055",179,6.08307495771442,5,-5.11402077962961,4
"7056",179,7.62986677675508,1,32.5196579785816,4
"7057",179,7.62986677675508,2,3.72492665755458,4
"7058",179,7.62986677675508,3,7.55882353861056,4
"7059",179,7.62986677675508,4,15.760535873934,4
"7060",179,7.62986677675508,5,-10.0238583230145,4
"7061",179,8.7883786939783,1,6.75654706769076,4
"7062",179,8.7883786939783,2,8.48978525997669,4
"7063",179,8.7883786939783,3,3.21991223912136,4
"7064",179,8.7883786939783,4,37.3076910845446,4
"7065",179,8.7883786939783,5,-2.74689963006194,4
"7066",179,10.8311735440511,1,21.7517829402846,4
"7067",179,10.8311735440511,2,0.871930829335762,4
"7068",179,10.8311735440511,3,19.5314159567877,4
"7069",179,10.8311735440511,4,13.7264353390137,4
"7070",179,10.8311735440511,5,4.02579299437885,4
"7071",180,0,1,15.7940948533861,4
"7072",180,0,2,-24.8267346657515,4
"7073",180,0,3,21.7408597674126,4
"7074",180,0,4,12.1276633856861,4
"7075",180,0,5,17.3232373085848,4
"7076",180,0.865243476931937,1,25.1994155658909,4
"7077",180,0.865243476931937,2,-19.8934063713065,4
"7078",180,0.865243476931937,3,-6.00785821403807,4
"7079",180,0.865243476931937,4,19.2093859251333,4
"7080",180,0.865243476931937,5,-5.14617443803839,4
"7081",180,1.64915301138535,1,38.1277339735105,4
"7082",180,1.64915301138535,2,-10.9171789728418,4
"7083",180,1.64915301138535,3,10.6735785043211,4
"7084",180,1.64915301138535,4,7.42451219021779,4
"7085",180,1.64915301138535,5,2.99032579028801,4
"7086",180,1.76508827391081,1,24.4450240522491,4
"7087",180,1.76508827391081,2,-7.98402929074855,4
"7088",180,1.76508827391081,3,4.44118825768978,4
"7089",180,1.76508827391081,4,1.36926171387916,4
"7090",180,1.76508827391081,5,2.33962274378647,4
"7091",180,3.10918355477042,1,39.8002480924991,4
"7092",180,3.10918355477042,2,-3.00876984284911,4
"7093",180,3.10918355477042,3,-7.8612658536199,4
"7094",180,3.10918355477042,4,11.912820155735,4
"7095",180,3.10918355477042,5,-7.50514295293516,4
"7096",181,0,1,18.7212812413001,4
"7097",181,0,2,-11.2171371134006,4
"7098",181,0,3,-1.7587525281619,4
"7099",181,0,4,11.0288193624167,4
"7100",181,0,5,10.0966916461877,4
"7101",181,0.550825645565055,1,9.18130323123623,4
"7102",181,0.550825645565055,2,-20.393205113475,4
"7103",181,0.550825645565055,3,-26.4281587255504,4
"7104",181,0.550825645565055,4,11.4699201200724,4
"7105",181,0.550825645565055,5,-0.241440316971973,4
"7106",181,1.24418156640604,1,21.3906827009234,4
"7107",181,1.24418156640604,2,-11.5021595976269,4
"7108",181,1.24418156640604,3,-16.2512847980552,4
"7109",181,1.24418156640604,4,19.7304542900165,4
"7110",181,1.24418156640604,5,1.15633046844355,4
"7111",181,4.60023829690181,1,15.5420125715098,4
"7112",181,4.60023829690181,2,-2.62249831925371,4
"7113",181,4.60023829690181,3,-5.36461760276825,4
"7114",181,4.60023829690181,4,26.9905766591146,4
"7115",181,4.60023829690181,5,-6.32369671386838,4
"7116",181,6.95557856105734,1,26.2955091331242,4
"7117",181,6.95557856105734,2,-20.180984949443,4
"7118",181,6.95557856105734,3,14.0251683432146,4
"7119",181,6.95557856105734,4,28.2231767639838,4
"7120",181,6.95557856105734,5,-1.72530424000269,4
"7121",181,8.06984637572896,1,14.5132003481449,4
"7122",181,8.06984637572896,2,-5.28374825919886,4
"7123",181,8.06984637572896,3,-14.2553595202934,4
"7124",181,8.06984637572896,4,25.5486207562594,4
"7125",181,8.06984637572896,5,-23.5706762501955,4
"7126",181,8.70353830466047,1,13.2263145516615,4
"7127",181,8.70353830466047,2,-7.41392983587693,4
"7128",181,8.70353830466047,3,-4.5489715742048,4
"7129",181,8.70353830466047,4,24.9828187089241,4
"7130",181,8.70353830466047,5,-0.496370855514982,4
"7131",181,10.2981135061709,1,34.7452672961862,4
"7132",181,10.2981135061709,2,-1.41116150097222,4
"7133",181,10.2981135061709,3,7.71755806619882,4
"7134",181,10.2981135061709,4,18.7809601492836,4
"7135",181,10.2981135061709,5,-2.43018537768994,4
"7136",181,10.8526304439874,1,6.23067764431232,4
"7137",181,10.8526304439874,2,-15.9412768241371,4
"7138",181,10.8526304439874,3,-5.7297155902269,4
"7139",181,10.8526304439874,4,5.59099251257191,4
"7140",181,10.8526304439874,5,-18.1276900182115,4
"7141",182,0,1,7.84322558419921,4
"7142",182,0,2,-17.8152781978921,4
"7143",182,0,3,6.51296669767278,4
"7144",182,0,4,13.7965103842703,4
"7145",182,0,5,-2.17474261449461,4
"7146",182,4.06832376762759,1,22.6822123482982,4
"7147",182,4.06832376762759,2,-12.5993465122137,4
"7148",182,4.06832376762759,3,-1.36755608013522,4
"7149",182,4.06832376762759,4,18.7562895106673,4
"7150",182,4.06832376762759,5,1.4881455058868,4
"7151",182,4.38840806309599,1,12.9267788277407,4
"7152",182,4.38840806309599,2,-26.6493286083717,4
"7153",182,4.38840806309599,3,29.2038089943768,4
"7154",182,4.38840806309599,4,15.3873393402096,4
"7155",182,4.38840806309599,5,11.7521788312975,4
"7156",182,6.95109716604929,1,22.2190451839597,4
"7157",182,6.95109716604929,2,3.45621291459152,4
"7158",182,6.95109716604929,3,11.5189082530064,4
"7159",182,6.95109716604929,4,23.5718394736676,4
"7160",182,6.95109716604929,5,-18.575715350794,4
"7161",183,0,1,20.5012236905307,4
"7162",183,0,2,-44.0771702800329,4
"7163",183,0,3,-21.2785806305922,4
"7164",183,0,4,18.029047531506,4
"7165",183,0,5,-6.04116784675936,4
"7166",183,0.795805098721758,1,28.0013775698257,4
"7167",183,0.795805098721758,2,-10.8708701877991,4
"7168",183,0.795805098721758,3,-8.93202643803343,4
"7169",183,0.795805098721758,4,15.2151962155936,4
"7170",183,0.795805098721758,5,16.7642154792098,4
"7171",183,0.862736082286574,1,13.5577551684537,4
"7172",183,0.862736082286574,2,-19.2656156123091,4
"7173",183,0.862736082286574,3,2.633838212313,4
"7174",183,0.862736082286574,4,19.7714316273744,4
"7175",183,0.862736082286574,5,-8.4855189878532,4
"7176",183,0.972565102158114,1,20.1178388685787,4
"7177",183,0.972565102158114,2,-17.4767546514216,4
"7178",183,0.972565102158114,3,3.29138467404858,4
"7179",183,0.972565102158114,4,11.9070883741674,4
"7180",183,0.972565102158114,5,-3.32715679195182,4
"7181",183,3.10557603777852,1,8.85046645327775,4
"7182",183,3.10557603777852,2,-6.19252771499343,4
"7183",183,3.10557603777852,3,-6.25024823322136,4
"7184",183,3.10557603777852,4,32.9796631588481,4
"7185",183,3.10557603777852,5,3.83123628882804,4
"7186",184,0,1,19.3363734602838,4
"7187",184,0,2,-6.4241770804141,4
"7188",184,0,3,12.2881974876813,4
"7189",184,0,4,-4.43471374201566,4
"7190",184,0,5,7.36016574983541,4
"7191",184,0.599644719739445,1,47.1733633960145,4
"7192",184,0.599644719739445,2,-17.8963469622002,4
"7193",184,0.599644719739445,3,-11.3880281753502,4
"7194",184,0.599644719739445,4,7.54207572841044,4
"7195",184,0.599644719739445,5,5.99320556093512,4
"7196",184,0.851901410380378,1,31.212200813341,4
"7197",184,0.851901410380378,2,-20.1448884269383,4
"7198",184,0.851901410380378,3,2.19686106190192,4
"7199",184,0.851901410380378,4,4.36430204059426,4
"7200",184,0.851901410380378,5,5.86547836323594,4
"7201",184,2.23032010311726,1,25.2553990545335,4
"7202",184,2.23032010311726,2,-14.4302901084545,4
"7203",184,2.23032010311726,3,-0.606354606288222,4
"7204",184,2.23032010311726,4,-0.0053688628997044,4
"7205",184,2.23032010311726,5,3.33032517872539,4
"7206",184,5.20573674840853,1,18.0816590801893,4
"7207",184,5.20573674840853,2,-16.228166652227,4
"7208",184,5.20573674840853,3,-4.47428570133023,4
"7209",184,5.20573674840853,4,-1.44332913168004,4
"7210",184,5.20573674840853,5,-13.5011323715345,4
"7211",184,5.81429190153722,1,18.7629894972872,4
"7212",184,5.81429190153722,2,-18.4376064510284,4
"7213",184,5.81429190153722,3,-2.8480028414749,4
"7214",184,5.81429190153722,4,19.9128051464497,4
"7215",184,5.81429190153722,5,-4.03969655033945,4
"7216",184,7.27823984995484,1,4.80338117569418,4
"7217",184,7.27823984995484,2,-0.206593083064565,4
"7218",184,7.27823984995484,3,22.931361614555,4
"7219",184,7.27823984995484,4,5.14459960504136,4
"7220",184,7.27823984995484,5,-29.8683595661385,4
"7221",184,7.80676825135015,1,35.732001567542,4
"7222",184,7.80676825135015,2,-27.1429168152171,4
"7223",184,7.80676825135015,3,5.54941255444025,4
"7224",184,7.80676825135015,4,23.10791744841,4
"7225",184,7.80676825135015,5,-16.9988612860127,4
"7226",184,9.01799029612448,1,2.16608697038675,4
"7227",184,9.01799029612448,2,-11.9598594523659,4
"7228",184,9.01799029612448,3,-4.68609971367526,4
"7229",184,9.01799029612448,4,-2.8675478877979,4
"7230",184,9.01799029612448,5,-8.30921040095038,4
"7231",184,10.4838630839949,1,14.7437383967072,4
"7232",184,10.4838630839949,2,-10.9461722967384,4
"7233",184,10.4838630839949,3,-3.95581960055203,4
"7234",184,10.4838630839949,4,-6.00103755180517,4
"7235",184,10.4838630839949,5,-4.55265048413849,4
"7236",184,10.6144999155076,1,28.6087414581594,4
"7237",184,10.6144999155076,2,-3.23487528092418,4
"7238",184,10.6144999155076,3,13.6659130156144,4
"7239",184,10.6144999155076,4,32.1857291341277,4
"7240",184,10.6144999155076,5,-6.31820463604533,4
"7241",184,10.7659072888782,1,17.1211550485564,4
"7242",184,10.7659072888782,2,-6.55856962048148,4
"7243",184,10.7659072888782,3,12.6513177462281,4
"7244",184,10.7659072888782,4,7.58652391962224,4
"7245",184,10.7659072888782,5,-13.9025020173281,4
"7246",185,0,1,25.2844409737214,4
"7247",185,0,2,-35.9585244418077,4
"7248",185,0,3,2.86702280177963,4
"7249",185,0,4,20.6956964397216,4
"7250",185,0,5,-24.4078304040192,4
"7251",185,2.09653786325362,1,13.1284704838136,4
"7252",185,2.09653786325362,2,-23.1584234656922,4
"7253",185,2.09653786325362,3,-1.75761075246923,4
"7254",185,2.09653786325362,4,-3.22076000888425,4
"7255",185,2.09653786325362,5,-15.4453815971638,4
"7256",185,2.39263484952971,1,43.6300852488689,4
"7257",185,2.39263484952971,2,-18.255977738148,4
"7258",185,2.39263484952971,3,-2.21233988909513,4
"7259",185,2.39263484952971,4,11.0884344989331,4
"7260",185,2.39263484952971,5,-9.72671423083606,4
"7261",185,2.6794896312058,1,27.6985921853889,4
"7262",185,2.6794896312058,2,-8.56415276857139,4
"7263",185,2.6794896312058,3,-17.595894895279,4
"7264",185,2.6794896312058,4,14.1271041893226,4
"7265",185,2.6794896312058,5,-0.936357201057959,4
"7266",185,3.22236586501822,1,4.51751107679214,4
"7267",185,3.22236586501822,2,-12.6246742204156,4
"7268",185,3.22236586501822,3,-4.52456141364765,4
"7269",185,3.22236586501822,4,5.24605874021918,4
"7270",185,3.22236586501822,5,-13.0810142016501,4
"7271",185,3.4240835243836,1,45.6240505965132,4
"7272",185,3.4240835243836,2,-25.3080584084685,4
"7273",185,3.4240835243836,3,20.3273756037039,4
"7274",185,3.4240835243836,4,15.0839206197689,4
"7275",185,3.4240835243836,5,-1.55353844933336,4
"7276",185,3.66453932796139,1,31.4235092682389,4
"7277",185,3.66453932796139,2,-4.82305190331786,4
"7278",185,3.66453932796139,3,2.6014730403909,4
"7279",185,3.66453932796139,4,36.6036289263013,4
"7280",185,3.66453932796139,5,-5.6052928383872,4
"7281",185,6.85207915562205,1,5.25810823165815,4
"7282",185,6.85207915562205,2,-21.0599903746594,4
"7283",185,6.85207915562205,3,-2.38036864828026,4
"7284",185,6.85207915562205,4,-8.80767672084109,4
"7285",185,6.85207915562205,5,-13.4807926011887,4
"7286",185,8.62890596594661,1,28.7773290191555,4
"7287",185,8.62890596594661,2,2.25669306508838,4
"7288",185,8.62890596594661,3,11.3751194056148,4
"7289",185,8.62890596594661,4,27.0586074158644,4
"7290",185,8.62890596594661,5,1.18814824875703,4
"7291",185,10.9919422313105,1,16.3511618931846,4
"7292",185,10.9919422313105,2,11.9708256708414,4
"7293",185,10.9919422313105,3,20.9114124438472,4
"7294",185,10.9919422313105,4,20.9664190389025,4
"7295",185,10.9919422313105,5,12.6209038696431,4
"7296",186,0,1,7.84841028897918,4
"7297",186,0,2,-7.64688075520229,4
"7298",186,0,3,20.681939062807,4
"7299",186,0,4,14.7935960295511,4
"7300",186,0,5,-11.3423870802893,4
"7301",186,1.70538730558474,1,5.29140388502825,4
"7302",186,1.70538730558474,2,-31.1439734308994,4
"7303",186,1.70538730558474,3,-2.85738648421604,4
"7304",186,1.70538730558474,4,1.33225350845302,4
"7305",186,1.70538730558474,5,-6.71641790872187,4
"7306",186,3.21341946197208,1,25.517661028807,4
"7307",186,3.21341946197208,2,-41.25499353925,4
"7308",186,3.21341946197208,3,1.75422949424549,4
"7309",186,3.21341946197208,4,6.11307313374541,4
"7310",186,3.21341946197208,5,-7.35555985626766,4
"7311",186,8.36374169937335,1,2.56666674452375,4
"7312",186,8.36374169937335,2,-10.2315502926626,4
"7313",186,8.36374169937335,3,-5.86042405257962,4
"7314",186,8.36374169937335,4,3.40723505373467,4
"7315",186,8.36374169937335,5,-0.88272183278151,4
"7316",186,9.55607342068106,1,3.67043451172712,4
"7317",186,9.55607342068106,2,-8.86125349547772,4
"7318",186,9.55607342068106,3,0.41987169828908,4
"7319",186,9.55607342068106,4,-3.3508173148151,4
"7320",186,9.55607342068106,5,-12.0712710949442,4
"7321",186,10.1029491655063,1,28.9189705349993,4
"7322",186,10.1029491655063,2,-11.543446681336,4
"7323",186,10.1029491655063,3,19.7351365873983,4
"7324",186,10.1029491655063,4,9.94241427785169,4
"7325",186,10.1029491655063,5,7.18292200019022,4
"7326",186,10.4646086192224,1,35.9341750397156,4
"7327",186,10.4646086192224,2,-6.5771182138517,4
"7328",186,10.4646086192224,3,14.4683357385715,4
"7329",186,10.4646086192224,4,33.5841824274013,4
"7330",186,10.4646086192224,5,-2.85439773160379,4
"7331",187,0,1,21.4982178354997,4
"7332",187,0,2,-29.9992295523836,4
"7333",187,0,3,-3.41028425151113,4
"7334",187,0,4,22.4436513411272,4
"7335",187,0,5,-13.2162143764166,4
"7336",187,3.93922126060352,1,30.7680517005382,4
"7337",187,3.93922126060352,2,-18.4622466205277,4
"7338",187,3.93922126060352,3,15.6149686536738,4
"7339",187,3.93922126060352,4,20.6143422236764,4
"7340",187,3.93922126060352,5,-3.78541188229661,4
"7341",187,5.6669331707526,1,27.598063942283,4
"7342",187,5.6669331707526,2,-13.8912138190294,4
"7343",187,5.6669331707526,3,13.4891256939359,4
"7344",187,5.6669331707526,4,23.7832819325841,4
"7345",187,5.6669331707526,5,9.80710434968962,4
"7346",187,7.14118327933829,1,8.39248596855596,4
"7347",187,7.14118327933829,2,-1.36023865426931,4
"7348",187,7.14118327933829,3,8.74960464031312,4
"7349",187,7.14118327933829,4,17.979208260957,4
"7350",187,7.14118327933829,5,17.3580935741084,4
"7351",188,0,1,16.6175291446851,4
"7352",188,0,2,-6.41072669685198,4
"7353",188,0,3,-17.127831016963,4
"7354",188,0,4,11.8694632410638,4
"7355",188,0,5,-16.6652428236988,4
"7356",188,0.615190815413371,1,37.3832006165,4
"7357",188,0.615190815413371,2,-23.000153885554,4
"7358",188,0.615190815413371,3,-9.50098544552638,4
"7359",188,0.615190815413371,4,7.39475388416723,4
"7360",188,0.615190815413371,5,-1.97183374143426,4
"7361",188,0.873686541104689,1,12.3553922818272,4
"7362",188,0.873686541104689,2,-23.9956448001886,4
"7363",188,0.873686541104689,3,5.01420702901084,4
"7364",188,0.873686541104689,4,18.0656827607553,4
"7365",188,0.873686541104689,5,-5.19999602211961,4
"7366",188,3.62441492383368,1,34.9689525163238,4
"7367",188,3.62441492383368,2,-24.908723546389,4
"7368",188,3.62441492383368,3,2.39973895880418,4
"7369",188,3.62441492383368,4,5.13418829643767,4
"7370",188,3.62441492383368,5,-5.01830808210349,4
"7371",188,4.40126641700044,1,10.6578951206701,4
"7372",188,4.40126641700044,2,-18.8368575954561,4
"7373",188,4.40126641700044,3,-2.58057886609836,4
"7374",188,4.40126641700044,4,11.0109106617667,4
"7375",188,4.40126641700044,5,-22.8312986850992,4
"7376",188,4.96142848138697,1,22.7550539220945,4
"7377",188,4.96142848138697,2,-3.1421729768168,4
"7378",188,4.96142848138697,3,-29.1391173357584,4
"7379",188,4.96142848138697,4,25.3434070075936,4
"7380",188,4.96142848138697,5,-3.92535261720073,4
"7381",188,5.41378687520046,1,18.0304779719072,4
"7382",188,5.41378687520046,2,-16.9624600335935,4
"7383",188,5.41378687520046,3,16.2631863676685,4
"7384",188,5.41378687520046,4,26.2290314889457,4
"7385",188,5.41378687520046,5,-2.10206201146226,4
"7386",188,7.86195269646123,1,27.9458358421591,4
"7387",188,7.86195269646123,2,-5.20043972094865,4
"7388",188,7.86195269646123,3,-6.8915962912678,4
"7389",188,7.86195269646123,4,33.1011811322283,4
"7390",188,7.86195269646123,5,-2.16163201481922,4
"7391",188,9.53061633254401,1,43.3338897085302,4
"7392",188,9.53061633254401,2,-14.1439617687878,4
"7393",188,9.53061633254401,3,13.0957758137097,4
"7394",188,9.53061633254401,4,16.7718034915543,4
"7395",188,9.53061633254401,5,-15.4843245863877,4
"7396",188,9.64974635012913,1,24.2825472384022,4
"7397",188,9.64974635012913,2,-32.7979939170824,4
"7398",188,9.64974635012913,3,19.275608392719,4
"7399",188,9.64974635012913,4,2.10072663698022,4
"7400",188,9.64974635012913,5,-17.762512584946,4
"7401",189,0,1,16.3872652043521,4
"7402",189,0,2,-27.6415346343464,4
"7403",189,0,3,18.0513799256255,4
"7404",189,0,4,4.24857485609089,4
"7405",189,0,5,3.66922610084028,4
"7406",189,1.23125082673505,1,22.6252894333696,4
"7407",189,1.23125082673505,2,-17.2024004515073,4
"7408",189,1.23125082673505,3,-1.37190203276135,4
"7409",189,1.23125082673505,4,22.2222142812558,4
"7410",189,1.23125082673505,5,-1.62903582068827,4
"7411",189,4.69118853239343,1,-3.71669021700894,4
"7412",189,4.69118853239343,2,-19.5175019035005,4
"7413",189,4.69118853239343,3,-0.621195257882847,4
"7414",189,4.69118853239343,4,19.5525132882128,4
"7415",189,4.69118853239343,5,-21.6501934518903,4
"7416",189,6.32095817814115,1,9.91906219280276,4
"7417",189,6.32095817814115,2,-32.6525858382387,4
"7418",189,6.32095817814115,3,12.4879530904903,4
"7419",189,6.32095817814115,4,14.4657636444261,4
"7420",189,6.32095817814115,5,-5.86070189398377,4
"7421",189,7.21627625252586,1,6.23529011983711,4
"7422",189,7.21627625252586,2,-7.55194174923593,4
"7423",189,7.21627625252586,3,-18.0619092527235,4
"7424",189,7.21627625252586,4,20.3083851103018,4
"7425",189,7.21627625252586,5,-11.3064337067641,4
"7426",189,7.82632846769411,1,21.3182576211628,4
"7427",189,7.82632846769411,2,-25.9269915932537,4
"7428",189,7.82632846769411,3,9.68119926401518,4
"7429",189,7.82632846769411,4,24.9712299993268,4
"7430",189,7.82632846769411,5,-21.0058203323206,4
"7431",189,8.02816515567247,1,21.7134495079562,4
"7432",189,8.02816515567247,2,-15.4890610658522,4
"7433",189,8.02816515567247,3,9.84619437500268,4
"7434",189,8.02816515567247,4,21.7293690570155,4
"7435",189,8.02816515567247,5,-10.7491161027733,4
"7436",189,9.76795696897898,1,18.6092701515397,4
"7437",189,9.76795696897898,2,17.4577612488136,4
"7438",189,9.76795696897898,3,6.43217393214104,4
"7439",189,9.76795696897898,4,33.8055625445958,4
"7440",189,9.76795696897898,5,-19.5112167465176,4
"7441",190,0,1,14.5319829341447,4
"7442",190,0,2,-2.00788029691775,4
"7443",190,0,3,13.2981650477064,4
"7444",190,0,4,10.9249733843517,4
"7445",190,0,5,-1.12166774569256,4
"7446",190,1.18750984792132,1,25.5802288216558,4
"7447",190,1.18750984792132,2,-5.82700155727929,4
"7448",190,1.18750984792132,3,2.65942560637441,4
"7449",190,1.18750984792132,4,26.7377640218483,4
"7450",190,1.18750984792132,5,-15.3157136536783,4
"7451",190,3.16093062330037,1,21.6463074944954,4
"7452",190,3.16093062330037,2,-5.86151270392738,4
"7453",190,3.16093062330037,3,7.20944678841838,4
"7454",190,3.16093062330037,4,9.22219598641949,4
"7455",190,3.16093062330037,5,-13.4771445546039,4
"7456",190,3.67411778937094,1,34.176429184094,4
"7457",190,3.67411778937094,2,-5.09366508795216,4
"7458",190,3.67411778937094,3,0.319010785596821,4
"7459",190,3.67411778937094,4,0.752298461457414,4
"7460",190,3.67411778937094,5,-3.49206331267216,4
"7461",190,4.79171007114928,1,29.0008224250705,4
"7462",190,4.79171007114928,2,-14.9308134506073,4
"7463",190,4.79171007114928,3,5.83408445825559,4
"7464",190,4.79171007114928,4,1.5104818047676,4
"7465",190,4.79171007114928,5,-16.0383614127072,4
"7466",190,7.89268930547405,1,27.7324536943824,4
"7467",190,7.89268930547405,2,-7.77380443334605,4
"7468",190,7.89268930547405,3,-4.6948498432466,4
"7469",190,7.89268930547405,4,14.1710750715,4
"7470",190,7.89268930547405,5,-7.9589232978938,4
"7471",190,8.67437052004971,1,26.4662527337602,4
"7472",190,8.67437052004971,2,-10.5180429073923,4
"7473",190,8.67437052004971,3,2.76948305301875,4
"7474",190,8.67437052004971,4,26.5315148315633,4
"7475",190,8.67437052004971,5,-14.8815726110649,4
"7476",190,10.1946765144821,1,6.25408830353964,4
"7477",190,10.1946765144821,2,-24.4309154829183,4
"7478",190,10.1946765144821,3,29.7083794010123,4
"7479",190,10.1946765144821,4,12.1937635743281,4
"7480",190,10.1946765144821,5,5.27468105462984,4
"7481",190,10.1956374025904,1,5.04566782758095,4
"7482",190,10.1956374025904,2,-8.76764774035779,4
"7483",190,10.1956374025904,3,-4.6293203665941,4
"7484",190,10.1956374025904,4,19.1593622457326,4
"7485",190,10.1956374025904,5,-2.68626069502459,4
"7486",191,0,1,18.7295917716625,4
"7487",191,0,2,-32.3789299891048,4
"7488",191,0,3,-9.16270292986075,4
"7489",191,0,4,10.0374217811558,4
"7490",191,0,5,18.2353196173781,4
"7491",191,0.65676997078117,1,33.2824260017812,4
"7492",191,0.65676997078117,2,-10.6651977524627,4
"7493",191,0.65676997078117,3,14.7170389676683,4
"7494",191,0.65676997078117,4,-11.5352768919593,4
"7495",191,0.65676997078117,5,3.65368254161425,4
"7496",191,0.763937849900685,1,13.4430414233529,4
"7497",191,0.763937849900685,2,-2.94689706334996,4
"7498",191,0.763937849900685,3,-0.165744618121189,4
"7499",191,0.763937849900685,4,5.3227477287046,4
"7500",191,0.763937849900685,5,8.63049277181586,4
"7501",191,3.49922728422098,1,28.2776804308061,4
"7502",191,3.49922728422098,2,-12.9816941098404,4
"7503",191,3.49922728422098,3,-13.3041643932356,4
"7504",191,3.49922728422098,4,10.0552816851378,4
"7505",191,3.49922728422098,5,-5.38010248871646,4
"7506",191,3.73686378332786,1,23.0816882784191,4
"7507",191,3.73686378332786,2,-14.9478727349012,4
"7508",191,3.73686378332786,3,-4.7803051619529,4
"7509",191,3.73686378332786,4,6.58626263263479,4
"7510",191,3.73686378332786,5,-14.7969619421297,4
"7511",191,8.48891798080876,1,12.529505142427,4
"7512",191,8.48891798080876,2,-7.39942920016777,4
"7513",191,8.48891798080876,3,14.5290148383328,4
"7514",191,8.48891798080876,4,14.5483310140204,4
"7515",191,8.48891798080876,5,-35.1814826657475,4
"7516",191,10.0949341745581,1,33.3869596549012,4
"7517",191,10.0949341745581,2,-11.7127854237259,4
"7518",191,10.0949341745581,3,8.00019331876902,4
"7519",191,10.0949341745581,4,5.81565814575965,4
"7520",191,10.0949341745581,5,-6.03083203914822,4
"7521",191,10.37548981281,1,23.2834500748382,4
"7522",191,10.37548981281,2,15.114376443555,4
"7523",191,10.37548981281,3,9.58043271470124,4
"7524",191,10.37548981281,4,25.4074738230368,4
"7525",191,10.37548981281,5,4.42185404010206,4
"7526",191,10.8538780832896,1,34.2295929433082,4
"7527",191,10.8538780832896,2,-5.45120439991171,4
"7528",191,10.8538780832896,3,15.9177525886003,4
"7529",191,10.8538780832896,4,5.19099661294424,4
"7530",191,10.8538780832896,5,-18.4408769720943,4
"7531",191,10.8571064386051,1,9.26687547077538,4
"7532",191,10.8571064386051,2,-20.2980887984685,4
"7533",191,10.8571064386051,3,28.2703503217241,4
"7534",191,10.8571064386051,4,11.8985428833558,4
"7535",191,10.8571064386051,5,-0.899724959435443,4
"7536",192,0,1,-3.54374922487662,4
"7537",192,0,2,-19.8625045734971,4
"7538",192,0,3,-23.0599231866195,4
"7539",192,0,4,-3.92079985159398,4
"7540",192,0,5,1.48123136123977,4
"7541",192,1.44659960921854,1,12.8384886517068,4
"7542",192,1.44659960921854,2,-21.0639470932156,4
"7543",192,1.44659960921854,3,15.4918177133014,4
"7544",192,1.44659960921854,4,14.7970638521638,4
"7545",192,1.44659960921854,5,-4.92889194631368,4
"7546",192,4.14647012006026,1,12.5236977487101,4
"7547",192,4.14647012006026,2,-21.1699004297171,4
"7548",192,4.14647012006026,3,7.41869730402433,4
"7549",192,4.14647012006026,4,1.2410538423336,4
"7550",192,4.14647012006026,5,-4.39452809969557,4
"7551",192,4.4804716957733,1,20.6279399852178,4
"7552",192,4.4804716957733,2,-14.2169917138999,4
"7553",192,4.4804716957733,3,-2.76449046443628,4
"7554",192,4.4804716957733,4,24.1881610750385,4
"7555",192,4.4804716957733,5,-17.0331133658924,4
"7556",192,4.60397561395075,1,19.3431845583776,4
"7557",192,4.60397561395075,2,-10.674777019929,4
"7558",192,4.60397561395075,3,-7.43153937409597,4
"7559",192,4.60397561395075,4,24.0275306865461,4
"7560",192,4.60397561395075,5,-2.68592691475609,4
"7561",192,6.17691124102566,1,17.8559981044901,4
"7562",192,6.17691124102566,2,-14.6524626634498,4
"7563",192,6.17691124102566,3,-2.51539867747573,4
"7564",192,6.17691124102566,4,15.1821564294824,4
"7565",192,6.17691124102566,5,-21.4759003559587,4
"7566",192,8.99693964538164,1,5.80829721375674,4
"7567",192,8.99693964538164,2,-17.1206555811522,4
"7568",192,8.99693964538164,3,-8.48269601635819,4
"7569",192,8.99693964538164,4,6.78677107587796,4
"7570",192,8.99693964538164,5,-12.3405772344051,4
"7571",192,9.1899027536856,1,10.8629294065195,4
"7572",192,9.1899027536856,2,14.0847997926641,4
"7573",192,9.1899027536856,3,6.7963197313964,4
"7574",192,9.1899027536856,4,8.16613367846916,4
"7575",192,9.1899027536856,5,-5.79082747545197,4
"7576",192,9.85997711983509,1,21.8558585377329,4
"7577",192,9.85997711983509,2,-4.88806874129674,4
"7578",192,9.85997711983509,3,4.12573523098348,4
"7579",192,9.85997711983509,4,10.5538956810642,4
"7580",192,9.85997711983509,5,25.4643894246237,4
"7581",193,0,1,18.3953346488643,4
"7582",193,0,2,-15.5996252848509,4
"7583",193,0,3,12.8338213153131,4
"7584",193,0,4,11.3331518172027,4
"7585",193,0,5,-0.620373130922941,4
"7586",193,2.96871647995431,1,15.7437191191485,4
"7587",193,2.96871647995431,2,-16.2655705098982,4
"7588",193,2.96871647995431,3,8.05743229768616,4
"7589",193,2.96871647995431,4,17.1313219057678,4
"7590",193,2.96871647995431,5,16.4650660952636,4
"7591",193,3.20476556743961,1,33.7813834271866,4
"7592",193,3.20476556743961,2,-3.0483272972857,4
"7593",193,3.20476556743961,3,0.471590464078468,4
"7594",193,3.20476556743961,4,-2.69413253009426,4
"7595",193,3.20476556743961,5,6.63709367539684,4
"7596",193,4.08371143310796,1,20.0788972316012,4
"7597",193,4.08371143310796,2,-16.7253259995895,4
"7598",193,4.08371143310796,3,-0.97382305950742,4
"7599",193,4.08371143310796,4,22.6014272225664,4
"7600",193,4.08371143310796,5,-7.96231701009722,4
"7601",193,6.99793848232366,1,11.6403554328311,4
"7602",193,6.99793848232366,2,-9.72482065301705,4
"7603",193,6.99793848232366,3,7.68449051756962,4
"7604",193,6.99793848232366,4,6.32468919151681,4
"7605",193,6.99793848232366,5,0.607914717522536,4
"7606",193,9.48505123681389,1,32.0398508754565,4
"7607",193,9.48505123681389,2,3.7386121419399,4
"7608",193,9.48505123681389,3,9.71194919034891,4
"7609",193,9.48505123681389,4,2.05659464891132,4
"7610",193,9.48505123681389,5,1.35425686776396,4
"7611",193,10.3488861183869,1,31.5706790445036,4
"7612",193,10.3488861183869,2,-12.6035098284256,4
"7613",193,10.3488861183869,3,16.952628935258,4
"7614",193,10.3488861183869,4,-5.81430555844231,4
"7615",193,10.3488861183869,5,-12.2227240690106,4
"7616",193,10.8936542490264,1,13.6433120969177,4
"7617",193,10.8936542490264,2,-1.82576003128503,4
"7618",193,10.8936542490264,3,4.97484955785421,4
"7619",193,10.8936542490264,4,25.2826321325343,4
"7620",193,10.8936542490264,5,8.90026768742853,4
"7621",194,0,1,8.29621405267568,4
"7622",194,0,2,-11.2047951849371,4
"7623",194,0,3,10.3515940360392,4
"7624",194,0,4,21.6072472291704,4
"7625",194,0,5,14.0474195153394,4
"7626",194,1.53322021802887,1,22.4783977345346,4
"7627",194,1.53322021802887,2,-29.6716344873398,4
"7628",194,1.53322021802887,3,-0.0936638705069809,4
"7629",194,1.53322021802887,4,25.7196835434861,4
"7630",194,1.53322021802887,5,-10.2537848562187,4
"7631",194,1.96001330320723,1,25.7907525563501,4
"7632",194,1.96001330320723,2,-12.3598475686229,4
"7633",194,1.96001330320723,3,-9.47545396849348,4
"7634",194,1.96001330320723,4,11.2371478768499,4
"7635",194,1.96001330320723,5,-16.2279965039796,4
"7636",194,1.98962355800904,1,27.0211191407488,4
"7637",194,1.98962355800904,2,-29.2838796581434,4
"7638",194,1.98962355800904,3,3.84102550499134,4
"7639",194,1.98962355800904,4,8.01654026440479,4
"7640",194,1.98962355800904,5,9.47028906462549,4
"7641",194,4.85955525841564,1,13.996293455824,4
"7642",194,4.85955525841564,2,-4.3820647514498,4
"7643",194,4.85955525841564,3,-16.1179663546534,4
"7644",194,4.85955525841564,4,-2.06490345346564,4
"7645",194,4.85955525841564,5,-5.33256540980231,4
"7646",194,5.05021998600569,1,11.6644336797301,4
"7647",194,5.05021998600569,2,-14.0997565240593,4
"7648",194,5.05021998600569,3,8.42742314644484,4
"7649",194,5.05021998600569,4,23.9545085872644,4
"7650",194,5.05021998600569,5,-3.42793245540974,4
"7651",194,6.65101016650442,1,18.8198859424445,4
"7652",194,6.65101016650442,2,-27.2781781965734,4
"7653",194,6.65101016650442,3,2.40482617857874,4
"7654",194,6.65101016650442,4,20.521461818955,4
"7655",194,6.65101016650442,5,14.4935071243261,4
"7656",194,10.4270677603781,1,7.40804703473306,4
"7657",194,10.4270677603781,2,2.19172708190338,4
"7658",194,10.4270677603781,3,-3.3481320416769,4
"7659",194,10.4270677603781,4,13.1924810697079,4
"7660",194,10.4270677603781,5,-15.1848543976733,4
"7661",194,10.7026132127503,1,15.4625632750975,4
"7662",194,10.7026132127503,2,-3.65476491337046,4
"7663",194,10.7026132127503,3,6.30142601804171,4
"7664",194,10.7026132127503,4,9.03665809824993,4
"7665",194,10.7026132127503,5,-11.4233182328868,4
"7666",195,0,1,25.2099641301482,4
"7667",195,0,2,-34.6720060204689,4
"7668",195,0,3,-2.31291167315597,4
"7669",195,0,4,-3.69301903643641,4
"7670",195,0,5,10.8544515252711,4
"7671",195,0.70032045932021,1,20.4212337683983,4
"7672",195,0.70032045932021,2,-21.8557359567609,4
"7673",195,0.70032045932021,3,-1.79746613730203,4
"7674",195,0.70032045932021,4,17.8020839295272,4
"7675",195,0.70032045932021,5,16.4087397831595,4
"7676",195,2.04541445302311,1,23.7827114610616,4
"7677",195,2.04541445302311,2,-10.2841591273677,4
"7678",195,2.04541445302311,3,3.41975635070775,4
"7679",195,2.04541445302311,4,15.4951336656039,4
"7680",195,2.04541445302311,5,-22.9877479818896,4
"7681",195,4.01611109205987,1,15.9217405713584,4
"7682",195,4.01611109205987,2,-14.2609658343008,4
"7683",195,4.01611109205987,3,-6.00339563329762,4
"7684",195,4.01611109205987,4,20.5798478010565,4
"7685",195,4.01611109205987,5,3.69418795175597,4
"7686",195,4.05117282702122,1,17.8016554282682,4
"7687",195,4.05117282702122,2,-21.8321343549896,4
"7688",195,4.05117282702122,3,4.1323103137165,4
"7689",195,4.05117282702122,4,9.04041324901856,4
"7690",195,4.05117282702122,5,-3.26512906639815,4
"7691",195,8.89357387577184,1,14.9518384358076,4
"7692",195,8.89357387577184,2,-16.9504802990792,4
"7693",195,8.89357387577184,3,23.1910471614198,4
"7694",195,8.89357387577184,4,-4.60457754682163,4
"7695",195,8.89357387577184,5,-11.7076402193063,4
"7696",196,0,1,7.13011682488548,4
"7697",196,0,2,-19.7141914971061,4
"7698",196,0,3,-12.4444312840014,4
"7699",196,0,4,8.8096120040748,4
"7700",196,0,5,-12.0570398585627,4
"7701",196,0.873482932453044,1,17.7073208823677,4
"7702",196,0.873482932453044,2,-27.6793041238641,4
"7703",196,0.873482932453044,3,-10.4032720205891,4
"7704",196,0.873482932453044,4,15.3659006462239,4
"7705",196,0.873482932453044,5,-2.79518589265462,4
"7706",196,1.18819586618338,1,7.52195069447691,4
"7707",196,1.18819586618338,2,-35.1942186240076,4
"7708",196,1.18819586618338,3,21.2003476660085,4
"7709",196,1.18819586618338,4,11.1766785669204,4
"7710",196,1.18819586618338,5,-23.2642951876902,4
"7711",196,5.56944433867466,1,-6.75709390556456,4
"7712",196,5.56944433867466,2,-24.8154170976812,4
"7713",196,5.56944433867466,3,5.9042864412571,4
"7714",196,5.56944433867466,4,14.4007588757942,4
"7715",196,5.56944433867466,5,-11.6022742047744,4
"7716",197,0,1,47.6615888355041,4
"7717",197,0,2,0.211340172869118,4
"7718",197,0,3,-14.5621418750924,4
"7719",197,0,4,7.78715388224373,4
"7720",197,0,5,-2.58000438273835,4
"7721",197,0.958330193883739,1,30.2457281313223,4
"7722",197,0.958330193883739,2,-13.5223148201403,4
"7723",197,0.958330193883739,3,20.1752293632858,4
"7724",197,0.958330193883739,4,11.8387393217628,4
"7725",197,0.958330193883739,5,15.0875133693212,4
"7726",197,1.26599671831354,1,31.5309267005106,4
"7727",197,1.26599671831354,2,-15.91983670156,4
"7728",197,1.26599671831354,3,-4.21136392337096,4
"7729",197,1.26599671831354,4,1.3949081203258,4
"7730",197,1.26599671831354,5,-8.38788416488537,4
"7731",197,3.10669081378728,1,19.7328128544121,4
"7732",197,3.10669081378728,2,-9.2869924993911,4
"7733",197,3.10669081378728,3,12.0421331899307,4
"7734",197,3.10669081378728,4,5.59915991702038,4
"7735",197,3.10669081378728,5,-1.18814452806794,4
"7736",197,3.60175381507725,1,15.469444995867,4
"7737",197,3.60175381507725,2,-28.6352053013497,4
"7738",197,3.60175381507725,3,-12.2512117855147,4
"7739",197,3.60175381507725,4,16.1282566976536,4
"7740",197,3.60175381507725,5,-11.4306200824701,4
"7741",197,5.77456314873416,1,30.5275152418522,4
"7742",197,5.77456314873416,2,-21.6295315193907,4
"7743",197,5.77456314873416,3,4.63562211551143,4
"7744",197,5.77456314873416,4,35.3820453612591,4
"7745",197,5.77456314873416,5,11.5645866239226,4
"7746",197,6.46692406048533,1,28.2492788419634,4
"7747",197,6.46692406048533,2,-9.98154872122184,4
"7748",197,6.46692406048533,3,-7.75154650668353,4
"7749",197,6.46692406048533,4,8.82610244201973,4
"7750",197,6.46692406048533,5,-12.4316239015959,4
"7751",197,7.06616270903032,1,22.5406186913719,4
"7752",197,7.06616270903032,2,-19.8009650341133,4
"7753",197,7.06616270903032,3,-12.0386564172235,4
"7754",197,7.06616270903032,4,36.1013874697279,4
"7755",197,7.06616270903032,5,-8.02555981848887,4
"7756",197,8.47919951751828,1,16.0790198016266,4
"7757",197,8.47919951751828,2,-16.8494022204572,4
"7758",197,8.47919951751828,3,15.1390891256241,4
"7759",197,8.47919951751828,4,13.3406930628545,4
"7760",197,8.47919951751828,5,-10.8302180129144,4
"7761",198,0,1,15.7051019579149,4
"7762",198,0,2,-24.1790471207288,4
"7763",198,0,3,4.52996453169071,4
"7764",198,0,4,-6.91115973958163,4
"7765",198,0,5,-1.99294565815634,4
"7766",198,1.34418658679351,1,20.1240850000059,4
"7767",198,1.34418658679351,2,-14.2204357977921,4
"7768",198,1.34418658679351,3,9.60150209122259,4
"7769",198,1.34418658679351,4,-4.956954299145,4
"7770",198,1.34418658679351,5,-8.56027450053822,4
"7771",198,2.70605928776786,1,-0.22358691817653,4
"7772",198,2.70605928776786,2,-14.7097774705206,4
"7773",198,2.70605928776786,3,-9.54308619908753,4
"7774",198,2.70605928776786,4,7.0090326822742,4
"7775",198,2.70605928776786,5,-11.8493972280199,4
"7776",198,3.84605338133406,1,12.8849250611357,4
"7777",198,3.84605338133406,2,-18.5432663667729,4
"7778",198,3.84605338133406,3,-1.8002963216221,4
"7779",198,3.84605338133406,4,36.4720482893742,4
"7780",198,3.84605338133406,5,-15.2238906172285,4
"7781",198,9.43977464758791,1,6.3827688190089,4
"7782",198,9.43977464758791,2,-19.5690767107008,4
"7783",198,9.43977464758791,3,-7.78222254022551,4
"7784",198,9.43977464758791,4,-4.34502932778246,4
"7785",198,9.43977464758791,5,-7.4201328824962,4
"7786",198,9.67047692323104,1,21.406902914089,4
"7787",198,9.67047692323104,2,-19.7448432957897,4
"7788",198,9.67047692323104,3,-1.71695933439821,4
"7789",198,9.67047692323104,4,-3.50628435970289,4
"7790",198,9.67047692323104,5,-27.3987287068967,4
"7791",198,9.89610298350453,1,11.1417250398789,4
"7792",198,9.89610298350453,2,-2.54338208768369,4
"7793",198,9.89610298350453,3,11.4099627668229,4
"7794",198,9.89610298350453,4,13.0799590210806,4
"7795",198,9.89610298350453,5,-3.52418224504875,4
"7796",198,10.3588344808668,1,42.9714307509997,4
"7797",198,10.3588344808668,2,-7.35413209062228,4
"7798",198,10.3588344808668,3,13.3448914935708,4
"7799",198,10.3588344808668,4,35.1793145081222,4
"7800",198,10.3588344808668,5,7.73724496544624,4
"7801",199,0,1,27.8354493106725,4
"7802",199,0,2,-11.2218604894061,4
"7803",199,0,3,-15.8910601589659,4
"7804",199,0,4,1.00351730649664,4
"7805",199,0,5,6.13759247138513,4
"7806",199,0.711926365154795,1,20.0508485336042,4
"7807",199,0.711926365154795,2,-11.6964558050266,4
"7808",199,0.711926365154795,3,-1.03260425925795,4
"7809",199,0.711926365154795,4,24.122459656801,4
"7810",199,0.711926365154795,5,4.29246305856217,4
"7811",199,0.996446232195012,1,11.8569823445195,4
"7812",199,0.996446232195012,2,-37.0129680622149,4
"7813",199,0.996446232195012,3,-11.9036566213217,4
"7814",199,0.996446232195012,4,7.19105600361356,4
"7815",199,0.996446232195012,5,12.376735310497,4
"7816",199,1.58956875896547,1,29.5342645700129,4
"7817",199,1.58956875896547,2,-6.90120168594799,4
"7818",199,1.58956875896547,3,-4.90876205705381,4
"7819",199,1.58956875896547,4,8.31802854550216,4
"7820",199,1.58956875896547,5,-13.3507234950895,4
"7821",199,1.71432140190154,1,26.705226489823,4
"7822",199,1.71432140190154,2,-20.1552227005305,4
"7823",199,1.71432140190154,3,-3.99606707861363,4
"7824",199,1.71432140190154,4,8.28200957719116,4
"7825",199,1.71432140190154,5,18.1959243422776,4
"7826",199,2.25093432702124,1,28.8330238383974,4
"7827",199,2.25093432702124,2,-9.87879252875336,4
"7828",199,2.25093432702124,3,-3.60052223153503,4
"7829",199,2.25093432702124,4,7.15468087714828,4
"7830",199,2.25093432702124,5,10.1281344997866,4
"7831",199,5.15757894457784,1,14.573491928482,4
"7832",199,5.15757894457784,2,-6.66763839046461,4
"7833",199,5.15757894457784,3,-9.67984283099336,4
"7834",199,5.15757894457784,4,5.98070435326808,4
"7835",199,5.15757894457784,5,-8.93453355960696,4
"7836",199,5.50719524663873,1,6.77090079116443,4
"7837",199,5.50719524663873,2,0.0401820851339139,4
"7838",199,5.50719524663873,3,11.0545864743171,4
"7839",199,5.50719524663873,4,18.9794018162264,4
"7840",199,5.50719524663873,5,-2.51743443294976,4
"7841",199,5.52748563047498,1,11.6252879536368,4
"7842",199,5.52748563047498,2,2.08561775207845,4
"7843",199,5.52748563047498,3,-16.1255398276382,4
"7844",199,5.52748563047498,4,12.7623063175285,4
"7845",199,5.52748563047498,5,-3.86238782759717,4
"7846",199,6.83102894981857,1,27.994784953025,4
"7847",199,6.83102894981857,2,-1.69111736672554,4
"7848",199,6.83102894981857,3,-3.60382761487581,4
"7849",199,6.83102894981857,4,7.55527222520949,4
"7850",199,6.83102894981857,5,-24.3195907254174,4
"7851",199,9.77947079436854,1,33.4445834426696,4
"7852",199,9.77947079436854,2,9.05459999030017,4
"7853",199,9.77947079436854,3,-4.23026161014161,4
"7854",199,9.77947079436854,4,16.5560105959862,4
"7855",199,9.77947079436854,5,-11.043313016043,4
"7856",200,0,1,47.4998669439547,4
"7857",200,0,2,1.69956106888234,4
"7858",200,0,3,11.3307203797153,4
"7859",200,0,4,8.44575412491755,4
"7860",200,0,5,11.5273582619859,4
"7861",200,0.511794127407484,1,25.620362274983,4
"7862",200,0.511794127407484,2,-21.3525974241543,4
"7863",200,0.511794127407484,3,-11.2700980989391,4
"7864",200,0.511794127407484,4,11.9510246749316,4
"7865",200,0.511794127407484,5,-0.878909729061986,4
"7866",200,2.64576732262503,1,16.0835929936971,4
"7867",200,2.64576732262503,2,-36.1004254147833,4
"7868",200,2.64576732262503,3,6.88731349216302,4
"7869",200,2.64576732262503,4,4.55107288304808,4
"7870",200,2.64576732262503,5,6.17738330224053,4
"7871",200,3.87543853593525,1,7.07676899265992,4
"7872",200,3.87543853593525,2,-19.424912521078,4
"7873",200,3.87543853593525,3,0.863953052550637,4
"7874",200,3.87543853593525,4,13.8065135440553,4
"7875",200,3.87543853593525,5,-15.6884307682111,4
"7876",200,4.35241077467799,1,3.56348667903031,4
"7877",200,4.35241077467799,2,-24.0745664273671,4
"7878",200,4.35241077467799,3,-1.28222798163771,4
"7879",200,4.35241077467799,4,12.2099431121137,4
"7880",200,4.35241077467799,5,-24.6453331499828,4
"7881",200,5.71704720426351,1,11.1876459001572,4
"7882",200,5.71704720426351,2,10.3643808900184,4
"7883",200,5.71704720426351,3,3.80768990349199,4
"7884",200,5.71704720426351,4,29.9518105892357,4
"7885",200,5.71704720426351,5,9.06104446626176,4
"7886",200,7.33351849997416,1,6.11725738205204,4
"7887",200,7.33351849997416,2,-21.2434829996587,4
"7888",200,7.33351849997416,3,3.9228094877062,4
"7889",200,7.33351849997416,4,7.36486781845314,4
"7890",200,7.33351849997416,5,-1.51775481044588,4
"7891",200,7.53106135199778,1,15.2007985164923,4
"7892",200,7.53106135199778,2,-7.61487843596321,4
"7893",200,7.53106135199778,3,-5.73679735008013,4
"7894",200,7.53106135199778,4,19.3852971268388,4
"7895",200,7.53106135199778,5,1.80758908179732,4
"7896",200,8.09067960025277,1,27.3869417830672,4
"7897",200,8.09067960025277,2,-15.6869284629431,4
"7898",200,8.09067960025277,3,-8.95829907410215,4
"7899",200,8.09067960025277,4,11.0103150951435,4
"7900",200,8.09067960025277,5,-12.6774514350182,4
"7901",200,8.68433836696204,1,20.0746613533897,4
"7902",200,8.68433836696204,2,-14.4044479585053,4
"7903",200,8.68433836696204,3,17.2451115269019,4
"7904",200,8.68433836696204,4,11.1377000406242,4
"7905",200,8.68433836696204,5,-0.381822914031805,4
"7906",200,9.40193070680834,1,34.0240242380586,4
"7907",200,9.40193070680834,2,-7.471405116304,4
"7908",200,9.40193070680834,3,6.86941073635394,4
"7909",200,9.40193070680834,4,28.9225498582315,4
"7910",200,9.40193070680834,5,-6.14888830299949,4
"7911",200,9.88942565384787,1,7.29502468282216,4
"7912",200,9.88942565384787,2,-13.1282832254451,4
"7913",200,9.88942565384787,3,-2.13388612558961,4
"7914",200,9.88942565384787,4,10.8270555567957,4
"7915",200,9.88942565384787,5,-24.2110925706733,4
